variant,arm,load,seed,map_rows,map_cols,num_robots,num_stations,robot_density,order_arrival_count,completion_fraction,completed_orders,completed_tasks,avg_task_duration,avg_excess_delay,open_order_count,pending_order_count,stall_ratio_mean,stall_ratio_max,deadlock_ratio_mean,deadlock_ratio_max,congestion_events,severe_events,risk_rate_per_100
map20_r48_s4,combo_s1_j1,low,701,20,20,48,4,0.12,496,0.9737903225806451,483,2083,43.785405664906385,29.87902064330293,13,0,0.010944,0.166667,0.009625,0.1875,53,22,3.5333
map20_r48_s4,combo_s1_j1,low,702,20,20,48,4,0.12,339,0.3392330383480826,115,568,31.56161971830986,18.496478873239436,224,190,0.180736,0.333333,0.793875,0.979167,1402,1386,93.4667
map20_r48_s4,combo_s1_j1,low,703,20,20,48,4,0.12,563,0.8436944937833037,475,2015,42.09727047146402,28.192059553349875,88,54,0.060375,0.229167,0.181958,0.791667,483,443,32.2
map20_r48_s4,combo_s1_j1,low,704,20,20,48,4,0.12,536,0.957089552238806,513,2200,46.82909090909091,32.470454545454544,23,0,0.021,0.1875,0.022389,0.208333,183,131,12.2
map20_r48_s4,combo_s1_j1,low,705,20,20,48,4,0.12,470,0.6829787234042554,321,1415,42.22756183745583,28.796466431095407,149,113,0.132833,0.3125,0.398889,1.0,709,665,47.2667
map20_r48_s4,combo_s1_j1,low,706,20,20,48,4,0.12,521,0.9769673704414588,509,2201,44.73012267151295,31.060881417537484,12,0,0.017889,0.166667,0.024222,0.208333,157,100,10.4667
map20_r48_s4,combo_s1_j1,low,707,20,20,48,4,0.12,338,0.27514792899408286,93,481,30.16839916839917,16.02079002079002,245,209,0.179361,0.229167,0.839847,1.0,1403,1397,93.5333
map20_r48_s4,combo_s1_j1,low,708,20,20,48,4,0.12,356,0.3398876404494382,121,545,29.862385321100916,16.357798165137616,235,195,0.141069,0.1875,0.824972,0.958333,1414,1411,94.2667
map20_r48_s4,combo_s1_j1,low,709,20,20,48,4,0.12,404,0.34405940594059403,139,660,35.24848484848485,20.67878787878788,265,229,0.099111,0.145833,0.783403,0.979167,1383,1383,92.2
map20_r48_s4,combo_s1_j1,low,710,20,20,48,4,0.12,374,0.9625668449197861,360,1699,37.674514420247206,24.218952324897,14,0,0.014264,0.166667,0.011361,0.166667,57,18,3.8
map20_r48_s4,greedy,low,701,20,20,48,4,0.12,496,0.8891129032258065,441,1924,44.07640332640332,30.194386694386694,55,23,0.047569,0.166667,0.240667,0.875,587,559,39.1333
map20_r48_s4,greedy,low,702,20,20,48,4,0.12,339,0.20943952802359883,71,337,27.513353115727003,15.967359050445104,268,234,0.221514,0.270833,0.886806,1.0,1445,1444,96.3333
map20_r48_s4,greedy,low,703,20,20,48,4,0.12,563,0.9360568383658969,527,2343,47.0460947503201,33.11267605633803,36,2,0.022986,0.1875,0.032569,0.270833,275,163,18.3333
map20_r48_s4,greedy,low,704,20,20,48,4,0.12,536,0.9496268656716418,509,2246,48.345057880676755,34.479964381121995,27,2,0.022278,0.166667,0.036819,0.270833,310,233,20.6667
map20_r48_s4,greedy,low,705,20,20,48,4,0.12,470,0.8148936170212766,383,1698,43.59717314487632,29.606595995288576,87,51,0.086903,0.229167,0.329375,0.958333,771,743,51.4
map20_r48_s4,greedy,low,706,20,20,48,4,0.12,521,0.9117082533589251,475,2066,44.142303969022265,30.202323330106488,46,12,0.038611,0.1875,0.14425,0.916667,429,385,28.6
map20_r48_s4,greedy,low,707,20,20,48,4,0.12,338,0.20118343195266272,68,355,28.146478873239438,15.549295774647888,270,234,0.201056,0.229167,0.884458,1.0,1426,1425,95.0667
map20_r48_s4,greedy,low,708,20,20,48,4,0.12,356,0.33707865168539325,120,562,38.3914590747331,24.665480427046262,236,199,0.134125,0.208333,0.793653,1.0,1342,1334,89.4667
map20_r48_s4,greedy,low,709,20,20,48,4,0.12,404,0.6014851485148515,243,1106,42.06509945750452,27.646473779385172,161,131,0.119458,0.208333,0.585653,0.979167,1077,1050,71.8
map20_r48_s4,greedy,low,710,20,20,48,4,0.12,374,0.31283422459893045,117,576,38.78993055555556,26.26388888888889,257,223,0.117056,0.166667,0.767681,1.0,1181,1167,78.7333
map20_r48_s4,hungarian,low,701,20,20,48,4,0.12,496,0.9758064516129032,484,2093,43.82513139034878,29.97993311036789,12,0,0.010819,0.125,0.011889,0.125,51,22,3.4
map20_r48_s4,hungarian,low,702,20,20,48,4,0.12,339,0.967551622418879,328,1535,32.32703583061889,18.932247557003258,11,0,0.006708,0.125,0.003347,0.145833,30,8,2.0
map20_r48_s4,hungarian,low,703,20,20,48,4,0.12,563,0.9431616341030196,531,2302,44.221980886185925,30.42267593397046,32,0,0.015528,0.1875,0.019806,0.1875,152,86,10.1333
map20_r48_s4,hungarian,low,704,20,20,48,4,0.12,536,0.9552238805970149,512,2150,49.888837209302324,35.83441860465116,24,0,0.029208,0.25,0.051014,0.333333,461,358,30.7333
map20_r48_s4,hungarian,low,705,20,20,48,4,0.12,470,0.6340425531914894,298,1328,40.03765060240964,26.740963855421686,172,144,0.103375,0.208333,0.458986,1.0,833,804,55.5333
map20_r48_s4,hungarian,low,706,20,20,48,4,0.12,521,0.8829174664107485,460,1956,43.90746421267894,30.007668711656443,61,23,0.053069,0.229167,0.194125,0.895833,585,536,39.0
map20_r48_s4,hungarian,low,707,20,20,48,4,0.12,338,0.9615384615384616,325,1546,33.48771021992238,19.778137128072444,13,0,0.010931,0.145833,0.009903,0.25,66,57,4.4
map20_r48_s4,hungarian,low,708,20,20,48,4,0.12,356,0.9719101123595506,346,1560,36.2724358974359,22.791666666666668,10,0,0.008347,0.125,0.006139,0.166667,32,22,2.1333
map20_r48_s4,hungarian,low,709,20,20,48,4,0.12,404,0.9653465346534653,390,1839,39.85046220772159,25.750407830342578,14,0,0.010375,0.166667,0.010292,0.166667,84,69,5.6
map20_r48_s4,hungarian,low,710,20,20,48,4,0.12,374,0.9625668449197861,360,1699,36.878752207180696,23.526191877575044,14,0,0.010069,0.125,0.009708,0.166667,80,56,5.3333
map20_r48_s4,jsq,low,701,20,20,48,4,0.12,496,0.9737903225806451,483,2082,44.10422670509126,30.375600384245917,13,0,0.014111,0.145833,0.014139,0.1875,109,68,7.2667
map20_r48_s4,jsq,low,702,20,20,48,4,0.12,339,0.23303834808259588,79,418,28.648325358851675,16.019138755980862,260,227,0.221528,0.270833,0.866528,1.0,1445,1444,96.3333
map20_r48_s4,jsq,low,703,20,20,48,4,0.12,563,0.9431616341030196,531,2302,43.81754995655951,30.27150304083406,32,1,0.016236,0.208333,0.016458,0.166667,100,72,6.6667
map20_r48_s4,jsq,low,704,20,20,48,4,0.12,536,0.9514925373134329,510,2202,46.36239782016349,32.46548592188919,26,1,0.019681,0.1875,0.027944,0.25,214,138,14.2667
map20_r48_s4,jsq,low,705,20,20,48,4,0.12,470,0.851063829787234,400,1708,43.03629976580796,29.17096018735363,70,36,0.119528,0.3125,0.302806,0.895833,740,665,49.3333
map20_r48_s4,jsq,low,706,20,20,48,4,0.12,521,0.7005758157389635,365,1638,41.10378510378511,27.26251526251526,156,120,0.071194,0.25,0.33375,0.916667,656,641,43.7333
map20_r48_s4,jsq,low,707,20,20,48,4,0.12,338,0.9615384615384616,325,1540,33.04675324675325,19.4987012987013,13,0,0.01025,0.166667,0.011264,0.229167,94,80,6.2667
map20_r48_s4,jsq,low,708,20,20,48,4,0.12,356,0.4241573033707865,151,730,36.76027397260274,22.80958904109589,205,169,0.134097,0.208333,0.752625,0.979167,1342,1334,89.4667
map20_r48_s4,jsq,low,709,20,20,48,4,0.12,404,0.6089108910891089,246,1111,41.189018901890186,27.059405940594058,158,126,0.108639,0.1875,0.579514,0.979167,1084,1059,72.2667
map20_r48_s4,jsq,low,710,20,20,48,4,0.12,374,0.31283422459893045,117,576,38.82118055555556,26.26388888888889,257,223,0.117069,0.166667,0.767444,1.0,1177,1167,78.4667
map20_r48_s4,phasec,low,701,20,20,48,4,0.12,496,0.9737903225806451,483,2078,46.17661212704524,32.14388835418672,13,0,0.018556,0.145833,0.023111,0.25,240,158,16.0
map20_r48_s4,phasec,low,702,20,20,48,4,0.12,339,0.2949852507374631,100,469,32.39872068230277,19.47121535181237,239,203,0.123,0.25,0.81975,1.0,1378,1365,91.8667
map20_r48_s4,phasec,low,703,20,20,48,4,0.12,563,0.9396092362344582,529,2283,46.15024091108191,32.05475251861586,34,0,0.015625,0.145833,0.020153,0.208333,131,104,8.7333
map20_r48_s4,phasec,low,704,20,20,48,4,0.12,536,0.871268656716418,467,2000,45.276,31.4495,69,35,0.045861,0.270833,0.146667,0.916667,467,407,31.1333
map20_r48_s4,phasec,low,705,20,20,48,4,0.12,470,0.9680851063829787,455,1978,45.854398382204245,32.07229524772497,15,0,0.036917,0.291667,0.05275,0.4375,351,276,23.4
map20_r48_s4,phasec,low,706,20,20,48,4,0.12,521,0.9769673704414588,509,2171,45.56563795485951,31.67802855826808,12,0,0.021431,0.1875,0.023333,0.208333,173,134,11.5333
map20_r48_s4,phasec,low,707,20,20,48,4,0.12,338,0.1863905325443787,63,293,27.784982935153582,14.52901023890785,275,237,0.2405,0.270833,0.895736,1.0,1429,1426,95.2667
map20_r48_s4,phasec,low,708,20,20,48,4,0.12,356,0.9747191011235955,347,1552,35.50451030927835,21.807989690721648,9,0,0.009583,0.145833,0.008014,0.145833,60,34,4.0
map20_r48_s4,phasec,low,709,20,20,48,4,0.12,404,0.9727722772277227,393,1849,38.14548404542996,24.226068144943213,11,0,0.013444,0.145833,0.008389,0.125,48,27,3.2
map20_r48_s4,phasec,low,710,20,20,48,4,0.12,374,0.9679144385026738,362,1729,38.227299016772704,24.810873337189125,12,0,0.009986,0.166667,0.010819,0.25,89,67,5.9333
map20_r48_s4,combo_s1_j1,mid,701,20,20,48,4,0.12,568,0.41725352112676056,237,1071,42.12511671335201,28.3781512605042,331,298,0.203403,0.354167,0.566528,1.0,925,917,61.6667
map20_r48_s4,combo_s1_j1,mid,702,20,20,48,4,0.12,437,0.2471395881006865,108,457,28.632385120350108,15.676148796498905,329,291,0.196056,0.25,0.841319,1.0,1398,1392,93.2
map20_r48_s4,combo_s1_j1,mid,703,20,20,48,4,0.12,526,0.2832699619771863,149,649,33.79969183359014,19.57473035439137,377,340,0.058319,0.104167,0.781861,1.0,1359,1359,90.6
map20_r48_s4,combo_s1_j1,mid,704,20,20,48,4,0.12,470,0.6553191489361702,308,1353,40.55062823355506,26.596452328159646,162,124,0.132056,0.25,0.474833,0.9375,889,867,59.2667
map20_r48_s4,combo_s1_j1,mid,705,20,20,48,4,0.12,523,0.9694072657743786,507,2194,44.41476754785779,30.667274384685506,16,0,0.017639,0.145833,0.022556,0.229167,187,126,12.4667
map20_r48_s4,combo_s1_j1,mid,706,20,20,48,4,0.12,555,0.972972972972973,540,2286,45.27077865266842,31.281714785651793,15,0,0.014389,0.166667,0.020333,0.25,168,114,11.2
map20_r48_s4,combo_s1_j1,mid,707,20,20,48,4,0.12,495,0.3515151515151515,174,714,36.61764705882353,22.58263305322129,321,282,0.147333,0.208333,0.758139,1.0,1356,1341,90.4
map20_r48_s4,combo_s1_j1,mid,708,20,20,48,4,0.12,502,0.2788844621513944,140,686,40.4868804664723,26.597667638483966,362,331,0.128222,0.208333,0.694,1.0,1165,1155,77.6667
map20_r48_s4,combo_s1_j1,mid,709,20,20,48,4,0.12,547,0.6819012797074955,373,1651,44.5366444579043,30.020593579648697,174,138,0.115611,0.291667,0.388153,0.895833,919,858,61.2667
map20_r48_s4,combo_s1_j1,mid,710,20,20,48,4,0.12,443,0.7313769751693002,324,1398,44.07081545064378,30.238197424892704,119,85,0.086472,0.208333,0.368153,0.979167,798,770,53.2
map20_r48_s4,greedy,mid,701,20,20,48,4,0.12,568,0.9366197183098591,532,2331,50.65594165594165,36.35821535821536,36,5,0.028819,0.166667,0.048958,0.520833,355,245,23.6667
map20_r48_s4,greedy,mid,702,20,20,48,4,0.12,437,0.3684210526315789,161,705,38.707801418439715,24.90921985815603,276,243,0.205333,0.291667,0.735069,1.0,1343,1306,89.5333
map20_r48_s4,greedy,mid,703,20,20,48,4,0.12,526,0.844106463878327,444,2024,46.30978260869565,32.201581027667984,82,51,0.074833,0.25,0.216194,0.916667,659,600,43.9333
map20_r48_s4,greedy,mid,704,20,20,48,4,0.12,470,0.5680851063829787,267,1234,45.71555915721232,31.424635332252837,203,174,0.064792,0.145833,0.503833,1.0,900,860,60.0
map20_r48_s4,greedy,mid,705,20,20,48,4,0.12,523,0.780114722753346,408,1742,45.872560275545354,31.82548794489093,115,78,0.086319,0.25,0.332944,0.958333,857,785,57.1333
map20_r48_s4,greedy,mid,706,20,20,48,4,0.12,555,0.8990990990990991,499,2151,47.11390051139005,32.91492329149233,56,24,0.055903,0.25,0.164792,0.9375,597,557,39.8
map20_r48_s4,greedy,mid,707,20,20,48,4,0.12,495,0.7212121212121212,357,1558,48.20218228498074,33.8992297817715,138,99,0.089306,0.208333,0.403417,1.0,964,896,64.2667
map20_r48_s4,greedy,mid,708,20,20,48,4,0.12,502,0.8426294820717132,423,1873,47.642819006940734,33.13294180459157,79,47,0.064736,0.208333,0.231625,0.958333,706,649,47.0667
map20_r48_s4,greedy,mid,709,20,20,48,4,0.12,547,0.8446069469835467,462,2006,48.35194416749751,33.72183449651047,85,52,0.064667,0.229167,0.214903,0.979167,595,525,39.6667
map20_r48_s4,greedy,mid,710,20,20,48,4,0.12,443,0.4108352144469526,182,848,44.64740566037736,30.17452830188679,261,226,0.158931,0.229167,0.679097,1.0,1178,1142,78.5333
map20_r48_s4,hungarian,mid,701,20,20,48,4,0.12,568,0.6338028169014085,360,1728,45.859375,32.01851851851852,208,185,0.080403,0.208333,0.336778,0.9375,779,741,51.9333
map20_r48_s4,hungarian,mid,702,20,20,48,4,0.12,437,0.9702517162471396,424,1937,38.42540010325245,24.738255033557046,13,0,0.016014,0.166667,0.017361,0.25,116,87,7.7333
map20_r48_s4,hungarian,mid,703,20,20,48,4,0.12,526,0.8460076045627376,445,1952,43.93801229508197,29.878073770491802,81,51,0.076014,0.270833,0.230208,0.895833,544,499,36.2667
map20_r48_s4,hungarian,mid,704,20,20,48,4,0.12,470,0.6468085106382979,304,1367,40.8902706656913,27.42721287490856,166,127,0.097347,0.25,0.471792,1.0,889,851,59.2667
map20_r48_s4,hungarian,mid,705,20,20,48,4,0.12,523,0.9158699808795411,479,2020,46.5470297029703,32.7970297029703,44,5,0.055153,0.25,0.189875,0.770833,702,649,46.8
map20_r48_s4,hungarian,mid,706,20,20,48,4,0.12,555,0.9063063063063063,503,2133,45.283169245194564,31.454289732770746,52,20,0.061069,0.25,0.164472,0.9375,565,506,37.6667
map20_r48_s4,hungarian,mid,707,20,20,48,4,0.12,495,0.3474747474747475,172,700,37.97,24.457142857142856,323,283,0.19625,0.3125,0.762597,1.0,1371,1352,91.4
map20_r48_s4,hungarian,mid,708,20,20,48,4,0.12,502,0.9681274900398407,486,2169,45.630244352236055,31.859843245735362,16,0,0.016778,0.1875,0.027889,0.229167,214,167,14.2667
map20_r48_s4,hungarian,mid,709,20,20,48,4,0.12,547,0.5319926873857403,291,2113,54.132986275437766,40.36251774727875,256,229,0.070847,0.3125,0.177986,0.6875,908,822,60.5333
map20_r48_s4,hungarian,mid,710,20,20,48,4,0.12,443,0.9683972911963883,429,1957,43.36944302503832,29.49463464486459,14,0,0.014431,0.208333,0.018236,0.208333,139,96,9.2667
map20_r48_s4,jsq,mid,701,20,20,48,4,0.12,568,0.9383802816901409,533,2342,48.8467122117848,34.619555935098205,35,5,0.015722,0.125,0.021944,0.25,117,53,7.8
map20_r48_s4,jsq,mid,702,20,20,48,4,0.12,437,0.39359267734553777,172,783,37.784163473818644,23.79948914431673,265,231,0.205264,0.270833,0.717028,1.0,1343,1306,89.5333
map20_r48_s4,jsq,mid,703,20,20,48,4,0.12,526,0.9258555133079848,487,2149,42.936714751047,29.396463471382038,39,4,0.04825,0.208333,0.124847,0.770833,433,414,28.8667
map20_r48_s4,jsq,mid,704,20,20,48,4,0.12,470,0.9659574468085106,454,2104,41.081273764258555,26.98906844106464,16,0,0.011778,0.104167,0.009681,0.208333,63,25,4.2
map20_r48_s4,jsq,mid,705,20,20,48,4,0.12,523,0.9694072657743786,507,2185,45.85354691075515,32.037528604119,16,0,0.020639,0.229167,0.028389,0.229167,233,193,15.5333
map20_r48_s4,jsq,mid,706,20,20,48,4,0.12,555,0.6990990990990991,388,1628,43.25675675675676,29.41031941031941,167,129,0.119,0.291667,0.371431,0.958333,711,684,47.4
map20_r48_s4,jsq,mid,707,20,20,48,4,0.12,495,0.20404040404040405,101,532,33.0187969924812,18.048872180451127,394,360,0.160611,0.208333,0.836681,1.0,1418,1418,94.5333
map20_r48_s4,jsq,mid,708,20,20,48,4,0.12,502,0.3107569721115538,156,878,34.60364464692483,19.930523917995444,346,316,0.105125,0.166667,0.672569,0.979167,1227,1227,81.8
map20_r48_s4,jsq,mid,709,20,20,48,4,0.12,547,0.6581352833638026,360,1583,46.725837018319645,32.253316487681616,187,156,0.063181,0.208333,0.387708,0.9375,830,796,55.3333
map20_r48_s4,jsq,mid,710,20,20,48,4,0.12,443,0.963882618510158,427,1972,41.53904665314402,27.877789046653145,16,1,0.015292,0.166667,0.018486,0.25,142,100,9.4667
map20_r48_s4,phasec,mid,701,20,20,48,4,0.12,568,0.9524647887323944,541,2354,48.133389974511466,33.75148683092608,27,1,0.017792,0.166667,0.020028,0.166667,137,55,9.1333
map20_r48_s4,phasec,mid,702,20,20,48,4,0.12,437,0.32494279176201374,142,606,35.09075907590759,21.462046204620464,295,262,0.201583,0.25,0.772778,1.0,1319,1287,87.9333
map20_r48_s4,phasec,mid,703,20,20,48,4,0.12,526,0.9752851711026616,513,2227,45.676246070947464,31.82801975752133,13,0,0.01425,0.166667,0.020986,0.291667,150,109,10.0
map20_r48_s4,phasec,mid,704,20,20,48,4,0.12,470,0.7021276595744681,330,1450,41.61655172413793,27.46551724137931,140,100,0.093153,0.208333,0.426792,0.979167,835,806,55.6667
map20_r48_s4,phasec,mid,705,20,20,48,4,0.12,523,0.8240917782026769,431,1830,43.98579234972678,30.108743169398906,92,54,0.079806,0.25,0.275889,0.979167,680,626,45.3333
map20_r48_s4,phasec,mid,706,20,20,48,4,0.12,555,0.9711711711711711,539,2263,46.555015466195314,32.54220061864781,16,0,0.021514,0.166667,0.028597,0.1875,204,123,13.6
map20_r48_s4,phasec,mid,707,20,20,48,4,0.12,495,0.37575757575757573,186,742,37.99730458221024,24.12264150943396,309,268,0.227833,0.3125,0.731472,1.0,1315,1283,87.6667
map20_r48_s4,phasec,mid,708,20,20,48,4,0.12,502,0.9681274900398407,486,2141,46.445119103222794,32.72069126576366,16,0,0.018208,0.1875,0.021875,0.1875,175,122,11.6667
map20_r48_s4,phasec,mid,709,20,20,48,4,0.12,547,0.9707495429616088,531,2285,49.052078774617065,34.50853391684902,16,0,0.022278,0.1875,0.026861,0.1875,199,145,13.2667
map20_r48_s4,phasec,mid,710,20,20,48,4,0.12,443,0.1489841986455982,66,323,40.086687306501545,27.111455108359134,377,337,0.132514,0.166667,0.866375,1.0,1364,1362,90.9333
map20_r48_s4,combo_s1_j1,high,701,20,20,48,4,0.12,564,0.9627659574468085,543,2349,46.92422307364836,32.85100042571307,21,0,0.018083,0.1875,0.021639,0.145833,187,99,12.4667
map20_r48_s4,combo_s1_j1,high,702,20,20,48,4,0.12,549,0.16757741347905283,92,446,30.03587443946188,16.159192825112108,457,421,0.250972,0.3125,0.859,1.0,1439,1436,95.9333
map20_r48_s4,combo_s1_j1,high,703,20,20,48,4,0.12,578,0.9463667820069204,547,2320,49.78534482758621,35.21939655172414,31,0,0.031167,0.229167,0.051778,0.333333,437,335,29.1333
map20_r48_s4,combo_s1_j1,high,704,20,20,48,4,0.12,597,0.916247906197655,547,2243,53.09629959875167,38.545697726259476,50,14,0.038653,0.25,0.071681,0.354167,615,514,41.0
map20_r48_s4,combo_s1_j1,high,705,20,20,48,4,0.12,598,0.7090301003344481,424,1769,46.49406444318824,32.19615602035048,174,141,0.098028,0.25,0.322042,0.895833,829,782,55.2667
map20_r48_s4,combo_s1_j1,high,706,20,20,48,4,0.12,566,0.9593639575971732,543,2359,46.29673590504451,32.48919033488767,23,0,0.020583,0.166667,0.029653,0.229167,229,162,15.2667
map20_r48_s4,combo_s1_j1,high,707,20,20,48,4,0.12,523,0.23709369024856597,124,601,32.7287853577371,18.836938435940098,399,361,0.150944,0.208333,0.793125,1.0,1343,1335,89.5333
map20_r48_s4,combo_s1_j1,high,708,20,20,48,4,0.12,550,0.6145454545454545,338,1568,42.21237244897959,28.258928571428573,212,179,0.099667,0.229167,0.386681,0.958333,820,791,54.6667
map20_r48_s4,combo_s1_j1,high,709,20,20,48,4,0.12,540,0.9574074074074074,517,2218,44.798467087466186,30.92741208295762,23,1,0.013292,0.145833,0.017764,0.208333,130,70,8.6667
map20_r48_s4,combo_s1_j1,high,710,20,20,48,4,0.12,542,0.34686346863468637,188,856,43.60280373831776,28.81658878504673,354,321,0.160722,0.291667,0.669875,1.0,1153,1143,76.8667
map20_r48_s4,greedy,high,701,20,20,48,4,0.12,564,0.8138297872340425,459,2029,47.55741744701824,32.78807294233613,105,76,0.062736,0.208333,0.228264,0.875,683,625,45.5333
map20_r48_s4,greedy,high,702,20,20,48,4,0.12,549,0.35154826958105645,193,802,43.36658354114713,29.17082294264339,356,323,0.169194,0.25,0.701417,1.0,1257,1224,83.8
map20_r48_s4,greedy,high,703,20,20,48,4,0.12,578,0.8304498269896193,480,2106,48.73884140550807,34.26638176638177,98,62,0.065639,0.291667,0.173097,0.979167,593,545,39.5333
map20_r48_s4,greedy,high,704,20,20,48,4,0.12,597,0.9279731993299832,554,2368,51.24028716216216,36.7808277027027,43,12,0.029556,0.166667,0.044375,0.229167,387,265,25.8
map20_r48_s4,greedy,high,705,20,20,48,4,0.12,598,0.9264214046822743,554,2336,52.396832191780824,37.8638698630137,44,6,0.028639,0.229167,0.044972,0.229167,405,295,27.0
map20_r48_s4,greedy,high,706,20,20,48,4,0.12,566,0.6925795053003534,392,1825,47.231232876712326,32.877808219178085,174,146,0.076375,0.270833,0.313444,0.958333,719,694,47.9333
map20_r48_s4,greedy,high,707,20,20,48,4,0.12,523,0.1739961759082218,91,478,32.96652719665272,19.165271966527197,432,394,0.209361,0.270833,0.825917,1.0,1371,1355,91.4
map20_r48_s4,greedy,high,708,20,20,48,4,0.12,550,0.86,473,2127,50.21814762576399,35.661965209214856,77,40,0.072861,0.270833,0.156306,0.708333,731,640,48.7333
map20_r48_s4,greedy,high,709,20,20,48,4,0.12,540,0.5740740740740741,310,1427,43.18710581639804,29.00070077084793,230,194,0.089681,0.208333,0.459944,0.979167,968,914,64.5333
map20_r48_s4,greedy,high,710,20,20,48,4,0.12,542,0.34870848708487084,189,845,45.602366863905324,31.130177514792898,353,320,0.114375,0.270833,0.671889,1.0,1149,1132,76.6
map20_r48_s4,hungarian,high,701,20,20,48,4,0.12,564,0.8475177304964538,478,2098,43.688274547187795,29.603431839847474,86,58,0.033833,0.125,0.215472,0.895833,569,543,37.9333
map20_r48_s4,hungarian,high,702,20,20,48,4,0.12,549,0.46994535519125685,258,1132,42.73144876325088,29.23409893992933,291,262,0.132167,0.229167,0.583708,1.0,1124,1085,74.9333
map20_r48_s4,hungarian,high,703,20,20,48,4,0.12,578,0.7577854671280276,438,2150,49.708837209302324,35.653953488372096,140,124,0.063056,0.270833,0.166,0.854167,683,570,45.5333
map20_r48_s4,hungarian,high,704,20,20,48,4,0.12,597,0.4137353433835846,247,1255,40.72191235059761,26.818326693227093,350,325,0.188014,0.3125,0.556153,1.0,1059,1043,70.6
map20_r48_s4,hungarian,high,705,20,20,48,4,0.12,598,0.5083612040133779,304,1312,44.489329268292686,30.71875,294,266,0.114917,0.208333,0.502861,1.0,989,910,65.9333
map20_r48_s4,hungarian,high,706,20,20,48,4,0.12,566,0.9081272084805654,514,2202,47.444595821980016,33.61171662125341,52,13,0.039069,0.166667,0.122292,0.770833,545,497,36.3333
map20_r48_s4,hungarian,high,707,20,20,48,4,0.12,523,0.49521988527724664,259,1349,52.34766493699036,38.58858413639733,264,251,0.162625,0.291667,0.509375,1.0,1303,1267,86.8667
map20_r48_s4,hungarian,high,708,20,20,48,4,0.12,550,0.1618181818181818,89,464,35.769396551724135,22.829741379310345,461,424,0.194069,0.270833,0.836736,1.0,1409,1406,93.9333
map20_r48_s4,hungarian,high,709,20,20,48,4,0.12,540,0.3388888888888889,183,831,37.730445246690735,24.223826714801444,357,324,0.075264,0.229167,0.704431,1.0,1272,1257,84.8
map20_r48_s4,hungarian,high,710,20,20,48,4,0.12,542,0.5940959409594095,322,1288,45.77717391304348,31.8555900621118,220,179,0.103931,0.25,0.485569,0.979167,1035,994,69.0
map20_r48_s4,jsq,high,701,20,20,48,4,0.12,564,0.9556737588652482,539,2348,46.1320272572402,32.13373083475298,25,0,0.020958,0.145833,0.028958,0.291667,214,111,14.2667
map20_r48_s4,jsq,high,702,20,20,48,4,0.12,549,0.23861566484517305,131,590,35.53559322033898,21.259322033898304,418,378,0.234833,0.270833,0.796278,1.0,1353,1340,90.2
map20_r48_s4,jsq,high,703,20,20,48,4,0.12,578,0.9048442906574394,523,2236,48.391771019677996,34.06171735241503,55,24,0.044806,0.229167,0.110472,0.708333,484,421,32.2667
map20_r48_s4,jsq,high,704,20,20,48,4,0.12,597,0.9346733668341709,558,2337,49.6525459991442,35.718014548566536,39,6,0.025028,0.166667,0.044208,0.229167,459,306,30.6
map20_r48_s4,jsq,high,705,20,20,48,4,0.12,598,0.6889632107023411,412,1748,44.410755148741416,30.312929061784896,186,155,0.056986,0.145833,0.338431,0.916667,765,693,51.0
map20_r48_s4,jsq,high,706,20,20,48,4,0.12,566,0.9540636042402827,540,2346,46.72165387894288,33.072463768115945,26,1,0.025764,0.208333,0.040639,0.291667,343,250,22.8667
map20_r48_s4,jsq,high,707,20,20,48,4,0.12,523,0.5965583173996176,312,1486,46.4414535666218,31.989232839838493,211,182,0.064069,0.270833,0.425875,0.979167,1011,951,67.4
map20_r48_s4,jsq,high,708,20,20,48,4,0.12,550,0.40545454545454546,223,1192,40.776006711409394,26.463926174496645,327,295,0.085486,0.1875,0.564264,0.958333,1177,1159,78.4667
map20_r48_s4,jsq,high,709,20,20,48,4,0.12,540,0.9611111111111111,519,2214,45.15176151761518,31.33785004516712,21,0,0.025028,0.270833,0.034542,0.270833,315,233,21.0
map20_r48_s4,jsq,high,710,20,20,48,4,0.12,542,0.45202952029520294,245,1068,45.688202247191015,31.279962546816478,297,260,0.1135,0.208333,0.575736,0.979167,1062,1022,70.8
map20_r48_s4,phasec,high,701,20,20,48,4,0.12,564,0.9556737588652482,539,2339,47.26720820863617,33.16631038905515,25,1,0.01625,0.125,0.020875,0.166667,173,63,11.5333
map20_r48_s4,phasec,high,702,20,20,48,4,0.12,549,0.16029143897996356,88,395,30.149367088607594,16.944303797468354,461,424,0.139556,0.166667,0.867194,1.0,1404,1404,93.6
map20_r48_s4,phasec,high,703,20,20,48,4,0.12,578,0.4532871972318339,262,1123,42.58771148708816,28.221727515583257,316,274,0.062681,0.145833,0.578097,1.0,1106,1077,73.7333
map20_r48_s4,phasec,high,704,20,20,48,4,0.12,597,0.8693467336683417,519,2146,50.74464119291706,36.3690587138863,78,41,0.050764,0.25,0.118417,0.75,529,459,35.2667
map20_r48_s4,phasec,high,705,20,20,48,4,0.12,598,0.9280936454849499,555,2342,48.51067463706234,34.28736122971819,43,3,0.025569,0.1875,0.032792,0.25,244,162,16.2667
map20_r48_s4,phasec,high,706,20,20,48,4,0.12,566,0.9540636042402827,540,2345,46.39957356076759,32.417057569296375,26,0,0.019611,0.125,0.026528,0.25,228,154,15.2
map20_r48_s4,phasec,high,707,20,20,48,4,0.12,523,0.19694072657743786,103,468,32.75854700854701,18.794871794871796,420,378,0.171319,0.229167,0.828444,1.0,1363,1360,90.8667
map20_r48_s4,phasec,high,708,20,20,48,4,0.12,550,0.9490909090909091,522,2315,47.82937365010799,33.90626349892008,28,2,0.025028,0.1875,0.031931,0.208333,263,178,17.5333
map20_r48_s4,phasec,high,709,20,20,48,4,0.12,540,0.7148148148148148,386,1605,46.47040498442367,32.006230529595015,154,117,0.122944,0.291667,0.374583,0.9375,984,940,65.6
map20_r48_s4,phasec,high,710,20,20,48,4,0.12,542,0.5092250922509225,276,1180,46.25,32.097457627118644,266,231,0.061111,0.208333,0.533722,1.0,1072,1034,71.4667
map20_r60_s4,combo_s1_j1,low,701,20,20,60,4,0.15,496,0.6834677419354839,339,1384,39.67341040462428,26.22471098265896,157,113,0.065711,0.15,0.461522,0.966667,900,897,60.0
map20_r60_s4,combo_s1_j1,low,702,20,20,60,4,0.15,339,0.3303834808259587,112,469,28.633262260127932,15.93816631130064,227,177,0.113422,0.166667,0.828122,1.0,1435,1432,95.6667
map20_r60_s4,combo_s1_j1,low,703,20,20,60,4,0.15,563,0.9182948490230906,517,2156,39.95547309833024,26.416512059369204,46,7,0.1224,0.3,0.118889,0.3,964,953,64.2667
map20_r60_s4,combo_s1_j1,low,704,20,20,60,4,0.15,536,0.957089552238806,513,2194,44.561987237921606,30.857338195077485,23,0,0.027956,0.15,0.025667,0.15,177,104,11.8
map20_r60_s4,combo_s1_j1,low,705,20,20,60,4,0.15,470,0.9680851063829787,455,1955,45.87979539641944,32.36675191815857,15,0,0.030333,0.166667,0.047011,0.266667,308,258,20.5333
map20_r60_s4,combo_s1_j1,low,706,20,20,60,4,0.15,521,0.980806142034549,511,2180,42.96880733944954,29.83440366972477,10,0,0.013211,0.166667,0.015322,0.133333,106,51,7.0667
map20_r60_s4,combo_s1_j1,low,707,20,20,60,4,0.15,338,0.9674556213017751,327,1600,34.099375,20.3725,11,0,0.006956,0.1,0.006656,0.183333,53,40,3.5333
map20_r60_s4,combo_s1_j1,low,708,20,20,60,4,0.15,356,0.9775280898876404,348,1525,36.34754098360656,22.794098360655738,8,0,0.007944,0.15,0.006189,0.116667,15,13,1.0
map20_r60_s4,combo_s1_j1,low,709,20,20,60,4,0.15,404,0.9752475247524752,394,1813,37.536127964699396,23.667953667953668,10,0,0.009367,0.133333,0.007711,0.116667,9,8,0.6
map20_r60_s4,combo_s1_j1,low,710,20,20,60,4,0.15,374,0.9652406417112299,361,1711,37.488603156049095,23.87551139684395,13,0,0.008156,0.133333,0.004356,0.116667,7,4,0.4667
map20_r60_s4,greedy,low,701,20,20,60,4,0.15,496,0.6471774193548387,321,1301,38.85780169100692,25.249807840122983,175,128,0.117089,0.2,0.492878,0.983333,913,912,60.8667
map20_r60_s4,greedy,low,702,20,20,60,4,0.15,339,0.45722713864306785,155,675,32.531851851851854,19.38074074074074,184,139,0.135289,0.183333,0.721667,1.0,1314,1300,87.6
map20_r60_s4,greedy,low,703,20,20,60,4,0.15,563,0.9413854351687388,530,2255,44.32638580931264,30.919290465631928,33,0,0.015167,0.15,0.0259,0.25,166,143,11.0667
map20_r60_s4,greedy,low,704,20,20,60,4,0.15,536,0.9552238805970149,512,2228,44.98967684021544,31.405296229802513,24,0,0.019544,0.2,0.021211,0.2,138,100,9.2
map20_r60_s4,greedy,low,705,20,20,60,4,0.15,470,0.7021276595744681,330,1390,39.325179856115106,25.9568345323741,140,92,0.084433,0.183333,0.441322,1.0,789,779,52.6
map20_r60_s4,greedy,low,706,20,20,60,4,0.15,521,0.9750479846449136,508,2172,44.66390423572744,31.379834254143645,13,0,0.012744,0.116667,0.017844,0.2,129,82,8.6
map20_r60_s4,greedy,low,707,20,20,60,4,0.15,338,0.4881656804733728,165,712,35.287921348314605,22.5561797752809,173,129,0.114222,0.2,0.720311,1.0,1371,1365,91.4
map20_r60_s4,greedy,low,708,20,20,60,4,0.15,356,0.38764044943820225,138,631,52.8256735340729,39.82725832012678,218,164,0.266956,0.416667,0.777322,1.0,1455,1455,97.0
map20_r60_s4,greedy,low,709,20,20,60,4,0.15,404,0.7178217821782178,290,1267,39.163378058405684,25.860299921073402,114,68,0.091467,0.15,0.467811,0.983333,1013,994,67.5333
map20_r60_s4,greedy,low,710,20,20,60,4,0.15,374,0.7352941176470589,275,1151,42.927019982623804,29.90616854908775,99,51,0.102056,0.183333,0.499633,0.966667,1169,1169,77.9333
map20_r60_s4,hungarian,low,701,20,20,60,4,0.15,496,0.9758064516129032,484,2086,44.943911792905084,31.4424736337488,12,0,0.023333,0.15,0.016867,0.166667,106,84,7.0667
map20_r60_s4,hungarian,low,702,20,20,60,4,0.15,339,0.4306784660766962,146,610,42.21311475409836,29.22622950819672,193,146,0.161056,0.2,0.768089,1.0,1424,1422,94.9333
map20_r60_s4,hungarian,low,703,20,20,60,4,0.15,563,0.9431616341030196,531,2243,43.30093624609898,30.061970575122604,32,0,0.013789,0.183333,0.016344,0.183333,99,79,6.6
map20_r60_s4,hungarian,low,704,20,20,60,4,0.15,536,0.498134328358209,267,1072,39.61380597014925,25.92350746268657,269,221,0.077078,0.15,0.581478,1.0,1116,1085,74.4
map20_r60_s4,hungarian,low,705,20,20,60,4,0.15,470,0.6872340425531915,323,1391,40.612508986340764,27.16391085549964,147,96,0.078156,0.183333,0.418844,1.0,725,719,48.3333
map20_r60_s4,hungarian,low,706,20,20,60,4,0.15,521,0.8406909788867563,438,1804,41.3780487804878,28.27937915742794,83,38,0.043856,0.15,0.287111,0.9,685,675,45.6667
map20_r60_s4,hungarian,low,707,20,20,60,4,0.15,338,0.9674556213017751,327,1539,49.97530864197531,36.31319038336582,11,0,0.0376,0.2,0.120078,0.683333,516,512,34.4
map20_r60_s4,hungarian,low,708,20,20,60,4,0.15,356,0.9747191011235955,347,1478,43.682679296346414,30.45805142083897,9,0,0.0444,0.383333,0.059133,0.516667,346,337,23.0667
map20_r60_s4,hungarian,low,709,20,20,60,4,0.15,404,0.9727722772277227,393,1820,38.12417582417582,24.372527472527473,11,0,0.010511,0.166667,0.005144,0.133333,26,23,1.7333
map20_r60_s4,hungarian,low,710,20,20,60,4,0.15,374,0.6310160427807486,236,1000,39.051,25.725,138,89,0.094022,0.166667,0.559178,0.983333,1127,1124,75.1333
map20_r60_s4,jsq,low,701,20,20,60,4,0.15,496,0.657258064516129,326,1329,38.621519939804365,24.987208427389014,170,126,0.1171,0.2,0.488033,0.966667,913,912,60.8667
map20_r60_s4,jsq,low,702,20,20,60,4,0.15,339,0.49852507374631266,169,720,32.18472222222222,19.02777777777778,170,125,0.1353,0.183333,0.714322,1.0,1314,1300,87.6
map20_r60_s4,jsq,low,703,20,20,60,4,0.15,563,0.9413854351687388,530,2255,44.32638580931264,30.919290465631928,33,0,0.015167,0.15,0.0259,0.25,166,143,11.0667
map20_r60_s4,jsq,low,704,20,20,60,4,0.15,536,0.9552238805970149,512,2228,44.98967684021544,31.405296229802513,24,0,0.019544,0.2,0.021211,0.2,138,100,9.2
map20_r60_s4,jsq,low,705,20,20,60,4,0.15,470,0.8872340425531915,417,1774,42.182638105975194,28.74859075535513,53,11,0.077,0.233333,0.209933,0.8,648,630,43.2
map20_r60_s4,jsq,low,706,20,20,60,4,0.15,521,0.980806142034549,511,2186,43.49451052150046,30.2964318389753,10,0,0.012122,0.1,0.016533,0.183333,129,77,8.6
map20_r60_s4,jsq,low,707,20,20,60,4,0.15,338,0.5088757396449705,172,749,34.87850467289719,22.130841121495326,166,123,0.114211,0.2,0.714233,0.983333,1371,1365,91.4
map20_r60_s4,jsq,low,708,20,20,60,4,0.15,356,0.43258426966292135,154,664,52.700301204819276,39.20933734939759,202,152,0.267078,0.416667,0.768844,0.966667,1455,1455,97.0
map20_r60_s4,jsq,low,709,20,20,60,4,0.15,404,0.9678217821782178,391,1820,37.489010989010985,23.905494505494506,13,0,0.008244,0.116667,0.006633,0.1,53,22,3.5333
map20_r60_s4,jsq,low,710,20,20,60,4,0.15,374,0.7379679144385026,276,1154,42.922010398613516,29.883882149046794,98,50,0.102056,0.183333,0.499078,0.95,1169,1169,77.9333
map20_r60_s4,phasec,low,701,20,20,60,4,0.15,496,0.9758064516129032,484,2065,44.28958837772397,30.728329297820824,12,0,0.013467,0.133333,0.015867,0.2,71,56,4.7333
map20_r60_s4,phasec,low,702,20,20,60,4,0.15,339,0.34513274336283184,117,484,28.90289256198347,15.822314049586776,222,173,0.112356,0.166667,0.823067,1.0,1435,1432,95.6667
map20_r60_s4,phasec,low,703,20,20,60,4,0.15,563,0.4955595026642984,279,1130,36.80796460176991,23.784070796460178,284,236,0.133211,0.2,0.573856,1.0,1066,1061,71.0667
map20_r60_s4,phasec,low,704,20,20,60,4,0.15,536,0.6529850746268657,350,1438,37.62726008344924,24.101529902642557,186,133,0.045978,0.133333,0.430789,1.0,894,891,59.6
map20_r60_s4,phasec,low,705,20,20,60,4,0.15,470,0.8446808510638298,397,1667,40.44571085782844,27.42351529694061,73,26,0.132778,0.3,0.324678,0.933333,820,724,54.6667
map20_r60_s4,phasec,low,706,20,20,60,4,0.15,521,0.6890595009596929,359,1462,40.31668946648427,27.027359781121753,162,113,0.062067,0.15,0.411356,0.983333,863,835,57.5333
map20_r60_s4,phasec,low,707,20,20,60,4,0.15,338,0.9674556213017751,327,1562,34.84250960307298,21.11651728553137,11,0,0.009078,0.083333,0.010011,0.183333,69,54,4.6
map20_r60_s4,phasec,low,708,20,20,60,4,0.15,356,0.9662921348314607,344,1544,36.0809585492228,22.640544041450777,12,0,0.016067,0.15,0.010367,0.133333,25,14,1.6667
map20_r60_s4,phasec,low,709,20,20,60,4,0.15,404,0.9678217821782178,391,1820,37.00604395604395,23.375824175824174,13,0,0.024467,0.133333,0.021111,0.1,15,9,1.0
map20_r60_s4,phasec,low,710,20,20,60,4,0.15,374,0.9598930481283422,359,1694,37.71900826446281,24.32172373081464,15,0,0.032778,0.133333,0.030922,0.15,104,50,6.9333
map20_r60_s4,combo_s1_j1,mid,701,20,20,60,4,0.15,568,0.9471830985915493,538,2311,47.286023366508005,33.97663349199481,30,2,0.022567,0.133333,0.033033,0.25,210,189,14.0
map20_r60_s4,combo_s1_j1,mid,702,20,20,60,4,0.15,437,0.34324942791762014,150,605,33.65289256198347,20.824793388429754,287,239,0.207222,0.266667,0.758167,1.0,1372,1345,91.4667
map20_r60_s4,combo_s1_j1,mid,703,20,20,60,4,0.15,526,0.3688212927756654,194,839,38.94755661501788,26.38021454112038,332,283,0.135322,0.2,0.664567,1.0,1102,1088,73.4667
map20_r60_s4,combo_s1_j1,mid,704,20,20,60,4,0.15,470,0.9446808510638298,444,2032,39.69586614173228,26.049704724409448,26,0,0.0647,0.25,0.063144,0.2,583,459,38.8667
map20_r60_s4,combo_s1_j1,mid,705,20,20,60,4,0.15,523,0.5831739961759083,305,1230,40.86829268292683,27.73089430894309,218,161,0.1443,0.216667,0.537889,0.966667,1145,1117,76.3333
map20_r60_s4,combo_s1_j1,mid,706,20,20,60,4,0.15,555,0.6756756756756757,375,1487,40.205110961667785,27.037659717552117,180,129,0.059033,0.133333,0.447322,0.95,907,901,60.4667
map20_r60_s4,combo_s1_j1,mid,707,20,20,60,4,0.15,495,0.2868686868686869,142,565,28.33274336283186,15.529203539823008,353,304,0.160111,0.2,0.821444,0.983333,1420,1416,94.6667
map20_r60_s4,combo_s1_j1,mid,708,20,20,60,4,0.15,502,0.9621513944223108,483,2135,45.10585480093677,31.74566744730679,19,0,0.019144,0.15,0.0233,0.15,136,84,9.0667
map20_r60_s4,combo_s1_j1,mid,709,20,20,60,4,0.15,547,0.8683729433272395,475,1995,43.683208020050124,30.2265664160401,72,25,0.043789,0.15,0.206356,0.866667,623,584,41.5333
map20_r60_s4,combo_s1_j1,mid,710,20,20,60,4,0.15,443,0.9661399548532731,428,1895,43.82585751978892,30.317150395778363,15,0,0.021756,0.2,0.025156,0.266667,179,147,11.9333
map20_r60_s4,greedy,mid,701,20,20,60,4,0.15,568,0.9612676056338029,546,2330,46.86781115879828,33.37038626609442,22,1,0.027511,0.166667,0.023422,0.183333,132,102,8.8
map20_r60_s4,greedy,mid,702,20,20,60,4,0.15,437,0.35469107551487417,155,640,35.4953125,22.625,282,238,0.162167,0.233333,0.740167,1.0,1297,1276,86.4667
map20_r60_s4,greedy,mid,703,20,20,60,4,0.15,526,0.8821292775665399,464,1939,41.56833419288293,28.481175863847344,62,17,0.062789,0.216667,0.220311,0.883333,527,511,35.1333
map20_r60_s4,greedy,mid,704,20,20,60,4,0.15,470,0.9638297872340426,453,2035,40.42014742014742,26.82014742014742,17,0,0.014333,0.15,0.0187,0.35,142,115,9.4667
map20_r60_s4,greedy,mid,705,20,20,60,4,0.15,523,0.7208413001912046,377,1529,40.243950294310004,26.743623283191628,146,95,0.053322,0.15,0.421111,0.966667,845,812,56.3333
map20_r60_s4,greedy,mid,706,20,20,60,4,0.15,555,0.9711711711711711,539,2298,44.40687554395126,31.030026109660575,16,0,0.012978,0.116667,0.0209,0.2,150,107,10.0
map20_r60_s4,greedy,mid,707,20,20,60,4,0.15,495,0.35353535353535354,175,698,33.49856733524355,20.808022922636102,320,269,0.141256,0.166667,0.759422,1.0,1409,1397,93.9333
map20_r60_s4,greedy,mid,708,20,20,60,4,0.15,502,0.26095617529880477,131,524,43.347328244274806,30.86832061068702,371,318,0.175256,0.25,0.792222,1.0,1439,1438,95.9333
map20_r60_s4,greedy,mid,709,20,20,60,4,0.15,547,0.44424131627056673,243,960,36.635416666666664,22.646875,304,253,0.075611,0.166667,0.681056,1.0,1272,1267,84.8
map20_r60_s4,greedy,mid,710,20,20,60,4,0.15,443,0.9683972911963883,429,1940,41.59226804123711,27.97061855670103,14,0,0.008389,0.15,0.013978,0.266667,95,85,6.3333
map20_r60_s4,hungarian,mid,701,20,20,60,4,0.15,568,0.954225352112676,542,2339,47.20265070542967,33.808037622915776,26,0,0.015422,0.15,0.025478,0.183333,146,83,9.7333
map20_r60_s4,hungarian,mid,702,20,20,60,4,0.15,437,0.2768878718535469,121,487,28.303901437371664,16.388090349075977,316,264,0.125322,0.166667,0.811356,1.0,1382,1382,92.1333
map20_r60_s4,hungarian,mid,703,20,20,60,4,0.15,526,0.8745247148288974,460,1909,42.42430591932949,29.50130958617077,66,18,0.045244,0.15,0.2507,0.833333,664,641,44.2667
map20_r60_s4,hungarian,mid,704,20,20,60,4,0.15,470,0.9638297872340426,453,2018,40.341427155599604,26.70416253716551,17,0,0.012478,0.15,0.013978,0.2,100,77,6.6667
map20_r60_s4,hungarian,mid,705,20,20,60,4,0.15,523,0.9694072657743786,507,2171,45.8300322432059,32.23399355135882,16,0,0.018222,0.116667,0.026822,0.216667,242,131,16.1333
map20_r60_s4,hungarian,mid,706,20,20,60,4,0.15,555,0.8702702702702703,483,1919,42.69254820218864,29.29755080771235,72,19,0.062589,0.2,0.283389,0.883333,690,678,46.0
map20_r60_s4,hungarian,mid,707,20,20,60,4,0.15,495,0.24444444444444444,121,481,27.295218295218294,15.613305613305613,374,321,0.192089,0.233333,0.855433,1.0,1429,1429,95.2667
map20_r60_s4,hungarian,mid,708,20,20,60,4,0.15,502,0.4262948207171315,214,856,43.46378504672897,30.914719626168225,288,240,0.099311,0.233333,0.671844,1.0,1322,1297,88.1333
map20_r60_s4,hungarian,mid,709,20,20,60,4,0.15,547,0.8519195612431444,466,1921,45.444039562727745,32.134825611660595,81,32,0.065733,0.216667,0.237467,0.933333,648,594,43.2
map20_r60_s4,hungarian,mid,710,20,20,60,4,0.15,443,0.6297968397291196,279,1127,41.423247559893525,27.93256433007986,164,111,0.085544,0.216667,0.544833,0.966667,1196,1178,79.7333
map20_r60_s4,jsq,mid,701,20,20,60,4,0.15,568,0.9577464788732394,544,2332,46.86106346483705,33.38421955403088,24,1,0.027311,0.166667,0.023533,0.183333,140,109,9.3333
map20_r60_s4,jsq,mid,702,20,20,60,4,0.15,437,0.38672768878718533,169,691,35.59189580318379,22.40520984081042,268,225,0.162189,0.233333,0.729289,0.983333,1297,1276,86.4667
map20_r60_s4,jsq,mid,703,20,20,60,4,0.15,526,0.9752851711026616,513,2173,44.16428900138058,30.896916705016107,13,0,0.016122,0.15,0.019833,0.233333,170,104,11.3333
map20_r60_s4,jsq,mid,704,20,20,60,4,0.15,470,0.9638297872340426,453,2035,40.42014742014742,26.82014742014742,17,0,0.014333,0.15,0.0187,0.35,142,115,9.4667
map20_r60_s4,jsq,mid,705,20,20,60,4,0.15,523,0.7074569789674953,370,1590,45.12012578616352,31.849685534591195,153,105,0.0912,0.233333,0.340989,1.0,703,666,46.8667
map20_r60_s4,jsq,mid,706,20,20,60,4,0.15,555,0.9711711711711711,539,2298,44.40687554395126,31.030026109660575,16,0,0.012978,0.116667,0.0209,0.2,150,107,10.0
map20_r60_s4,jsq,mid,707,20,20,60,4,0.15,495,0.3656565656565657,181,725,33.358620689655176,20.57793103448276,314,263,0.141267,0.166667,0.754089,1.0,1409,1397,93.9333
map20_r60_s4,jsq,mid,708,20,20,60,4,0.15,502,0.29880478087649404,150,593,41.86677908937605,29.02866779089376,352,298,0.175322,0.25,0.778356,1.0,1439,1438,95.9333
map20_r60_s4,jsq,mid,709,20,20,60,4,0.15,547,0.9122486288848263,499,2168,45.22370848708487,32.047970479704794,48,8,0.043322,0.2,0.109311,0.666667,468,404,31.2
map20_r60_s4,jsq,mid,710,20,20,60,4,0.15,443,0.9683972911963883,429,1940,41.59226804123711,27.97061855670103,14,0,0.008389,0.15,0.013978,0.266667,95,85,6.3333
map20_r60_s4,phasec,mid,701,20,20,60,4,0.15,568,0.948943661971831,539,2318,48.211389128559105,34.71613459879206,29,1,0.018867,0.183333,0.024189,0.2,107,71,7.1333
map20_r60_s4,phasec,mid,702,20,20,60,4,0.15,437,0.2654462242562929,116,472,29.00423728813559,16.38135593220339,321,271,0.160589,0.216667,0.8093,1.0,1399,1399,93.2667
map20_r60_s4,phasec,mid,703,20,20,60,4,0.15,526,0.564638783269962,297,1187,36.83993260320135,23.786857624262847,229,174,0.099689,0.166667,0.554889,0.983333,1080,1071,72.0
map20_r60_s4,phasec,mid,704,20,20,60,4,0.15,470,0.7489361702127659,352,1502,37.75965379494008,24.457390146471372,118,72,0.113711,0.25,0.371389,0.933333,845,822,56.3333
map20_r60_s4,phasec,mid,705,20,20,60,4,0.15,523,0.8068833652007649,422,1719,42.646887725421756,29.356602675974404,101,55,0.049244,0.183333,0.335956,0.95,830,769,55.3333
map20_r60_s4,phasec,mid,706,20,20,60,4,0.15,555,0.8846846846846846,491,1970,42.081725888324875,29.041624365482235,64,15,0.055144,0.216667,0.236911,0.8,685,672,45.6667
map20_r60_s4,phasec,mid,707,20,20,60,4,0.15,495,0.35555555555555557,176,691,31.25904486251809,18.01736613603473,319,267,0.136922,0.183333,0.758611,1.0,1366,1365,91.0667
map20_r60_s4,phasec,mid,708,20,20,60,4,0.15,502,0.4402390438247012,221,923,36.12784398699892,22.488624052004333,281,231,0.099378,0.166667,0.658311,0.983333,1233,1233,82.2
map20_r60_s4,phasec,mid,709,20,20,60,4,0.15,547,0.43144424131627057,236,922,37.88069414316703,24.477223427331886,311,260,0.148167,0.266667,0.695311,1.0,1254,1251,83.6
map20_r60_s4,phasec,mid,710,20,20,60,4,0.15,443,0.5688487584650113,252,996,41.45180722891566,28.63152610441767,191,141,0.146011,0.333333,0.6088,0.966667,1186,1178,79.0667
map20_r60_s4,combo_s1_j1,high,701,20,20,60,4,0.15,564,0.9609929078014184,542,2334,43.549271636675236,30.25878320479863,22,0,0.0411,0.15,0.039733,0.2,135,101,9.0
map20_r60_s4,combo_s1_j1,high,702,20,20,60,4,0.15,549,0.36065573770491804,198,766,40.39686684073107,27.35509138381201,351,304,0.156378,0.283333,0.740144,0.983333,1420,1418,94.6667
map20_r60_s4,combo_s1_j1,high,703,20,20,60,4,0.15,578,0.5103806228373703,295,1214,35.64003294892916,21.952224052718286,283,232,0.074211,0.15,0.569989,0.933333,1079,1075,71.9333
map20_r60_s4,combo_s1_j1,high,704,20,20,60,4,0.15,597,0.8710217755443886,520,2070,47.48985507246377,34.16811594202898,77,28,0.048667,0.2,0.167944,0.8,628,523,41.8667
map20_r60_s4,combo_s1_j1,high,705,20,20,60,4,0.15,598,0.7207357859531772,431,1729,43.80451127819549,30.612492770387508,167,115,0.099244,0.216667,0.320256,0.933333,832,759,55.4667
map20_r60_s4,combo_s1_j1,high,706,20,20,60,4,0.15,566,0.8321554770318021,471,1990,42.97788944723618,29.642713567839195,95,44,0.0373,0.116667,0.220044,0.916667,571,559,38.0667
map20_r60_s4,combo_s1_j1,high,707,20,20,60,4,0.15,523,0.4340344168260038,227,1027,38.97760467380721,24.895813047711783,296,254,0.110156,0.166667,0.624067,1.0,1255,1242,83.6667
map20_r60_s4,combo_s1_j1,high,708,20,20,60,4,0.15,550,0.3490909090909091,192,796,39.777638190954775,26.60678391959799,358,309,0.182333,0.366667,0.716144,1.0,1421,1405,94.7333
map20_r60_s4,combo_s1_j1,high,709,20,20,60,4,0.15,540,0.9518518518518518,514,2194,42.16909753874202,28.756608933454878,26,2,0.037867,0.15,0.037878,0.15,405,270,27.0
map20_r60_s4,combo_s1_j1,high,710,20,20,60,4,0.15,542,0.5535055350553506,300,1131,41.91777188328913,28.418213969938108,242,191,0.114556,0.3,0.593144,0.983333,1162,1156,77.4667
map20_r60_s4,greedy,high,701,20,20,60,4,0.15,564,0.9556737588652482,539,2370,45.08860759493671,31.706751054852322,25,0,0.019589,0.133333,0.015889,0.15,68,37,4.5333
map20_r60_s4,greedy,high,702,20,20,60,4,0.15,549,0.20947176684881602,115,457,29.63457330415755,17.50328227571116,434,385,0.129222,0.183333,0.854489,1.0,1437,1437,95.8
map20_r60_s4,greedy,high,703,20,20,60,4,0.15,578,0.8269896193771626,478,2008,44.20268924302789,30.801792828685258,100,54,0.090522,0.3,0.224467,0.916667,626,580,41.7333
map20_r60_s4,greedy,high,704,20,20,60,4,0.15,597,0.9514237855946399,568,2367,46.67173637515843,33.492184199408534,29,0,0.021133,0.2,0.036367,0.35,268,201,17.8667
map20_r60_s4,greedy,high,705,20,20,60,4,0.15,598,0.8561872909698997,512,2068,45.381528046421664,32.08172147001934,86,34,0.046878,0.183333,0.190667,0.933333,708,657,47.2
map20_r60_s4,greedy,high,706,20,20,60,4,0.15,566,0.950530035335689,538,2313,47.04755728491137,33.79507133592737,28,0,0.026756,0.15,0.048122,0.266667,447,359,29.8
map20_r60_s4,greedy,high,707,20,20,60,4,0.15,523,0.3231357552581262,169,724,32.437845303867405,19.653314917127073,354,300,0.082956,0.15,0.7562,1.0,1350,1345,90.0
map20_r60_s4,greedy,high,708,20,20,60,4,0.15,550,0.3145454545454546,173,679,48.2459499263623,35.03976435935199,377,326,0.2323,0.35,0.754044,1.0,1456,1456,97.0667
map20_r60_s4,greedy,high,709,20,20,60,4,0.15,540,0.3592592592592593,194,856,40.21144859813084,27.811915887850468,346,298,0.125378,0.216667,0.651022,1.0,1069,1065,71.2667
map20_r60_s4,greedy,high,710,20,20,60,4,0.15,542,0.3062730627306273,166,728,41.71016483516483,28.95467032967033,376,323,0.141811,0.233333,0.701911,1.0,1158,1151,77.2
map20_r60_s4,hungarian,high,701,20,20,60,4,0.15,564,0.9627659574468085,543,2350,45.092340425531916,31.584255319148937,21,0,0.022822,0.15,0.019078,0.133333,115,60,7.6667
map20_r60_s4,hungarian,high,702,20,20,60,4,0.15,549,0.3825136612021858,210,799,38.5081351689612,25.449311639549435,339,290,0.146078,0.25,0.719833,1.0,1320,1311,88.0
map20_r60_s4,hungarian,high,703,20,20,60,4,0.15,578,0.9377162629757786,542,2299,49.06002609830361,35.656372335798174,36,0,0.041444,0.166667,0.0817,0.55,505,409,33.6667
map20_r60_s4,hungarian,high,704,20,20,60,4,0.15,597,0.9447236180904522,564,2335,49.45781584582441,36.19186295503212,33,0,0.022856,0.15,0.0393,0.233333,307,232,20.4667
map20_r60_s4,hungarian,high,705,20,20,60,4,0.15,598,0.6354515050167224,380,1464,48.885245901639344,36.00341530054645,218,163,0.079022,0.166667,0.479089,0.966667,1109,1072,73.9333
map20_r60_s4,hungarian,high,706,20,20,60,4,0.15,566,0.931095406360424,527,2285,45.06345733041576,31.863457330415756,39,2,0.025556,0.133333,0.069189,0.583333,404,310,26.9333
map20_r60_s4,hungarian,high,707,20,20,60,4,0.15,523,0.3919694072657744,205,988,39.84919028340081,26.852226720647774,318,280,0.177067,0.25,0.644133,1.0,1301,1272,86.7333
map20_r60_s4,hungarian,high,708,20,20,60,4,0.15,550,0.2963636363636364,163,628,40.46496815286624,27.562101910828027,387,332,0.174089,0.25,0.791311,1.0,1416,1413,94.4
map20_r60_s4,hungarian,high,709,20,20,60,4,0.15,540,0.5092592592592593,275,1179,37.436810856658184,24.575063613231553,265,218,0.028944,0.116667,0.569678,0.983333,1031,1025,68.7333
map20_r60_s4,hungarian,high,710,20,20,60,4,0.15,542,0.577490774907749,313,1258,45.988076311605724,32.932432432432435,229,179,0.1532,0.283333,0.519867,1.0,1137,1122,75.8
map20_r60_s4,jsq,high,701,20,20,60,4,0.15,564,0.9627659574468085,543,2376,44.245370370370374,30.897727272727273,21,0,0.018433,0.133333,0.013067,0.133333,82,56,5.4667
map20_r60_s4,jsq,high,702,20,20,60,4,0.15,549,0.2677595628415301,147,565,28.66194690265487,16.054867256637166,402,354,0.144956,0.2,0.834533,1.0,1432,1431,95.4667
map20_r60_s4,jsq,high,703,20,20,60,4,0.15,578,0.9532871972318339,551,2344,46.31143344709898,32.77901023890785,27,0,0.018867,0.183333,0.029178,0.183333,216,160,14.4
map20_r60_s4,jsq,high,704,20,20,60,4,0.15,597,0.8576214405360134,512,2090,44.99617224880383,31.757416267942585,85,35,0.053644,0.166667,0.176,0.9,487,457,32.4667
map20_r60_s4,jsq,high,705,20,20,60,4,0.15,598,0.44648829431438125,267,1132,45.54681978798587,32.38515901060071,331,284,0.111033,0.233333,0.537633,1.0,934,902,62.2667
map20_r60_s4,jsq,high,706,20,20,60,4,0.15,566,0.6819787985865724,386,1523,40.97898883782009,27.4629021667761,180,131,0.045622,0.116667,0.441489,0.95,902,902,60.1333
map20_r60_s4,jsq,high,707,20,20,60,4,0.15,523,0.3326959847036329,174,784,33.01913265306123,19.90688775510204,349,298,0.083056,0.15,0.742089,1.0,1350,1345,90.0
map20_r60_s4,jsq,high,708,20,20,60,4,0.15,550,0.38181818181818183,210,904,50.030973451327434,36.426991150442475,340,287,0.176944,0.25,0.713156,1.0,1459,1457,97.2667
map20_r60_s4,jsq,high,709,20,20,60,4,0.15,540,0.5185185185185185,280,1164,38.11168384879725,24.698453608247423,260,210,0.124511,0.2,0.581911,0.966667,1112,1098,74.1333
map20_r60_s4,jsq,high,710,20,20,60,4,0.15,542,0.31365313653136534,170,740,41.475675675675674,28.67972972972973,372,319,0.141811,0.233333,0.699811,1.0,1158,1151,77.2
map20_r60_s4,phasec,high,701,20,20,60,4,0.15,564,0.5372340425531915,303,1236,38.439320388349515,25.45307443365696,261,208,0.056656,0.133333,0.552333,0.983333,1045,1023,69.6667
map20_r60_s4,phasec,high,702,20,20,60,4,0.15,549,0.5919854280510018,325,1279,42.98045347928069,29.736512900703676,224,174,0.076822,0.2,0.492678,0.983333,1014,982,67.6
map20_r60_s4,phasec,high,703,20,20,60,4,0.15,578,0.8096885813148789,468,1911,44.973835688121405,31.194139194139193,110,59,0.085644,0.3,0.278789,0.833333,780,720,52.0
map20_r60_s4,phasec,high,704,20,20,60,4,0.15,597,0.8894472361809045,531,2145,45.883916083916084,32.846620046620046,66,17,0.037878,0.166667,0.143033,0.816667,512,464,34.1333
map20_r60_s4,phasec,high,705,20,20,60,4,0.15,598,0.9381270903010034,561,2291,51.008729812309035,37.57573112178088,37,2,0.027456,0.166667,0.053,0.4,390,320,26.0
map20_r60_s4,phasec,high,706,20,20,60,4,0.15,566,0.9469964664310954,536,2305,48.4646420824295,35.19002169197397,30,0,0.043089,0.25,0.059578,0.3,477,374,31.8
map20_r60_s4,phasec,high,707,20,20,60,4,0.15,523,0.4091778202676864,214,925,39.45837837837838,25.78054054054054,309,260,0.133989,0.233333,0.6449,1.0,1236,1216,82.4
map20_r60_s4,phasec,high,708,20,20,60,4,0.15,550,0.32545454545454544,179,724,40.15745856353591,27.120165745856355,371,319,0.182011,0.366667,0.730867,1.0,1428,1414,95.2
map20_r60_s4,phasec,high,709,20,20,60,4,0.15,540,0.9648148148148148,521,2207,42.495242410512006,29.096057997281378,19,2,0.023167,0.116667,0.025978,0.166667,124,74,8.2667
map20_r60_s4,phasec,high,710,20,20,60,4,0.15,542,0.5940959409594095,322,1287,44.27505827505828,31.055944055944057,220,167,0.109011,0.233333,0.465789,1.0,952,923,63.4667
map20_r72_s4,combo_s1_j1,low,701,20,20,72,4,0.18,496,0.6310483870967742,313,1151,56.8601216333623,44.251086012163334,183,117,0.112083,0.236111,0.505056,0.944444,1422,1398,94.8
map20_r72_s4,combo_s1_j1,low,702,20,20,72,4,0.18,339,0.9351032448377581,317,1432,32.17807262569833,18.644553072625698,22,0,0.078056,0.236111,0.073046,0.194444,641,511,42.7333
map20_r72_s4,combo_s1_j1,low,703,20,20,72,4,0.18,563,0.37300177619893427,210,839,34.088200238379024,21.567342073897496,353,290,0.086898,0.125,0.688454,1.0,1293,1291,86.2
map20_r72_s4,combo_s1_j1,low,704,20,20,72,4,0.18,536,0.9533582089552238,511,2165,46.25219399538106,32.73071593533487,25,0,0.029296,0.208333,0.032509,0.208333,208,114,13.8667
map20_r72_s4,combo_s1_j1,low,705,20,20,72,4,0.18,470,0.851063829787234,400,1724,39.97099767981439,27.049303944315547,70,25,0.067083,0.180556,0.214546,0.722222,659,625,43.9333
map20_r72_s4,combo_s1_j1,low,706,20,20,72,4,0.18,521,0.9750479846449136,508,2124,42.356873822975516,29.217514124293785,13,0,0.036028,0.125,0.036741,0.222222,135,81,9.0
map20_r72_s4,combo_s1_j1,low,707,20,20,72,4,0.18,338,0.4437869822485207,150,641,31.450858034321374,18.146645865834632,188,129,0.174426,0.222222,0.735565,0.972222,1406,1396,93.7333
map20_r72_s4,combo_s1_j1,low,708,20,20,72,4,0.18,356,0.5,178,726,31.763085399449036,19.137741046831955,178,119,0.14563,0.180556,0.691046,1.0,1335,1332,89.0
map20_r72_s4,combo_s1_j1,low,709,20,20,72,4,0.18,404,0.4801980198019802,194,769,35.67880364109233,22.42262678803641,210,146,0.10225,0.152778,0.717639,1.0,1419,1406,94.6
map20_r72_s4,combo_s1_j1,low,710,20,20,72,4,0.18,374,0.9545454545454546,357,1700,37.68176470588235,24.11235294117647,17,0,0.029778,0.138889,0.029102,0.152778,94,59,6.2667
map20_r72_s4,greedy,low,701,20,20,72,4,0.18,496,0.9758064516129032,484,1974,48.54609929078014,35.196555217831815,12,0,0.047648,0.194444,0.057426,0.305556,463,319,30.8667
map20_r72_s4,greedy,low,702,20,20,72,4,0.18,339,0.4247787610619469,144,599,43.48747913188648,31.196994991652755,195,134,0.309611,0.430556,0.750491,1.0,1445,1441,96.3333
map20_r72_s4,greedy,low,703,20,20,72,4,0.18,563,0.8046181172291297,453,1949,40.923550538737814,27.998460749102104,110,56,0.054343,0.152778,0.168981,0.833333,490,435,32.6667
map20_r72_s4,greedy,low,704,20,20,72,4,0.18,536,0.9347014925373134,501,2134,45.166822867853796,31.75445173383318,35,2,0.025407,0.111111,0.057778,0.444444,274,222,18.2667
map20_r72_s4,greedy,low,705,20,20,72,4,0.18,470,0.8936170212765957,420,1820,40.473626373626374,27.411538461538463,50,9,0.063713,0.166667,0.177481,0.680556,616,576,41.0667
map20_r72_s4,greedy,low,706,20,20,72,4,0.18,521,0.8656429942418427,451,1857,40.080775444264944,27.269251480883145,70,20,0.053778,0.166667,0.204769,0.736111,638,627,42.5333
map20_r72_s4,greedy,low,707,20,20,72,4,0.18,338,0.3994082840236686,135,595,28.700840336134455,16.149579831932773,203,146,0.157407,0.208333,0.748037,1.0,1407,1387,93.8
map20_r72_s4,greedy,low,708,20,20,72,4,0.18,356,0.5393258426966292,192,740,63.394594594594594,50.633783783783784,164,100,0.131139,0.208333,0.673046,1.0,1441,1437,96.0667
map20_r72_s4,greedy,low,709,20,20,72,4,0.18,404,0.2202970297029703,89,410,41.63170731707317,30.034146341463416,315,250,0.374306,0.472222,0.82663,1.0,1465,1463,97.6667
map20_r72_s4,greedy,low,710,20,20,72,4,0.18,374,0.6310160427807486,236,964,35.03423236514523,22.107883817427386,138,82,0.140694,0.180556,0.584241,0.958333,1270,1257,84.6667
map20_r72_s4,hungarian,low,701,20,20,72,4,0.18,496,0.8931451612903226,443,1743,47.22088353413655,34.00860585197935,53,11,0.086139,0.194444,0.267417,0.694444,1042,919,69.4667
map20_r72_s4,hungarian,low,702,20,20,72,4,0.18,339,0.6135693215339233,208,810,56.90493827160494,44.82962962962963,131,67,0.119972,0.208333,0.662389,0.986111,1438,1435,95.8667
map20_r72_s4,hungarian,low,703,20,20,72,4,0.18,563,0.3268206039076377,184,808,39.100247524752476,26.867574257425744,379,321,0.124444,0.166667,0.66425,1.0,1130,1097,75.3333
map20_r72_s4,hungarian,low,704,20,20,72,4,0.18,536,0.8227611940298507,441,1775,46.116056338028166,32.967887323943664,95,39,0.073528,0.222222,0.269759,0.763889,803,772,53.5333
map20_r72_s4,hungarian,low,705,20,20,72,4,0.18,470,0.9787234042553191,460,1998,44.34284284284284,31.08058058058058,10,0,0.016556,0.166667,0.023269,0.222222,173,101,11.5333
map20_r72_s4,hungarian,low,706,20,20,72,4,0.18,521,0.9040307101727447,471,1912,47.07635983263598,34.00575313807531,50,0,0.042065,0.236111,0.192167,0.666667,647,646,43.1333
map20_r72_s4,hungarian,low,707,20,20,72,4,0.18,338,0.650887573964497,220,970,48.49278350515464,35.523711340206184,118,62,0.125917,0.194444,0.585148,1.0,1352,1332,90.1333
map20_r72_s4,hungarian,low,708,20,20,72,4,0.18,356,0.5280898876404494,188,736,49.641304347826086,37.24728260869565,168,102,0.170963,0.25,0.722917,1.0,1455,1453,97.0
map20_r72_s4,hungarian,low,709,20,20,72,4,0.18,404,0.5668316831683168,229,872,49.027522935779814,36.53440366972477,175,110,0.104981,0.277778,0.669815,0.986111,1431,1400,95.4
map20_r72_s4,hungarian,low,710,20,20,72,4,0.18,374,0.7967914438502673,298,1190,77.14453781512606,63.97226890756303,76,21,0.145148,0.222222,0.422111,0.805556,1184,1154,78.9333
map20_r72_s4,jsq,low,701,20,20,72,4,0.18,496,0.9758064516129032,484,1993,49.15002508780733,35.853487205218265,12,0,0.058991,0.194444,0.059213,0.305556,468,317,31.2
map20_r72_s4,jsq,low,702,20,20,72,4,0.18,339,0.4277286135693215,145,617,43.25283630470016,30.80551053484603,194,134,0.309657,0.430556,0.747157,1.0,1445,1441,96.3333
map20_r72_s4,jsq,low,703,20,20,72,4,0.18,563,0.8046181172291297,453,1949,40.92252437147255,27.998460749102104,110,56,0.054343,0.152778,0.169,0.833333,490,435,32.6667
map20_r72_s4,jsq,low,704,20,20,72,4,0.18,536,0.9347014925373134,501,2134,45.166822867853796,31.75445173383318,35,2,0.025407,0.111111,0.057778,0.444444,274,222,18.2667
map20_r72_s4,jsq,low,705,20,20,72,4,0.18,470,0.8936170212765957,420,1820,40.473626373626374,27.411538461538463,50,9,0.063713,0.166667,0.177481,0.680556,616,576,41.0667
map20_r72_s4,jsq,low,706,20,20,72,4,0.18,521,0.8656429942418427,451,1857,40.080775444264944,27.269251480883145,70,20,0.053778,0.166667,0.204769,0.736111,638,627,42.5333
map20_r72_s4,jsq,low,707,20,20,72,4,0.18,338,0.4171597633136095,141,625,28.6992,16.064,197,140,0.157407,0.208333,0.743241,0.986111,1407,1387,93.8
map20_r72_s4,jsq,low,708,20,20,72,4,0.18,356,0.5393258426966292,192,740,63.394594594594594,50.633783783783784,164,100,0.131139,0.208333,0.673046,1.0,1441,1437,96.0667
map20_r72_s4,jsq,low,709,20,20,72,4,0.18,404,0.2301980198019802,93,425,39.72235294117647,27.665882352941175,311,246,0.373269,0.472222,0.820519,1.0,1465,1463,97.6667
map20_r72_s4,jsq,low,710,20,20,72,4,0.18,374,0.6363636363636364,238,970,36.24020618556701,23.21443298969072,136,77,0.169602,0.25,0.563204,0.916667,1214,1207,80.9333
map20_r72_s4,phasec,low,701,20,20,72,4,0.18,496,0.9596774193548387,476,1953,46.48438300051203,33.2073732718894,20,0,0.076824,0.166667,0.090565,0.333333,726,587,48.4
map20_r72_s4,phasec,low,702,20,20,72,4,0.18,339,0.9557522123893806,324,1579,34.08486383787207,20.419886003799874,15,0,0.041065,0.111111,0.035278,0.069444,0,0,0.0
map20_r72_s4,phasec,low,703,20,20,72,4,0.18,563,0.9271758436944938,522,2252,44.6607460035524,31.615008880994672,41,0,0.041037,0.166667,0.041102,0.222222,320,133,21.3333
map20_r72_s4,phasec,low,704,20,20,72,4,0.18,536,0.871268656716418,467,1903,40.66421439831844,27.361534419337886,69,24,0.127241,0.333333,0.168343,0.694444,957,768,63.8
map20_r72_s4,phasec,low,705,20,20,72,4,0.18,470,0.7212765957446808,339,1467,43.005453306066805,29.717109747784594,131,73,0.130037,0.263889,0.323241,0.902778,787,705,52.4667
map20_r72_s4,phasec,low,706,20,20,72,4,0.18,521,0.6986564299424184,364,1528,45.45353403141361,32.74410994764398,157,96,0.075824,0.194444,0.334546,0.986111,693,629,46.2
map20_r72_s4,phasec,low,707,20,20,72,4,0.18,338,0.9674556213017751,327,1547,33.338720103425985,19.77698771816419,11,0,0.011083,0.097222,0.009741,0.111111,30,10,2.0
map20_r72_s4,phasec,low,708,20,20,72,4,0.18,356,0.5252808988764045,187,744,47.73521505376344,34.81720430107527,169,100,0.183167,0.263889,0.672361,1.0,1426,1406,95.0667
map20_r72_s4,phasec,low,709,20,20,72,4,0.18,404,0.5618811881188119,227,894,42.10178970917226,29.475391498881432,177,114,0.098861,0.152778,0.641824,1.0,1414,1405,94.2667
map20_r72_s4,phasec,low,710,20,20,72,4,0.18,374,0.6363636363636364,238,991,38.35923309788093,25.732593340060546,136,81,0.101333,0.194444,0.55513,0.930556,1184,1184,78.9333
map20_r72_s4,combo_s1_j1,mid,701,20,20,72,4,0.18,568,0.579225352112676,329,1250,44.3976,31.496,239,175,0.120519,0.194444,0.523148,0.958333,1396,1366,93.0667
map20_r72_s4,combo_s1_j1,mid,702,20,20,72,4,0.18,437,0.45537757437070936,199,792,36.79419191919192,24.064393939393938,238,177,0.07425,0.138889,0.682519,0.986111,1295,1287,86.3333
map20_r72_s4,combo_s1_j1,mid,703,20,20,72,4,0.18,526,0.3916349809885932,206,811,37.5980271270037,24.738594327990135,320,255,0.078991,0.166667,0.719102,0.986111,1340,1338,89.3333
map20_r72_s4,combo_s1_j1,mid,704,20,20,72,4,0.18,470,0.9659574468085106,454,2034,41.455260570304816,27.833824975417897,16,0,0.00913,0.125,0.012639,0.152778,64,21,4.2667
map20_r72_s4,combo_s1_j1,mid,705,20,20,72,4,0.18,523,0.9674952198852772,506,2186,42.458828911253434,29.05946935041171,17,0,0.011389,0.125,0.013981,0.125,75,29,5.0
map20_r72_s4,combo_s1_j1,mid,706,20,20,72,4,0.18,555,0.6828828828828829,379,1540,46.292857142857144,33.31038961038961,176,108,0.09212,0.222222,0.377519,1.0,737,725,49.1333
map20_r72_s4,combo_s1_j1,mid,707,20,20,72,4,0.18,495,0.4121212121212121,204,782,42.491048593350385,29.39002557544757,291,225,0.149435,0.194444,0.710481,0.986111,1427,1426,95.1333
map20_r72_s4,combo_s1_j1,mid,708,20,20,72,4,0.18,502,0.8346613545816733,419,1726,47.206257242178445,34.38528389339513,83,31,0.065796,0.194444,0.263759,0.694444,800,721,53.3333
map20_r72_s4,combo_s1_j1,mid,709,20,20,72,4,0.18,547,0.41681901279707495,228,890,33.54157303370786,20.333707865168538,319,260,0.173963,0.222222,0.675917,1.0,1296,1269,86.4
map20_r72_s4,combo_s1_j1,mid,710,20,20,72,4,0.18,443,0.5485327313769752,243,947,41.99155227032735,29.21013727560718,200,145,0.111778,0.263889,0.506583,0.833333,1244,1225,82.9333
map20_r72_s4,greedy,mid,701,20,20,72,4,0.18,568,0.9454225352112676,537,2253,52.33244562805149,39.27785175321793,31,0,0.064944,0.180556,0.073194,0.319444,588,382,39.2
map20_r72_s4,greedy,mid,702,20,20,72,4,0.18,437,0.33638443935926776,147,604,32.65562913907285,19.821192052980134,290,227,0.082889,0.180556,0.742343,1.0,1364,1361,90.9333
map20_r72_s4,greedy,mid,703,20,20,72,4,0.18,526,0.8631178707224335,454,1950,46.1374358974359,33.01128205128205,72,31,0.038481,0.138889,0.144676,0.722222,434,391,28.9333
map20_r72_s4,greedy,mid,704,20,20,72,4,0.18,470,0.9702127659574468,456,2042,41.44172380019589,27.830558276199802,14,0,0.014352,0.194444,0.018046,0.291667,103,23,6.8667
map20_r72_s4,greedy,mid,705,20,20,72,4,0.18,523,0.7284894837476099,381,1535,39.498371335504885,26.640390879478826,142,89,0.080093,0.180556,0.383435,0.916667,801,800,53.4
map20_r72_s4,greedy,mid,706,20,20,72,4,0.18,555,0.972972972972973,540,2265,43.98896247240618,30.508167770419426,15,0,0.011157,0.125,0.013991,0.180556,82,27,5.4667
map20_r72_s4,greedy,mid,707,20,20,72,4,0.18,495,0.397979797979798,197,779,33.88831835686778,21.121951219512194,298,232,0.157324,0.194444,0.710287,1.0,1391,1386,92.7333
map20_r72_s4,greedy,mid,708,20,20,72,4,0.18,502,0.40239043824701193,202,787,37.792884371029224,25.269377382465056,300,233,0.093889,0.180556,0.674074,1.0,1389,1363,92.6
map20_r72_s4,greedy,mid,709,20,20,72,4,0.18,547,0.4040219378427788,221,862,42.793503480278424,29.928074245939676,326,262,0.140843,0.222222,0.710213,1.0,1429,1426,95.2667
map20_r72_s4,greedy,mid,710,20,20,72,4,0.18,443,0.5507900677200903,244,985,38.91472081218274,26.155329949238578,199,144,0.09475,0.194444,0.522148,0.861111,1197,1186,79.8
map20_r72_s4,hungarian,mid,701,20,20,72,4,0.18,568,0.323943661971831,184,726,34.09090909090909,21.548209366391184,384,322,0.167102,0.208333,0.758852,1.0,1430,1391,95.3333
map20_r72_s4,hungarian,mid,702,20,20,72,4,0.18,437,0.4096109839816934,179,718,36.11142061281337,23.454038997214486,258,191,0.130037,0.208333,0.721241,1.0,1398,1370,93.2
map20_r72_s4,hungarian,mid,703,20,20,72,4,0.18,526,0.9771863117870723,514,2225,46.87550561797753,33.64,12,0,0.017565,0.138889,0.025352,0.180556,172,58,11.4667
map20_r72_s4,hungarian,mid,704,20,20,72,4,0.18,470,0.9638297872340426,453,2033,39.56714215445155,26.1952779144122,17,0,0.008639,0.097222,0.011037,0.125,63,26,4.2
map20_r72_s4,hungarian,mid,705,20,20,72,4,0.18,523,0.780114722753346,408,1734,43.31545559400231,30.05017301038062,115,52,0.054491,0.166667,0.277954,0.958333,704,644,46.9333
map20_r72_s4,hungarian,mid,706,20,20,72,4,0.18,555,0.7675675675675676,426,1642,39.69123020706456,26.903166869671132,129,68,0.086537,0.180556,0.361741,0.888889,909,905,60.6
map20_r72_s4,hungarian,mid,707,20,20,72,4,0.18,495,0.4686868686868687,232,901,37.44173140954495,24.735849056603772,263,199,0.144639,0.208333,0.675519,1.0,1439,1439,95.9333
map20_r72_s4,hungarian,mid,708,20,20,72,4,0.18,502,0.6733067729083665,338,1220,64.42459016393443,51.66885245901639,164,96,0.121222,0.194444,0.559667,0.958333,1456,1431,97.0667
map20_r72_s4,hungarian,mid,709,20,20,72,4,0.18,547,0.4625228519195612,253,941,47.394261424017,34.59829968119022,294,230,0.1865,0.319444,0.665102,1.0,1370,1317,91.3333
map20_r72_s4,hungarian,mid,710,20,20,72,4,0.18,443,0.6433408577878104,285,1118,47.25939177101968,34.43023255813954,158,100,0.138139,0.305556,0.450417,0.777778,1229,1222,81.9333
map20_r72_s4,jsq,mid,701,20,20,72,4,0.18,568,0.9454225352112676,537,2253,52.33244562805149,39.27785175321793,31,0,0.064944,0.180556,0.073194,0.319444,588,382,39.2
map20_r72_s4,jsq,mid,702,20,20,72,4,0.18,437,0.36613272311212813,160,659,32.34901365705615,19.503793626707132,277,214,0.082898,0.180556,0.734213,0.986111,1364,1361,90.9333
map20_r72_s4,jsq,mid,703,20,20,72,4,0.18,526,0.8631178707224335,454,1950,46.13641025641026,33.01128205128205,72,31,0.038481,0.138889,0.144694,0.722222,434,391,28.9333
map20_r72_s4,jsq,mid,704,20,20,72,4,0.18,470,0.9702127659574468,456,2042,41.44172380019589,27.830558276199802,14,0,0.014352,0.194444,0.018046,0.291667,103,23,6.8667
map20_r72_s4,jsq,mid,705,20,20,72,4,0.18,523,0.7284894837476099,381,1535,39.498371335504885,26.640390879478826,142,89,0.080093,0.180556,0.383435,0.916667,801,800,53.4
map20_r72_s4,jsq,mid,706,20,20,72,4,0.18,555,0.972972972972973,540,2265,43.98896247240618,30.508167770419426,15,0,0.011157,0.125,0.013991,0.180556,82,27,5.4667
map20_r72_s4,jsq,mid,707,20,20,72,4,0.18,495,0.4121212121212121,204,812,33.83497536945813,20.94704433497537,291,225,0.157343,0.194444,0.705037,0.972222,1391,1386,92.7333
map20_r72_s4,jsq,mid,708,20,20,72,4,0.18,502,0.4103585657370518,206,798,38.214285714285715,25.464912280701753,296,230,0.09388,0.180556,0.670731,0.986111,1389,1363,92.6
map20_r72_s4,jsq,mid,709,20,20,72,4,0.18,547,0.4259597806215722,233,898,42.23051224944321,29.283964365256125,314,250,0.140889,0.222222,0.704676,0.986111,1429,1426,95.2667
map20_r72_s4,jsq,mid,710,20,20,72,4,0.18,443,0.5846501128668171,259,1050,38.72761904761905,25.694285714285716,184,133,0.109028,0.208333,0.456287,0.791667,1158,1152,77.2
map20_r72_s4,phasec,mid,701,20,20,72,4,0.18,568,0.5017605633802817,285,1082,53.77449168207024,41.06746765249538,283,217,0.097278,0.208333,0.615481,1.0,1457,1448,97.1333
map20_r72_s4,phasec,mid,702,20,20,72,4,0.18,437,0.9702517162471396,424,1887,39.79597244303127,26.11340752517223,13,0,0.011194,0.194444,0.020907,0.319444,151,124,10.0667
map20_r72_s4,phasec,mid,703,20,20,72,4,0.18,526,0.6634980988593155,349,1325,52.587169811320756,39.623396226415096,177,113,0.108824,0.180556,0.542907,0.930556,1306,1306,87.0667
map20_r72_s4,phasec,mid,704,20,20,72,4,0.18,470,0.5680851063829787,267,1062,46.558380414312616,33.20527306967985,203,142,0.127926,0.236111,0.573602,1.0,1197,1197,79.8
map20_r72_s4,phasec,mid,705,20,20,72,4,0.18,523,0.6022944550669216,315,1328,41.11746987951807,27.787650602409638,208,151,0.063824,0.166667,0.449389,1.0,798,794,53.2
map20_r72_s4,phasec,mid,706,20,20,72,4,0.18,555,0.954954954954955,530,2246,44.276491540516474,30.676313446126446,25,0,0.0505,0.152778,0.05025,0.25,376,121,25.0667
map20_r72_s4,phasec,mid,707,20,20,72,4,0.18,495,0.5535353535353535,274,1069,48.21796071094481,35.322731524789525,221,160,0.08325,0.194444,0.601815,0.972222,1415,1398,94.3333
map20_r72_s4,phasec,mid,708,20,20,72,4,0.18,502,0.900398406374502,452,1863,43.572195383789584,30.47987117552335,50,7,0.051231,0.194444,0.157444,0.625,556,510,37.0667
map20_r72_s4,phasec,mid,709,20,20,72,4,0.18,547,0.3546617915904936,194,751,35.11185086551265,22.288948069241012,353,291,0.056898,0.138889,0.752491,1.0,1425,1414,95.0
map20_r72_s4,phasec,mid,710,20,20,72,4,0.18,443,0.5936794582392777,263,1063,39.79303857008467,26.955785512699904,180,127,0.103435,0.180556,0.444759,0.791667,1158,1140,77.2
map20_r72_s4,combo_s1_j1,high,701,20,20,72,4,0.18,564,0.6382978723404256,360,1416,44.93008474576271,31.771186440677965,204,141,0.100278,0.194444,0.496046,0.986111,1435,1304,95.6667
map20_r72_s4,combo_s1_j1,high,702,20,20,72,4,0.18,549,0.37158469945355194,204,776,37.54381443298969,24.7770618556701,345,278,0.154287,0.194444,0.723019,0.986111,1395,1386,93.0
map20_r72_s4,combo_s1_j1,high,703,20,20,72,4,0.18,578,0.38235294117647056,221,882,32.801587301587304,19.865079365079364,357,296,0.122741,0.166667,0.700435,0.972222,1303,1297,86.8667
map20_r72_s4,combo_s1_j1,high,704,20,20,72,4,0.18,597,0.948073701842546,566,2321,47.84446359327876,34.43127962085308,31,0,0.017806,0.125,0.025861,0.152778,153,68,10.2
map20_r72_s4,combo_s1_j1,high,705,20,20,72,4,0.18,598,0.4080267558528428,244,931,34.20730397422127,20.76691729323308,354,293,0.086565,0.125,0.661463,0.986111,1298,1285,86.5333
map20_r72_s4,combo_s1_j1,high,706,20,20,72,4,0.18,566,0.9540636042402827,540,2366,44.628486897717664,31.252324598478445,26,0,0.012537,0.138889,0.014241,0.152778,59,6,3.9333
map20_r72_s4,combo_s1_j1,high,707,20,20,72,4,0.18,523,0.5430210325047801,284,1186,37.0362563237774,24.03709949409781,239,178,0.096796,0.152778,0.560991,1.0,1145,1080,76.3333
map20_r72_s4,combo_s1_j1,high,708,20,20,72,4,0.18,550,0.37454545454545457,206,859,46.92782305005821,33.9871944121071,344,281,0.117574,0.194444,0.680963,0.986111,1365,1337,91.0
map20_r72_s4,combo_s1_j1,high,709,20,20,72,4,0.18,540,0.7592592592592593,410,1673,42.925881649731025,29.818888224745965,130,75,0.103972,0.222222,0.275898,0.805556,887,813,59.1333
map20_r72_s4,combo_s1_j1,high,710,20,20,72,4,0.18,542,0.5387453874538746,292,1181,48.2116850127011,35.13632514817951,250,186,0.075898,0.208333,0.54825,0.958333,1172,1133,78.1333
map20_r72_s4,greedy,high,701,20,20,72,4,0.18,564,0.9485815602836879,535,2125,57.61082352941177,44.50070588235294,29,0,0.091898,0.194444,0.142176,0.444444,882,726,58.8
map20_r72_s4,greedy,high,702,20,20,72,4,0.18,549,0.23497267759562843,129,516,33.77906976744186,21.920542635658915,420,358,0.231833,0.277778,0.79288,1.0,1405,1399,93.6667
map20_r72_s4,greedy,high,703,20,20,72,4,0.18,578,0.41522491349480967,240,950,44.23789473684211,31.549473684210525,338,276,0.139407,0.222222,0.672019,1.0,1311,1304,87.4
map20_r72_s4,greedy,high,704,20,20,72,4,0.18,597,0.9346733668341709,558,2293,49.58438726559093,36.263846489315306,39,2,0.033185,0.194444,0.059028,0.388889,407,252,27.1333
map20_r72_s4,greedy,high,705,20,20,72,4,0.18,598,0.7842809364548495,469,1884,42.13588110403397,29.19267515923567,129,74,0.06788,0.166667,0.247056,0.791667,737,645,49.1333
map20_r72_s4,greedy,high,706,20,20,72,4,0.18,566,0.950530035335689,538,2321,46.59715639810427,33.437311503662215,28,1,0.022815,0.138889,0.03762,0.319444,249,134,16.6
map20_r72_s4,greedy,high,707,20,20,72,4,0.18,523,0.26003824091778205,136,592,28.08277027027027,15.72635135135135,387,327,0.150676,0.208333,0.78687,1.0,1430,1425,95.3333
map20_r72_s4,greedy,high,708,20,20,72,4,0.18,550,0.3236363636363636,178,713,46.98036465638149,34.12482468443198,372,306,0.14363,0.236111,0.717769,0.986111,1430,1413,95.3333
map20_r72_s4,greedy,high,709,20,20,72,4,0.18,540,0.3574074074074074,193,754,36.44031830238727,23.90185676392573,347,282,0.132593,0.180556,0.717315,1.0,1449,1434,96.6
map20_r72_s4,greedy,high,710,20,20,72,4,0.18,542,0.559040590405904,303,1170,42.16581196581197,29.282905982905984,239,174,0.109065,0.166667,0.540074,0.986111,1186,1183,79.0667
map20_r72_s4,hungarian,high,701,20,20,72,4,0.18,564,0.6968085106382979,393,1419,56.49048625792812,43.24947145877378,171,101,0.09712,0.180556,0.523454,0.930556,1485,1477,99.0
map20_r72_s4,hungarian,high,702,20,20,72,4,0.18,549,0.4517304189435337,248,898,51.99109131403118,39.5,301,236,0.119593,0.166667,0.689157,1.0,1406,1387,93.7333
map20_r72_s4,hungarian,high,703,20,20,72,4,0.18,578,0.8633217993079585,499,1971,52.97057331303907,39.945205479452056,79,14,0.056546,0.194444,0.278296,0.763889,877,864,58.4667
map20_r72_s4,hungarian,high,704,20,20,72,4,0.18,597,0.5879396984924623,351,1378,40.50725689404935,27.343251088534107,246,185,0.088241,0.194444,0.494361,1.0,1015,980,67.6667
map20_r72_s4,hungarian,high,705,20,20,72,4,0.18,598,0.9163879598662207,548,2323,48.53034868704262,35.345673697804564,50,2,0.029324,0.180556,0.05862,0.444444,348,194,23.2
map20_r72_s4,hungarian,high,706,20,20,72,4,0.18,566,0.9028268551236749,511,2033,50.300541072306935,37.273979340875556,55,7,0.0505,0.180556,0.215694,0.652778,878,858,58.5333
map20_r72_s4,hungarian,high,707,20,20,72,4,0.18,523,0.33078393881453155,173,707,35.74540311173975,23.37057991513437,350,285,0.155259,0.194444,0.760315,1.0,1417,1416,94.4667
map20_r72_s4,hungarian,high,708,20,20,72,4,0.18,550,0.3418181818181818,188,740,49.58378378378379,36.85,362,296,0.123361,0.236111,0.731185,1.0,1464,1448,97.6
map20_r72_s4,hungarian,high,709,20,20,72,4,0.18,540,0.11851851851851852,64,308,37.925324675324674,25.27922077922078,476,416,0.137833,0.305556,0.879537,1.0,1469,1456,97.9333
map20_r72_s4,hungarian,high,710,20,20,72,4,0.18,542,0.5996309963099631,325,1315,41.316349809885935,28.186311787072242,217,157,0.058472,0.138889,0.495231,0.986111,1000,966,66.6667
map20_r72_s4,jsq,high,701,20,20,72,4,0.18,564,0.625886524822695,353,1329,45.630549285176826,32.676448457486835,211,143,0.153306,0.277778,0.54488,0.958333,1485,1435,99.0
map20_r72_s4,jsq,high,702,20,20,72,4,0.18,549,0.4207650273224044,231,865,45.21271676300578,32.39768786127168,318,254,0.137935,0.222222,0.686074,1.0,1422,1418,94.8
map20_r72_s4,jsq,high,703,20,20,72,4,0.18,578,0.4100346020761246,237,961,36.575442247658685,23.742976066597294,341,278,0.073481,0.125,0.665435,0.972222,1293,1278,86.2
map20_r72_s4,jsq,high,704,20,20,72,4,0.18,597,0.7621440536013401,455,1838,44.17247007616975,31.109902067464635,142,84,0.04775,0.152778,0.250213,0.888889,635,563,42.3333
map20_r72_s4,jsq,high,705,20,20,72,4,0.18,598,0.6237458193979933,373,1494,41.388888888888886,28.465194109772423,225,164,0.056694,0.125,0.430509,0.930556,913,881,60.8667
map20_r72_s4,jsq,high,706,20,20,72,4,0.18,566,0.4381625441696113,248,1018,37.03536345776031,23.82907662082515,318,258,0.087037,0.125,0.61938,1.0,1181,1165,78.7333
map20_r72_s4,jsq,high,707,20,20,72,4,0.18,523,0.27915869980879543,146,659,30.599393019726858,17.7298937784522,377,319,0.15663,0.208333,0.772537,1.0,1430,1425,95.3333
map20_r72_s4,jsq,high,708,20,20,72,4,0.18,550,0.38181818181818183,210,822,46.193430656934304,33.367396593673966,340,273,0.141296,0.208333,0.700157,0.972222,1448,1441,96.5333
map20_r72_s4,jsq,high,709,20,20,72,4,0.18,540,0.3962962962962963,214,811,39.356350184956845,26.731196054254006,326,256,0.158907,0.236111,0.702833,1.0,1450,1429,96.6667
map20_r72_s4,jsq,high,710,20,20,72,4,0.18,542,0.6236162361623616,338,1291,49.789310611928734,36.740511231603406,204,139,0.105111,0.236111,0.474981,0.944444,1177,1176,78.4667
map20_r72_s4,phasec,high,701,20,20,72,4,0.18,564,0.524822695035461,296,1124,48.037366548042705,35.10142348754449,268,198,0.083306,0.194444,0.617889,0.986111,1476,1437,98.4
map20_r72_s4,phasec,high,702,20,20,72,4,0.18,549,0.2768670309653916,152,578,29.863321799307958,17.077854671280278,397,333,0.120944,0.166667,0.791694,1.0,1414,1413,94.2667
map20_r72_s4,phasec,high,703,20,20,72,4,0.18,578,0.43771626297577854,253,1014,38.086785009861934,25.164694280078894,325,263,0.054963,0.138889,0.627148,1.0,1201,1193,80.0667
map20_r72_s4,phasec,high,704,20,20,72,4,0.18,597,0.9430485762144054,563,2235,52.16196868008949,39.048769574944075,34,0,0.038259,0.208333,0.079583,0.444444,510,396,34.0
map20_r72_s4,phasec,high,705,20,20,72,4,0.18,598,0.7591973244147158,454,1790,48.24413407821229,35.02011173184358,144,85,0.071583,0.180556,0.287,0.791667,880,834,58.6667
map20_r72_s4,phasec,high,706,20,20,72,4,0.18,566,0.9452296819787986,535,2287,45.70354175776126,32.5190205509401,31,0,0.06987,0.194444,0.069981,0.194444,679,412,45.2667
map20_r72_s4,phasec,high,707,20,20,72,4,0.18,523,0.35946462715105165,188,781,31.946222791293213,18.63124199743918,335,271,0.13537,0.180556,0.710602,1.0,1306,1300,87.0667
map20_r72_s4,phasec,high,708,20,20,72,4,0.18,550,0.37272727272727274,205,813,40.514145141451415,27.600246002460025,345,286,0.126324,0.263889,0.667694,0.986111,1322,1280,88.1333
map20_r72_s4,phasec,high,709,20,20,72,4,0.18,540,0.43703703703703706,236,939,40.1863684771033,27.217252396166135,304,236,0.194315,0.277778,0.65387,1.0,1447,1425,96.4667
map20_r72_s4,phasec,high,710,20,20,72,4,0.18,542,0.6789667896678967,368,1531,52.67341606792946,39.44480731548008,174,109,0.130185,0.305556,0.328167,0.986111,898,846,59.8667
map30_r108_s4,combo_s1_j1,low,701,30,30,108,4,0.12,496,0.6290322580645161,312,1322,48.80862329803328,31.503025718608168,184,95,0.058747,0.12963,0.568457,0.972222,1249,1225,83.2667
map30_r108_s4,combo_s1_j1,low,702,30,30,108,4,0.12,339,0.9587020648967551,325,1426,39.81416549789621,20.302244039270686,14,0,0.001944,0.037037,0.000636,0.037037,0,0,0.0
map30_r108_s4,combo_s1_j1,low,703,30,30,108,4,0.12,563,0.9378330373001776,528,2323,60.055962117950926,41.00774860094705,35,0,0.014006,0.111111,0.025525,0.222222,219,111,14.6
map30_r108_s4,combo_s1_j1,low,704,30,30,108,4,0.12,536,0.7686567164179104,412,1849,59.91238507301244,40.700919415900486,124,38,0.073772,0.175926,0.35984,0.898148,1013,976,67.5333
map30_r108_s4,combo_s1_j1,low,705,30,30,108,4,0.12,470,0.8957446808510638,421,1920,52.36354166666667,33.9421875,49,0,0.039759,0.157407,0.11816,0.462963,690,680,46.0
map30_r108_s4,combo_s1_j1,low,706,30,30,108,4,0.12,521,0.5508637236084453,287,1185,46.31054852320675,26.953586497890296,234,151,0.05234,0.12037,0.617241,0.944444,1311,1301,87.4
map30_r108_s4,combo_s1_j1,low,707,30,30,108,4,0.12,338,0.9526627218934911,322,1506,44.98140770252324,25.55046480743692,16,0,0.01092,0.083333,0.018525,0.175926,94,68,6.2667
map30_r108_s4,combo_s1_j1,low,708,30,30,108,4,0.12,356,0.7921348314606742,282,1314,42.59893455098935,24.14992389649924,74,2,0.018352,0.055556,0.475512,0.824074,1273,1253,84.8667
map30_r108_s4,combo_s1_j1,low,709,30,30,108,4,0.12,404,0.9653465346534653,390,1831,52.059530311305295,32.45221190606226,14,0,0.007889,0.074074,0.011574,0.12037,40,21,2.6667
map30_r108_s4,combo_s1_j1,low,710,30,30,108,4,0.12,374,0.7754010695187166,290,1364,51.983870967741936,33.36290322580645,84,6,0.074975,0.138889,0.377636,0.87963,1094,1057,72.9333
map30_r108_s4,greedy,low,701,30,30,108,4,0.12,496,0.5483870967741935,272,1113,43.34681042228212,25.840071877807727,224,136,0.044272,0.092593,0.636074,0.972222,1353,1351,90.2
map30_r108_s4,greedy,low,702,30,30,108,4,0.12,339,0.9646017699115044,327,1444,39.359418282548475,20.195983379501385,12,0,0.002173,0.046296,0.001068,0.055556,0,0,0.0
map30_r108_s4,greedy,low,703,30,30,108,4,0.12,563,0.7015985790408525,395,1776,63.40033783783784,45.02477477477478,168,76,0.06979,0.185185,0.474636,0.925926,1424,1395,94.9333
map30_r108_s4,greedy,low,704,30,30,108,4,0.12,536,0.8470149253731343,454,2074,67.4946962391514,48.74300867888139,82,9,0.0415,0.166667,0.212506,0.703704,731,646,48.7333
map30_r108_s4,greedy,low,705,30,30,108,4,0.12,470,0.6170212765957447,290,1249,51.28742994395516,34.026421136909526,180,101,0.073167,0.138889,0.610938,0.990741,1331,1326,88.7333
map30_r108_s4,greedy,low,706,30,30,108,4,0.12,521,0.5374280230326296,280,1185,52.436286919831225,34.516455696202534,241,145,0.074648,0.212963,0.63042,1.0,1321,1318,88.0667
map30_r108_s4,greedy,low,707,30,30,108,4,0.12,338,0.6538461538461539,221,1088,75.11029411764706,56.353860294117645,117,40,0.088247,0.185185,0.655914,0.962963,1468,1464,97.8667
map30_r108_s4,greedy,low,708,30,30,108,4,0.12,356,0.9634831460674157,343,1445,45.919031141868516,26.031833910034603,13,0,0.003778,0.074074,0.003654,0.064815,0,0,0.0
map30_r108_s4,greedy,low,709,30,30,108,4,0.12,404,0.6435643564356436,260,1268,69.56309148264984,50.72397476340694,144,60,0.079556,0.157407,0.516006,1.0,1072,1071,71.4667
map30_r108_s4,greedy,low,710,30,30,108,4,0.12,374,0.6256684491978609,234,1092,53.23809523809524,35.255494505494504,140,58,0.049235,0.101852,0.605667,0.981481,1421,1412,94.7333
map30_r108_s4,hungarian,low,701,30,30,108,4,0.12,496,0.6350806451612904,315,1339,51.163554891710234,33.83420463032113,181,92,0.051741,0.138889,0.563722,0.990741,1241,1217,82.7333
map30_r108_s4,hungarian,low,702,30,30,108,4,0.12,339,0.9587020648967551,325,1436,39.97493036211699,20.748607242339833,14,0,0.002111,0.055556,0.001401,0.055556,0,0,0.0
map30_r108_s4,hungarian,low,703,30,30,108,4,0.12,563,0.6962699822380106,392,1645,63.37325227963526,45.131306990881455,171,76,0.078302,0.157407,0.54513,0.944444,1408,1387,93.8667
map30_r108_s4,hungarian,low,704,30,30,108,4,0.12,536,0.8880597014925373,476,2259,65.90925188136343,47.44001770694998,60,0,0.025685,0.111111,0.127451,0.481481,784,744,52.2667
map30_r108_s4,hungarian,low,705,30,30,108,4,0.12,470,0.8914893617021277,419,1897,53.16394306800211,34.933052187664735,51,0,0.04663,0.157407,0.174537,0.564815,778,767,51.8667
map30_r108_s4,hungarian,low,706,30,30,108,4,0.12,521,0.3570057581573896,186,913,57.82803943044907,40.27491785323111,335,247,0.150068,0.203704,0.676012,1.0,1288,1265,85.8667
map30_r108_s4,hungarian,low,707,30,30,108,4,0.12,338,0.30177514792899407,102,585,48.613675213675215,31.711111111111112,236,162,0.137191,0.194444,0.774222,1.0,1468,1464,97.8667
map30_r108_s4,hungarian,low,708,30,30,108,4,0.12,356,0.8146067415730337,290,1285,43.115953307393,24.52762645914397,66,2,0.038253,0.074074,0.376568,0.722222,1162,1147,77.4667
map30_r108_s4,hungarian,low,709,30,30,108,4,0.12,404,0.8415841584158416,340,1613,62.220086794792316,43.50278983261004,64,1,0.068512,0.12963,0.351309,0.675926,1031,1023,68.7333
map30_r108_s4,hungarian,low,710,30,30,108,4,0.12,374,0.8288770053475936,310,1533,67.01630789302023,49.02152641878669,64,0,0.052753,0.12963,0.336315,0.768519,1419,1416,94.6
map30_r108_s4,jsq,low,701,30,30,108,4,0.12,496,0.5342741935483871,265,1087,43.33854645814167,25.84820607175713,231,145,0.044278,0.092593,0.641747,0.972222,1353,1351,90.2
map30_r108_s4,jsq,low,702,30,30,108,4,0.12,339,0.9646017699115044,327,1444,39.359418282548475,20.195983379501385,12,0,0.002173,0.046296,0.001068,0.055556,0,0,0.0
map30_r108_s4,jsq,low,703,30,30,108,4,0.12,563,0.6980461811722913,393,1767,63.74476513865309,45.302207130730054,170,80,0.069784,0.185185,0.474685,0.916667,1424,1395,94.9333
map30_r108_s4,jsq,low,704,30,30,108,4,0.12,536,0.7779850746268657,417,1851,61.50189086980011,42.244192328471094,119,30,0.03366,0.111111,0.330321,0.861111,918,885,61.2
map30_r108_s4,jsq,low,705,30,30,108,4,0.12,470,0.6148936170212767,289,1252,51.489616613418534,34.09504792332268,181,101,0.073136,0.138889,0.609438,0.981481,1331,1326,88.7333
map30_r108_s4,jsq,low,706,30,30,108,4,0.12,521,0.5489443378119002,286,1208,52.10016556291391,34.15976821192053,235,138,0.074648,0.212963,0.627463,0.972222,1321,1318,88.0667
map30_r108_s4,jsq,low,707,30,30,108,4,0.12,338,0.7633136094674556,258,1253,53.45730247406225,35.26815642458101,80,0,0.040265,0.101852,0.491796,0.851852,1468,1465,97.8667
map30_r108_s4,jsq,low,708,30,30,108,4,0.12,356,0.9634831460674157,343,1445,45.919031141868516,26.031833910034603,13,0,0.003778,0.074074,0.003654,0.064815,0,0,0.0
map30_r108_s4,jsq,low,709,30,30,108,4,0.12,404,0.6485148514851485,262,1277,69.31480031323414,50.48551292090838,142,59,0.079556,0.157407,0.515,0.981481,1072,1071,71.4667
map30_r108_s4,jsq,low,710,30,30,108,4,0.12,374,0.6229946524064172,233,1091,53.189734188817596,35.19248395967003,141,58,0.049235,0.101852,0.605321,0.981481,1421,1412,94.7333
map30_r108_s4,phasec,low,701,30,30,108,4,0.12,496,0.6532258064516129,324,1558,56.685494223363285,37.25096277278562,172,96,0.046611,0.12037,0.50279,0.953704,1107,1079,73.8
map30_r108_s4,phasec,low,702,30,30,108,4,0.12,339,0.911504424778761,309,1478,45.38024357239513,25.539242219215154,30,0,0.076272,0.194444,0.07308,0.185185,603,416,40.2
map30_r108_s4,phasec,low,703,30,30,108,4,0.12,563,0.7886323268206039,444,1992,58.03915662650602,39.21586345381526,119,38,0.054117,0.157407,0.293796,0.87037,834,763,55.6
map30_r108_s4,phasec,low,704,30,30,108,4,0.12,536,0.457089552238806,245,1138,53.23374340949034,35.62478031634446,291,204,0.066222,0.12037,0.564111,1.0,1131,1120,75.4
map30_r108_s4,phasec,low,705,30,30,108,4,0.12,470,0.8553191489361702,402,1820,44.72857142857143,27.088461538461537,68,3,0.053204,0.138889,0.237858,0.731481,723,692,48.2
map30_r108_s4,phasec,low,706,30,30,108,4,0.12,521,0.29366602687140114,153,795,59.66540880503145,40.503144654088054,368,282,0.170173,0.240741,0.669944,1.0,1162,1128,77.4667
map30_r108_s4,phasec,low,707,30,30,108,4,0.12,338,0.6686390532544378,226,1074,67.06797020484171,49.201117318435756,112,32,0.088605,0.222222,0.595216,0.972222,1455,1455,97.0
map30_r108_s4,phasec,low,708,30,30,108,4,0.12,356,0.9466292134831461,337,1457,52.14207275223061,32.39601921757035,19,0,0.037815,0.12037,0.041698,0.111111,199,96,13.2667
map30_r108_s4,phasec,low,709,30,30,108,4,0.12,404,0.9529702970297029,385,1806,52.12126245847176,32.48228128460686,19,0,0.015759,0.055556,0.020389,0.111111,43,4,2.8667
map30_r108_s4,phasec,low,710,30,30,108,4,0.12,374,0.45187165775401067,169,841,44.717003567181926,26.58858501783591,205,127,0.142716,0.203704,0.635253,1.0,1151,1139,76.7333
map30_r108_s4,combo_s1_j1,mid,701,30,30,108,4,0.12,568,0.8767605633802817,498,2289,60.66579292267366,42.24726955002184,70,2,0.035432,0.12963,0.126809,0.648148,620,420,41.3333
map30_r108_s4,combo_s1_j1,mid,702,30,30,108,4,0.12,437,0.5102974828375286,223,1024,41.041015625,23.0361328125,214,133,0.069191,0.12037,0.699333,0.981481,1375,1369,91.6667
map30_r108_s4,combo_s1_j1,mid,703,30,30,108,4,0.12,526,0.8326996197718631,438,1986,62.62437059415912,44.20191339375629,88,19,0.039062,0.12037,0.308105,0.824074,918,785,61.2
map30_r108_s4,combo_s1_j1,mid,704,30,30,108,4,0.12,470,0.9531914893617022,448,2053,55.163175840233805,35.81734047735022,22,0,0.016969,0.12963,0.027562,0.166667,136,77,9.0667
map30_r108_s4,combo_s1_j1,mid,705,30,30,108,4,0.12,523,0.7973231357552581,417,1885,66.25145888594164,47.34005305039788,106,20,0.06587,0.166667,0.393327,0.87963,1205,1182,80.3333
map30_r108_s4,combo_s1_j1,mid,706,30,30,108,4,0.12,555,0.7963963963963964,442,1905,67.10551181102362,48.80262467191601,113,26,0.063247,0.203704,0.408512,0.888889,1167,1101,77.8
map30_r108_s4,combo_s1_j1,mid,707,30,30,108,4,0.12,495,0.5595959595959596,277,1239,47.42453591606134,29.141242937853107,218,126,0.099549,0.148148,0.643519,0.962963,1403,1351,93.5333
map30_r108_s4,combo_s1_j1,mid,708,30,30,108,4,0.12,502,0.6673306772908366,335,1383,43.215473608098335,24.46348517715112,167,82,0.056951,0.12037,0.5525,0.953704,1208,1208,80.5333
map30_r108_s4,combo_s1_j1,mid,709,30,30,108,4,0.12,547,0.716636197440585,392,1714,63.164527421236876,43.45624270711785,155,75,0.055722,0.148148,0.464432,0.907407,1142,1100,76.1333
map30_r108_s4,combo_s1_j1,mid,710,30,30,108,4,0.12,443,0.5395033860045146,239,1155,59.382683982683986,41.02337662337662,204,118,0.106191,0.175926,0.544914,1.0,1236,1192,82.4
map30_r108_s4,greedy,mid,701,30,30,108,4,0.12,568,0.8345070422535211,474,2186,60.85178408051235,42.12397072278134,94,11,0.049506,0.175926,0.169222,0.851852,600,488,40.0
map30_r108_s4,greedy,mid,702,30,30,108,4,0.12,437,0.9588100686498856,419,1890,49.115873015873014,29.885714285714286,18,0,0.008494,0.111111,0.01737,0.166667,156,94,10.4
map30_r108_s4,greedy,mid,703,30,30,108,4,0.12,526,0.5741444866920152,302,1327,53.8673700075358,35.42125094197438,224,136,0.117796,0.175926,0.607352,0.981481,1404,1386,93.6
map30_r108_s4,greedy,mid,704,30,30,108,4,0.12,470,0.8063829787234043,379,1733,81.69417195614541,63.440854010386616,91,9,0.065975,0.185185,0.39816,0.740741,1159,1159,77.2667
map30_r108_s4,greedy,mid,705,30,30,108,4,0.12,523,0.4627151051625239,242,1112,70.23741007194245,52.02607913669065,281,194,0.103093,0.203704,0.629364,1.0,1337,1296,89.1333
map30_r108_s4,greedy,mid,706,30,30,108,4,0.12,555,0.6792792792792792,377,1552,61.321520618556704,42.74677835051546,178,91,0.072451,0.175926,0.553648,0.972222,1267,1228,84.4667
map30_r108_s4,greedy,mid,707,30,30,108,4,0.12,495,0.3333333333333333,165,772,68.41062176165804,50.825129533678755,330,236,0.155284,0.222222,0.78121,1.0,1470,1467,98.0
map30_r108_s4,greedy,mid,708,30,30,108,4,0.12,502,0.6872509960159362,345,1401,41.6395431834404,23.37473233404711,157,72,0.053451,0.083333,0.527932,0.962963,1184,1180,78.9333
map30_r108_s4,greedy,mid,709,30,30,108,4,0.12,547,0.40036563071297987,219,987,50.91084093211753,32.40932117527862,328,245,0.106414,0.194444,0.733494,1.0,1418,1415,94.5333
map30_r108_s4,greedy,mid,710,30,30,108,4,0.12,443,0.6433408577878104,285,1285,57.21867704280156,38.93073929961089,158,77,0.050111,0.101852,0.552623,0.990741,1377,1329,91.8
map30_r108_s4,hungarian,mid,701,30,30,108,4,0.12,568,0.5334507042253521,303,1473,60.754921928038016,42.13645621181263,265,183,0.120475,0.259259,0.446864,1.0,968,863,64.5333
map30_r108_s4,hungarian,mid,702,30,30,108,4,0.12,437,0.9610983981693364,420,1857,43.63435648896069,24.44264943457189,17,0,0.004747,0.101852,0.004969,0.12037,37,13,2.4667
map30_r108_s4,hungarian,mid,703,30,30,108,4,0.12,526,0.20912547528517111,110,605,49.8198347107438,33.14545454545455,416,332,0.107099,0.138889,0.801617,1.0,1413,1384,94.2
map30_r108_s4,hungarian,mid,704,30,30,108,4,0.12,470,0.7723404255319148,363,1611,62.16014897579144,43.79205462445686,107,24,0.039358,0.12037,0.430654,0.944444,1051,1049,70.0667
map30_r108_s4,hungarian,mid,705,30,30,108,4,0.12,523,0.722753346080306,378,1632,58.5625,39.372549019607845,145,56,0.065321,0.185185,0.495142,0.953704,1214,1162,80.9333
map30_r108_s4,hungarian,mid,706,30,30,108,4,0.12,555,0.7783783783783784,432,1806,60.43244739756368,41.732004429678845,123,34,0.048759,0.12963,0.454907,0.898148,1163,1088,77.5333
map30_r108_s4,hungarian,mid,707,30,30,108,4,0.12,495,0.23636363636363636,117,602,54.92358803986711,38.02823920265781,378,288,0.147395,0.185185,0.823253,1.0,1472,1471,98.1333
map30_r108_s4,hungarian,mid,708,30,30,108,4,0.12,502,0.7310756972111554,367,1626,50.961869618696184,32.59655596555965,135,46,0.057858,0.12963,0.420796,0.953704,987,955,65.8
map30_r108_s4,hungarian,mid,709,30,30,108,4,0.12,547,0.28884826325411334,158,817,53.17992656058752,35.2093023255814,389,305,0.15379,0.203704,0.747457,1.0,1275,1261,85.0
map30_r108_s4,hungarian,mid,710,30,30,108,4,0.12,443,0.3227990970654628,143,755,54.78013245033112,37.27814569536424,300,216,0.170198,0.222222,0.739309,1.0,1375,1316,91.6667
map30_r108_s4,jsq,mid,701,30,30,108,4,0.12,568,0.8345070422535211,474,2186,60.85178408051235,42.12397072278134,94,11,0.049506,0.175926,0.169222,0.851852,600,488,40.0
map30_r108_s4,jsq,mid,702,30,30,108,4,0.12,437,0.9588100686498856,419,1890,49.115873015873014,29.885714285714286,18,0,0.008494,0.111111,0.01737,0.166667,156,94,10.4
map30_r108_s4,jsq,mid,703,30,30,108,4,0.12,526,0.35361216730038025,186,921,60.37893593919652,41.39739413680782,340,257,0.124741,0.175926,0.699414,1.0,1385,1360,92.3333
map30_r108_s4,jsq,mid,704,30,30,108,4,0.12,470,0.8063829787234043,379,1733,81.69417195614541,63.440854010386616,91,9,0.065975,0.185185,0.39816,0.740741,1159,1159,77.2667
map30_r108_s4,jsq,mid,705,30,30,108,4,0.12,523,0.4837476099426386,253,1154,69.27209705372617,50.98266897746967,270,183,0.103099,0.203704,0.62316,1.0,1337,1296,89.1333
map30_r108_s4,jsq,mid,706,30,30,108,4,0.12,555,0.9063063063063063,503,2332,76.60806174957118,57.667667238421956,52,0,0.055025,0.148148,0.171944,0.527778,1164,1061,77.6
map30_r108_s4,jsq,mid,707,30,30,108,4,0.12,495,0.2767676767676768,137,711,51.360056258790436,33.73839662447257,358,270,0.181815,0.25,0.786698,0.990741,1470,1467,98.0
map30_r108_s4,jsq,mid,708,30,30,108,4,0.12,502,0.6892430278884463,346,1398,41.591559370529325,23.38125894134478,156,70,0.053444,0.083333,0.527704,0.962963,1184,1180,78.9333
map30_r108_s4,jsq,mid,709,30,30,108,4,0.12,547,0.526508226691042,288,1228,51.166938110749186,31.335504885993487,259,183,0.09366,0.166667,0.653642,0.981481,1320,1312,88.0
map30_r108_s4,jsq,mid,710,30,30,108,4,0.12,443,0.6501128668171557,288,1298,56.98998459167951,38.720338983050844,155,75,0.050111,0.101852,0.551043,0.972222,1377,1329,91.8
map30_r108_s4,phasec,mid,701,30,30,108,4,0.12,568,0.44190140845070425,251,1173,54.19693094629156,35.64535379369139,317,238,0.116821,0.203704,0.582296,1.0,1155,1077,77.0
map30_r108_s4,phasec,mid,702,30,30,108,4,0.12,437,0.7139588100686499,312,1372,44.15160349854227,26.09402332361516,125,50,0.063432,0.101852,0.474994,0.990741,1132,1089,75.4667
map30_r108_s4,phasec,mid,703,30,30,108,4,0.12,526,0.9600760456273765,505,2292,73.14703315881326,53.64485165794066,21,0,0.032852,0.157407,0.06929,0.314815,560,421,37.3333
map30_r108_s4,phasec,mid,704,30,30,108,4,0.12,470,0.8446808510638298,397,1817,49.369840396257565,30.632361034672538,73,7,0.039877,0.111111,0.27229,0.75,832,785,55.4667
map30_r108_s4,phasec,mid,705,30,30,108,4,0.12,523,0.6195028680688337,324,1478,64.28349120433018,45.232746955345064,199,111,0.097957,0.175926,0.508519,1.0,1156,1087,77.0667
map30_r108_s4,phasec,mid,706,30,30,108,4,0.12,555,0.5081081081081081,282,1134,47.89594356261023,30.174603174603174,273,176,0.042426,0.101852,0.66658,0.990741,1383,1383,92.2
map30_r108_s4,phasec,mid,707,30,30,108,4,0.12,495,0.7151515151515152,354,1602,59.73845193508115,41.60299625468165,141,60,0.093333,0.185185,0.500611,0.972222,1390,1275,92.6667
map30_r108_s4,phasec,mid,708,30,30,108,4,0.12,502,0.8565737051792829,430,1994,57.31243731193581,39.21514543630893,72,1,0.068753,0.185185,0.221228,0.731481,815,687,54.3333
map30_r108_s4,phasec,mid,709,30,30,108,4,0.12,547,0.6124314442413162,335,1451,54.46933149552033,35.12405237767057,212,125,0.072179,0.12963,0.569988,0.981481,1245,1228,83.0
map30_r108_s4,phasec,mid,710,30,30,108,4,0.12,443,0.33860045146726864,150,754,56.645888594164454,39.204244031830235,293,209,0.113117,0.157407,0.730735,1.0,1350,1326,90.0
map30_r108_s4,combo_s1_j1,high,701,30,30,108,4,0.12,564,0.5868794326241135,331,1510,57.03774834437086,37.81523178807947,233,147,0.091247,0.175926,0.462895,0.990741,951,902,63.4
map30_r108_s4,combo_s1_j1,high,702,30,30,108,4,0.12,549,0.6575591985428051,361,1654,68.12152357920193,48.05683192261185,188,113,0.078062,0.185185,0.515679,0.861111,1323,1303,88.2
map30_r108_s4,combo_s1_j1,high,703,30,30,108,4,0.12,578,0.32006920415224915,185,919,57.88139281828074,37.67029379760609,393,311,0.088957,0.138889,0.687198,1.0,1258,1254,83.8667
map30_r108_s4,combo_s1_j1,high,704,30,30,108,4,0.12,597,0.5008375209380235,299,1237,50.0234438156831,31.771220695230397,298,209,0.043802,0.111111,0.647358,0.981481,1324,1321,88.2667
map30_r108_s4,combo_s1_j1,high,705,30,30,108,4,0.12,598,0.3060200668896321,183,842,53.40498812351544,34.1437054631829,415,329,0.16708,0.222222,0.723883,0.990741,1316,1294,87.7333
map30_r108_s4,combo_s1_j1,high,706,30,30,108,4,0.12,566,0.4911660777385159,278,1297,65.72706245181188,48.28141865844256,288,201,0.115333,0.231481,0.584568,1.0,1211,1146,80.7333
map30_r108_s4,combo_s1_j1,high,707,30,30,108,4,0.12,523,0.5717017208413002,299,1522,51.553876478318,32.2161629434954,224,150,0.068605,0.12037,0.520451,0.990741,1284,1188,85.6
map30_r108_s4,combo_s1_j1,high,708,30,30,108,4,0.12,550,0.5854545454545454,322,1481,52.463200540175556,34.02160702228224,228,141,0.075352,0.175926,0.450691,0.981481,978,949,65.2
map30_r108_s4,combo_s1_j1,high,709,30,30,108,4,0.12,540,0.8111111111111111,438,1955,61.52992327365729,43.09360613810742,102,29,0.063451,0.203704,0.27637,0.740741,898,806,59.8667
map30_r108_s4,combo_s1_j1,high,710,30,30,108,4,0.12,542,0.4151291512915129,225,973,54.48201438848921,35.97533401849949,317,231,0.079852,0.138889,0.719907,0.981481,1362,1345,90.8
map30_r108_s4,greedy,high,701,30,30,108,4,0.12,564,0.6170212765957447,348,1455,50.97938144329897,32.50240549828179,216,130,0.118802,0.212963,0.558049,0.972222,1233,1228,82.2
map30_r108_s4,greedy,high,702,30,30,108,4,0.12,549,0.4134790528233151,227,970,45.84226804123711,28.096907216494845,322,239,0.062611,0.12037,0.738975,0.990741,1388,1383,92.5333
map30_r108_s4,greedy,high,703,30,30,108,4,0.12,578,0.22491349480968859,130,670,52.502985074626864,35.007462686567166,448,365,0.15271,0.203704,0.769537,1.0,1397,1381,93.1333
map30_r108_s4,greedy,high,704,30,30,108,4,0.12,597,0.6231155778894473,372,1588,62.3198992443325,44.08186397984887,225,136,0.084179,0.185185,0.510383,0.981481,1255,1252,83.6667
map30_r108_s4,greedy,high,705,30,30,108,4,0.12,598,0.3494983277591973,209,943,54.93001060445387,35.93425238600212,389,305,0.114111,0.148148,0.695586,1.0,1304,1261,86.9333
map30_r108_s4,greedy,high,706,30,30,108,4,0.12,566,0.42579505300353354,241,1132,65.53533568904594,46.6952296819788,325,239,0.135519,0.25,0.647253,1.0,1252,1209,83.4667
map30_r108_s4,greedy,high,707,30,30,108,4,0.12,523,0.3173996175908222,166,868,68.74193548387096,50.62672811059908,357,277,0.127352,0.212963,0.714988,1.0,1460,1435,97.3333
map30_r108_s4,greedy,high,708,30,30,108,4,0.12,550,0.5509090909090909,303,1413,50.180467091295114,31.990092002830856,247,157,0.067395,0.138889,0.454105,1.0,983,977,65.5333
map30_r108_s4,greedy,high,709,30,30,108,4,0.12,540,0.7462962962962963,403,1823,52.86560614371914,34.4075699396599,137,51,0.058278,0.157407,0.395765,0.916667,1000,936,66.6667
map30_r108_s4,greedy,high,710,30,30,108,4,0.12,542,0.6254612546125461,339,1427,70.60756832515767,51.85213735108619,203,117,0.085883,0.175926,0.581086,0.962963,1349,1310,89.9333
map30_r108_s4,hungarian,high,701,30,30,108,4,0.12,564,0.6702127659574468,378,1631,55.54261189454323,37.41630901287554,186,99,0.082698,0.157407,0.527698,0.953704,1271,1267,84.7333
map30_r108_s4,hungarian,high,702,30,30,108,4,0.12,549,0.599271402550091,329,1432,53.07332402234637,34.725558659217874,220,133,0.066142,0.111111,0.552543,0.990741,1336,1273,89.0667
map30_r108_s4,hungarian,high,703,30,30,108,4,0.12,578,0.1695501730103806,98,523,48.994263862332694,31.688336520076483,480,398,0.187586,0.222222,0.821475,1.0,1434,1413,95.6
map30_r108_s4,hungarian,high,704,30,30,108,4,0.12,597,0.5209380234505863,311,1490,71.65838926174497,53.48053691275168,286,197,0.169759,0.361111,0.475123,1.0,1177,1125,78.4667
map30_r108_s4,hungarian,high,705,30,30,108,4,0.12,598,0.7424749163879598,444,1883,68.5231014338821,49.37440254912374,154,62,0.083963,0.231481,0.424901,0.953704,1178,1128,78.5333
map30_r108_s4,hungarian,high,706,30,30,108,4,0.12,566,0.20318021201413428,115,590,48.038983050847456,29.264406779661016,451,368,0.181599,0.222222,0.814679,1.0,1380,1360,92.0
map30_r108_s4,hungarian,high,707,30,30,108,4,0.12,523,0.22179732313575526,116,617,54.403565640194486,37.82820097244733,407,319,0.182525,0.240741,0.805926,1.0,1448,1424,96.5333
map30_r108_s4,hungarian,high,708,30,30,108,4,0.12,550,0.38545454545454544,212,1094,57.1672760511883,39.00091407678245,338,257,0.141617,0.240741,0.560617,1.0,1050,961,70.0
map30_r108_s4,hungarian,high,709,30,30,108,4,0.12,540,0.2388888888888889,129,691,49.23878437047757,31.82778581765557,411,323,0.122698,0.175926,0.77187,1.0,1385,1384,92.3333
map30_r108_s4,hungarian,high,710,30,30,108,4,0.12,542,0.42066420664206644,228,1109,64.30027051397656,45.81965734896303,314,227,0.103673,0.157407,0.632469,1.0,1377,1347,91.8
map30_r108_s4,jsq,high,701,30,30,108,4,0.12,564,0.624113475177305,352,1484,50.762129380053906,32.617924528301884,212,126,0.119259,0.185185,0.554827,0.962963,1233,1228,82.2
map30_r108_s4,jsq,high,702,30,30,108,4,0.12,549,0.43169398907103823,237,1010,45.55940594059406,27.703960396039605,312,230,0.062611,0.12037,0.73316,0.990741,1388,1383,92.5333
map30_r108_s4,jsq,high,703,30,30,108,4,0.12,578,0.5588235294117647,323,1555,71.52990353697749,52.19614147909968,255,180,0.101833,0.212963,0.564895,0.916667,1404,1395,93.6
map30_r108_s4,jsq,high,704,30,30,108,4,0.12,597,0.6314907872696818,377,1621,62.03578038247995,43.6533004318322,220,135,0.08421,0.185185,0.504302,0.935185,1255,1252,83.6667
map30_r108_s4,jsq,high,705,30,30,108,4,0.12,598,0.3795986622073579,227,1004,54.33764940239044,34.93525896414343,371,287,0.114105,0.148148,0.685154,0.990741,1304,1261,86.9333
map30_r108_s4,jsq,high,706,30,30,108,4,0.12,566,0.549469964664311,311,1327,54.040693293142425,35.92464204973625,255,169,0.051531,0.148148,0.6215,0.972222,1296,1245,86.4
map30_r108_s4,jsq,high,707,30,30,108,4,0.12,523,0.49904397705544934,261,1403,87.86172487526729,68.25160370634354,262,200,0.085944,0.175926,0.611451,0.962963,1460,1440,97.3333
map30_r108_s4,jsq,high,708,30,30,108,4,0.12,550,0.5654545454545454,311,1439,50.091730368311325,31.811674774148713,239,148,0.067401,0.138889,0.450099,0.972222,983,977,65.5333
map30_r108_s4,jsq,high,709,30,30,108,4,0.12,540,0.5370370370370371,290,1403,54.0591589451176,35.831789023521026,250,167,0.109019,0.194444,0.492302,0.990741,1005,946,67.0
map30_r108_s4,jsq,high,710,30,30,108,4,0.12,542,0.6199261992619927,336,1427,71.05676243868255,52.01191310441486,206,129,0.085864,0.175926,0.578895,0.935185,1349,1310,89.9333
map30_r108_s4,phasec,high,701,30,30,108,4,0.12,564,0.3546099290780142,200,910,49.143956043956045,31.694505494505496,364,277,0.147346,0.203704,0.690877,1.0,1265,1216,84.3333
map30_r108_s4,phasec,high,702,30,30,108,4,0.12,549,0.8852459016393442,486,2304,78.88671875,59.891927083333336,63,1,0.056259,0.185185,0.184148,0.481481,1378,1260,91.8667
map30_r108_s4,phasec,high,703,30,30,108,4,0.12,578,0.5397923875432526,312,1504,63.087101063829785,44.494680851063826,266,182,0.107099,0.203704,0.516043,1.0,1155,1127,77.0
map30_r108_s4,phasec,high,704,30,30,108,4,0.12,597,0.8710217755443886,520,2387,81.4147465437788,62.604105571847505,77,1,0.046802,0.203704,0.163154,0.648148,1191,1081,79.4
map30_r108_s4,phasec,high,705,30,30,108,4,0.12,598,0.3010033444816054,180,860,55.49418604651163,36.65,418,335,0.15687,0.212963,0.711395,1.0,1296,1264,86.4
map30_r108_s4,phasec,high,706,30,30,108,4,0.12,566,0.28975265017667845,164,819,57.79120879120879,39.847374847374844,402,318,0.127951,0.212963,0.74029,1.0,1312,1258,87.4667
map30_r108_s4,phasec,high,707,30,30,108,4,0.12,523,0.8776290630975143,459,2236,62.5371198568873,43.58631484794275,64,8,0.025506,0.092593,0.114111,0.407407,890,562,59.3333
map30_r108_s4,phasec,high,708,30,30,108,4,0.12,550,0.7672727272727272,422,1865,53.68632707774799,35.20268096514745,128,44,0.04958,0.138889,0.347241,0.907407,868,832,57.8667
map30_r108_s4,phasec,high,709,30,30,108,4,0.12,540,0.6555555555555556,354,1585,53.10031545741325,34.69526813880126,186,105,0.091315,0.175926,0.504321,0.962963,1096,1031,73.0667
map30_r108_s4,phasec,high,710,30,30,108,4,0.12,542,0.43911439114391143,238,1057,51.48628192999054,33.61494796594134,304,221,0.10734,0.166667,0.689889,1.0,1327,1291,88.4667
map30_r135_s4,combo_s1_j1,low,701,30,30,135,4,0.15,496,0.8024193548387096,398,1670,81.28023952095809,63.635928143712576,98,15,0.06242,0.133333,0.408173,0.644444,1343,1287,89.5333
map30_r135_s4,combo_s1_j1,low,702,30,30,135,4,0.15,339,0.9557522123893806,324,1414,44.61598302687412,24.765205091937766,15,0,0.003906,0.074074,0.002173,0.081481,7,0,0.4667
map30_r135_s4,combo_s1_j1,low,703,30,30,135,4,0.15,563,0.5861456483126111,330,1520,75.90921052631579,57.94802631578948,233,126,0.063457,0.148148,0.408163,0.874074,941,874,62.7333
map30_r135_s4,combo_s1_j1,low,704,30,30,135,4,0.15,536,0.5764925373134329,309,1471,54.940176750509856,36.79741672331747,227,120,0.069916,0.125926,0.415437,0.933333,1014,968,67.6
map30_r135_s4,combo_s1_j1,low,705,30,30,135,4,0.15,470,0.9574468085106383,450,1960,58.704081632653065,39.14081632653061,20,0,0.022425,0.103704,0.03716,0.192593,254,170,16.9333
map30_r135_s4,combo_s1_j1,low,706,30,30,135,4,0.15,521,0.6737044145873321,351,1464,55.64275956284153,37.89344262295082,170,74,0.068909,0.118519,0.463417,0.844444,1244,1208,82.9333
map30_r135_s4,combo_s1_j1,low,707,30,30,135,4,0.15,338,0.7189349112426036,243,1197,42.62907268170426,24.762740183792815,95,3,0.073694,0.111111,0.359719,0.77037,1218,1191,81.2
map30_r135_s4,combo_s1_j1,low,708,30,30,135,4,0.15,356,0.952247191011236,339,1404,52.013532763532766,32.37535612535613,17,0,0.016173,0.066667,0.0212,0.074074,9,0,0.6
map30_r135_s4,combo_s1_j1,low,709,30,30,135,4,0.15,404,0.5272277227722773,213,1059,50.3805476864967,31.6081208687441,191,84,0.108943,0.162963,0.554558,0.955556,1243,1243,82.8667
map30_r135_s4,combo_s1_j1,low,710,30,30,135,4,0.15,374,0.6737967914438503,252,1147,61.29119442022668,43.20575414123801,122,36,0.0388,0.081481,0.467368,0.785185,1263,1246,84.2
map30_r135_s4,greedy,low,701,30,30,135,4,0.15,496,0.8830645161290323,438,1979,85.82263769580597,67.38807478524507,58,2,0.062607,0.17037,0.247536,0.466667,1398,1354,93.2
map30_r135_s4,greedy,low,702,30,30,135,4,0.15,339,0.9528023598820059,323,1427,41.550805886475125,22.02032235459005,16,0,0.003309,0.037037,0.001714,0.02963,0,0,0.0
map30_r135_s4,greedy,low,703,30,30,135,4,0.15,563,0.24511545293072823,138,691,61.0520984081042,44.237337192474676,425,307,0.125595,0.162963,0.732094,1.0,1441,1415,96.0667
map30_r135_s4,greedy,low,704,30,30,135,4,0.15,536,0.789179104477612,423,1929,73.95334370139969,55.79523068947641,113,30,0.038711,0.125926,0.238306,0.688889,843,737,56.2
map30_r135_s4,greedy,low,705,30,30,135,4,0.15,470,0.6468085106382979,304,1301,81.84627209838585,64.10914681014604,166,76,0.068519,0.125926,0.51878,0.822222,1382,1369,92.1333
map30_r135_s4,greedy,low,706,30,30,135,4,0.15,521,0.3742802303262956,195,941,59.85653560042508,41.64505844845909,326,210,0.098133,0.162963,0.618089,0.992593,1274,1242,84.9333
map30_r135_s4,greedy,low,707,30,30,135,4,0.15,338,0.3875739644970414,131,694,48.31123919308357,32.174351585014406,207,103,0.087269,0.133333,0.682188,1.0,1467,1458,97.8
map30_r135_s4,greedy,low,708,30,30,135,4,0.15,356,0.9606741573033708,342,1422,49.086497890295355,29.845991561181435,14,0,0.012356,0.103704,0.013279,0.096296,14,0,0.9333
map30_r135_s4,greedy,low,709,30,30,135,4,0.15,404,0.5495049504950495,222,1084,49.86623616236162,31.427121771217713,182,82,0.078785,0.140741,0.532938,0.940741,1211,1211,80.7333
map30_r135_s4,greedy,low,710,30,30,135,4,0.15,374,0.6149732620320856,230,1031,50.350145489815716,33.126091173617844,144,49,0.066306,0.096296,0.558331,0.874074,1421,1407,94.7333
map30_r135_s4,hungarian,low,701,30,30,135,4,0.15,496,0.9516129032258065,472,2049,88.47193753050269,69.88335773548073,24,0,0.041812,0.111111,0.183541,0.37037,1269,1171,84.6
map30_r135_s4,hungarian,low,702,30,30,135,4,0.15,339,0.9616519174041298,326,1426,42.60659186535764,23.107994389901823,13,0,0.00281,0.066667,0.0008,0.02963,0,0,0.0
map30_r135_s4,hungarian,low,703,30,30,135,4,0.15,563,0.6483126110124334,365,1510,61.25165562913907,43.682119205298015,198,88,0.064311,0.118519,0.505704,0.844444,1414,1403,94.2667
map30_r135_s4,hungarian,low,704,30,30,135,4,0.15,536,0.7817164179104478,419,1734,78.2358708189158,59.96712802768166,117,18,0.049067,0.148148,0.372489,0.696296,1236,1226,82.4
map30_r135_s4,hungarian,low,705,30,30,135,4,0.15,470,0.6531914893617021,307,1296,68.36265432098766,50.905092592592595,163,63,0.045477,0.103704,0.525457,0.822222,1415,1393,94.3333
map30_r135_s4,hungarian,low,706,30,30,135,4,0.15,521,0.3761996161228407,196,944,53.918432203389834,36.47563559322034,325,215,0.088993,0.155556,0.635531,1.0,1232,1200,82.1333
map30_r135_s4,hungarian,low,707,30,30,135,4,0.15,338,0.742603550295858,251,1188,112.51262626262626,95.05218855218855,87,0,0.056074,0.125926,0.515057,0.762963,1467,1458,97.8
map30_r135_s4,hungarian,low,708,30,30,135,4,0.15,356,0.7780898876404494,277,1325,44.19169811320755,26.44301886792453,79,0,0.042099,0.103704,0.426632,0.718519,1265,1256,84.3333
map30_r135_s4,hungarian,low,709,30,30,135,4,0.15,404,0.6262376237623762,253,1309,58.45836516424752,40.9633307868602,151,49,0.070336,0.118519,0.410415,0.911111,1054,1046,70.2667
map30_r135_s4,hungarian,low,710,30,30,135,4,0.15,374,0.6016042780748663,225,936,55.76816239316239,38.917735042735046,149,50,0.061343,0.096296,0.583358,0.874074,1423,1407,94.8667
map30_r135_s4,jsq,low,701,30,30,135,4,0.15,496,0.9495967741935484,471,2038,90.2350343473994,71.32384690873405,25,1,0.039723,0.103704,0.175249,0.362963,1244,1136,82.9333
map30_r135_s4,jsq,low,702,30,30,135,4,0.15,339,0.9528023598820059,323,1427,41.550805886475125,22.02032235459005,16,0,0.003309,0.037037,0.001714,0.02963,0,0,0.0
map30_r135_s4,jsq,low,703,30,30,135,4,0.15,563,0.26287744227353466,148,724,60.65469613259668,43.498618784530386,415,297,0.125595,0.162963,0.727472,0.985185,1441,1415,96.0667
map30_r135_s4,jsq,low,704,30,30,135,4,0.15,536,0.667910447761194,358,1481,83.64550979068197,65.83659689399055,178,88,0.044731,0.103704,0.432059,0.748148,1248,1239,83.2
map30_r135_s4,jsq,low,705,30,30,135,4,0.15,470,0.6468085106382979,304,1301,81.84627209838585,64.10914681014604,166,76,0.068519,0.125926,0.51878,0.822222,1382,1369,92.1333
map30_r135_s4,jsq,low,706,30,30,135,4,0.15,521,0.3761996161228407,196,947,59.65469904963041,41.46990496304118,325,209,0.098138,0.162963,0.617383,0.992593,1274,1242,84.9333
map30_r135_s4,jsq,low,707,30,30,135,4,0.15,338,0.40828402366863903,138,721,48.26490984743412,31.7628294036061,200,96,0.087269,0.133333,0.678514,1.0,1467,1458,97.8
map30_r135_s4,jsq,low,708,30,30,135,4,0.15,356,0.9606741573033708,342,1422,49.086497890295355,29.845991561181435,14,0,0.012356,0.103704,0.013279,0.096296,14,0,0.9333
map30_r135_s4,jsq,low,709,30,30,135,4,0.15,404,0.6237623762376238,252,1278,64.35054773082942,46.54851330203443,152,50,0.074193,0.133333,0.437017,0.925926,1072,1068,71.4667
map30_r135_s4,jsq,low,710,30,30,135,4,0.15,374,0.6149732620320856,230,1031,50.350145489815716,33.126091173617844,144,49,0.066306,0.096296,0.558331,0.874074,1421,1407,94.7333
map30_r135_s4,phasec,low,701,30,30,135,4,0.15,496,0.6209677419354839,308,1256,46.11624203821656,28.712579617834393,188,89,0.155546,0.2,0.517659,0.837037,1346,1298,89.7333
map30_r135_s4,phasec,low,702,30,30,135,4,0.15,339,0.911504424778761,309,1392,46.95043103448276,27.39727011494253,30,0,0.056435,0.148148,0.057827,0.140741,606,461,40.4
map30_r135_s4,phasec,low,703,30,30,135,4,0.15,563,0.7424511545293073,418,1877,58.5966968566862,40.31166755460842,145,61,0.033881,0.088889,0.290859,0.748148,920,875,61.3333
map30_r135_s4,phasec,low,704,30,30,135,4,0.15,536,0.4197761194029851,225,1072,46.20429104477612,28.399253731343283,311,202,0.048405,0.074074,0.539867,1.0,1048,1045,69.8667
map30_r135_s4,phasec,low,705,30,30,135,4,0.15,470,0.8361702127659575,393,1778,50.92800899887514,32.81214848143982,77,6,0.067215,0.155556,0.238153,0.688889,742,704,49.4667
map30_r135_s4,phasec,low,706,30,30,135,4,0.15,521,0.6948176583493282,362,1519,57.66293614219882,40.27123107307439,159,62,0.07679,0.185185,0.462869,0.837037,1279,1217,85.2667
map30_r135_s4,phasec,low,707,30,30,135,4,0.15,338,0.9171597633136095,310,1460,47.23835616438356,27.79794520547945,28,0,0.039022,0.133333,0.043842,0.177778,456,89,30.4
map30_r135_s4,phasec,low,708,30,30,135,4,0.15,356,0.8033707865168539,286,1303,45.792018419033,26.786646201074443,70,0,0.047556,0.088889,0.332588,0.62963,1182,1169,78.8
map30_r135_s4,phasec,low,709,30,30,135,4,0.15,404,0.37623762376237624,152,765,42.67058823529412,24.737254901960785,252,139,0.085175,0.111111,0.673926,0.992593,1370,1366,91.3333
map30_r135_s4,phasec,low,710,30,30,135,4,0.15,374,0.8128342245989305,304,1433,53.67271458478716,35.064200976971385,70,5,0.055121,0.125926,0.221116,0.622222,987,965,65.8
map30_r135_s4,combo_s1_j1,mid,701,30,30,135,4,0.15,568,0.6971830985915493,396,1751,61.09366076527699,42.936607652769844,172,77,0.068973,0.207407,0.35957,0.822222,1039,972,69.2667
map30_r135_s4,combo_s1_j1,mid,702,30,30,135,4,0.15,437,0.5743707093821511,251,1088,41.497242647058826,24.300551470588236,186,87,0.048128,0.088889,0.589309,0.896296,1349,1346,89.9333
map30_r135_s4,combo_s1_j1,mid,703,30,30,135,4,0.15,526,0.5038022813688213,265,1266,67.1911532385466,48.6390205371248,261,149,0.096583,0.17037,0.517116,0.985185,1181,1131,78.7333
map30_r135_s4,combo_s1_j1,mid,704,30,30,135,4,0.15,470,0.9425531914893617,443,1982,55.29868819374369,35.609989909182644,27,0,0.018578,0.088889,0.020356,0.118519,55,10,3.6667
map30_r135_s4,combo_s1_j1,mid,705,30,30,135,4,0.15,523,0.8164435946462715,427,1850,84.00486486486487,65.97081081081082,96,18,0.056252,0.17037,0.372405,0.62963,1307,1291,87.1333
map30_r135_s4,combo_s1_j1,mid,706,30,30,135,4,0.15,555,0.5333333333333333,296,1331,64.53944402704734,45.986476333583774,259,143,0.0792,0.148148,0.521956,0.97037,1235,1118,82.3333
map30_r135_s4,combo_s1_j1,mid,707,30,30,135,4,0.15,495,0.6606060606060606,327,1498,52.859145527369826,34.87917222963952,168,63,0.070454,0.118519,0.481689,0.888889,1365,1259,91.0
map30_r135_s4,combo_s1_j1,mid,708,30,30,135,4,0.15,502,0.6952191235059761,349,1630,63.34171779141104,45.70858895705521,153,61,0.071669,0.155556,0.323402,0.82963,1002,892,66.8
map30_r135_s4,combo_s1_j1,mid,709,30,30,135,4,0.15,547,0.4826325411334552,264,1268,55.02917981072555,37.18375394321767,283,174,0.076889,0.118519,0.530998,0.992593,1127,1104,75.1333
map30_r135_s4,combo_s1_j1,mid,710,30,30,135,4,0.15,443,0.672686230248307,298,1291,46.80712625871418,28.857474825716498,145,64,0.052444,0.103704,0.422588,0.718519,1204,1201,80.2667
map30_r135_s4,greedy,mid,701,30,30,135,4,0.15,568,0.34330985915492956,195,917,60.70556161395856,42.895310796074156,373,254,0.077343,0.118519,0.660405,1.0,1377,1362,91.8
map30_r135_s4,greedy,mid,702,30,30,135,4,0.15,437,0.954233409610984,417,1895,51.9778364116095,32.50237467018469,20,0,0.006632,0.066667,0.015526,0.162963,103,26,6.8667
map30_r135_s4,greedy,mid,703,30,30,135,4,0.15,526,0.6121673003802282,322,1350,81.6762962962963,63.998518518518516,204,94,0.069941,0.155556,0.537812,0.925926,1421,1408,94.7333
map30_r135_s4,greedy,mid,704,30,30,135,4,0.15,470,0.8106382978723404,381,1737,51.46286701208981,32.93091537132988,89,8,0.038622,0.111111,0.268138,0.718519,904,900,60.2667
map30_r135_s4,greedy,mid,705,30,30,135,4,0.15,523,0.5066921606118547,265,1144,97.6013986013986,78.9458041958042,258,134,0.122637,0.177778,0.597733,0.962963,1396,1386,93.0667
map30_r135_s4,greedy,mid,706,30,30,135,4,0.15,555,0.5117117117117117,284,1179,69.88210347752333,52.474978795589486,271,153,0.133541,0.2,0.57961,0.97037,1318,1295,87.8667
map30_r135_s4,greedy,mid,707,30,30,135,4,0.15,495,0.27474747474747474,136,651,44.906298003072195,28.672811059907833,359,242,0.113462,0.155556,0.767477,1.0,1471,1465,98.0667
map30_r135_s4,greedy,mid,708,30,30,135,4,0.15,502,0.8127490039840638,408,1858,56.346609257265875,38.26318622174381,94,12,0.027728,0.088889,0.256267,0.681481,837,768,55.8
map30_r135_s4,greedy,mid,709,30,30,135,4,0.15,547,0.42413162705667273,232,1097,60.458523245214224,41.57702825888788,315,204,0.098074,0.148148,0.610849,1.0,1232,1205,82.1333
map30_r135_s4,greedy,mid,710,30,30,135,4,0.15,443,0.7471783295711061,331,1449,66.03174603174604,48.28433402346446,112,26,0.057521,0.111111,0.364844,0.725926,1416,1401,94.4
map30_r135_s4,hungarian,mid,701,30,30,135,4,0.15,568,0.5492957746478874,312,1376,84.62136627906976,67.26162790697674,256,131,0.085916,0.162963,0.534444,0.985185,1389,1367,92.6
map30_r135_s4,hungarian,mid,702,30,30,135,4,0.15,437,0.7848970251716247,343,1632,51.44117647058823,32.893382352941174,94,14,0.04519,0.118519,0.325556,0.718519,1204,1164,80.2667
map30_r135_s4,hungarian,mid,703,30,30,135,4,0.15,526,0.2414448669201521,127,641,54.65990639625585,38.811232449297975,399,282,0.123136,0.155556,0.760558,1.0,1430,1414,95.3333
map30_r135_s4,hungarian,mid,704,30,30,135,4,0.15,470,0.7702127659574468,362,1626,78.16666666666667,60.73862238622386,108,17,0.038879,0.096296,0.383699,0.762963,1129,1119,75.2667
map30_r135_s4,hungarian,mid,705,30,30,135,4,0.15,523,0.48565965583174,254,1028,99.64688715953308,81.47081712062257,269,146,0.111985,0.162963,0.666923,0.977778,1434,1432,95.6
map30_r135_s4,hungarian,mid,706,30,30,135,4,0.15,555,0.4306306306306306,239,1054,58.81024667931689,40.5,316,198,0.086316,0.162963,0.622395,1.0,1282,1275,85.4667
map30_r135_s4,hungarian,mid,707,30,30,135,4,0.15,495,0.3898989898989899,193,877,73.87571265678449,57.346636259977195,302,182,0.094262,0.162963,0.714,1.0,1473,1471,98.2
map30_r135_s4,hungarian,mid,708,30,30,135,4,0.15,502,0.7151394422310757,359,1681,53.685901249256396,35.88399762046401,143,55,0.052104,0.140741,0.279363,0.814815,739,712,49.2667
map30_r135_s4,hungarian,mid,709,30,30,135,4,0.15,547,0.7330895795246801,401,1747,60.01831711505438,41.71379507727533,146,57,0.067378,0.140741,0.38039,0.777778,1116,1030,74.4
map30_r135_s4,hungarian,mid,710,30,30,135,4,0.15,443,0.654627539503386,290,1222,76.82733224222586,59.15220949263502,153,39,0.061417,0.103704,0.578563,0.896296,1411,1401,94.0667
map30_r135_s4,jsq,mid,701,30,30,135,4,0.15,568,0.3257042253521127,185,883,58.9841449603624,41.425821064552665,383,266,0.078958,0.118519,0.668849,1.0,1377,1362,91.8
map30_r135_s4,jsq,mid,702,30,30,135,4,0.15,437,0.954233409610984,417,1895,51.9778364116095,32.50237467018469,20,0,0.006632,0.066667,0.015526,0.162963,103,26,6.8667
map30_r135_s4,jsq,mid,703,30,30,135,4,0.15,526,0.30228136882129275,159,770,60.85454545454545,43.80909090909091,367,255,0.1064,0.177778,0.726598,0.985185,1427,1407,95.1333
map30_r135_s4,jsq,mid,704,30,30,135,4,0.15,470,0.6510638297872341,306,1454,65.78748280605227,47.72077028885832,164,56,0.075595,0.155556,0.389704,0.962963,903,900,60.2
map30_r135_s4,jsq,mid,705,30,30,135,4,0.15,523,0.5066921606118547,265,1144,97.60576923076923,78.9493006993007,258,134,0.122637,0.177778,0.597664,0.955556,1396,1386,93.0667
map30_r135_s4,jsq,mid,706,30,30,135,4,0.15,555,0.6378378378378379,354,1406,62.953769559032715,44.184921763869134,201,86,0.047027,0.140741,0.547886,0.896296,1363,1360,90.8667
map30_r135_s4,jsq,mid,707,30,30,135,4,0.15,495,0.2828282828282828,140,669,45.06726457399103,28.626307922272048,355,239,0.113462,0.155556,0.76521,1.0,1471,1465,98.0667
map30_r135_s4,jsq,mid,708,30,30,135,4,0.15,502,0.8147410358565738,409,1863,56.33923778851315,38.25764895330113,93,13,0.027758,0.088889,0.255546,0.666667,837,768,55.8
map30_r135_s4,jsq,mid,709,30,30,135,4,0.15,547,0.5045703839122486,276,1123,45.80320569902048,28.252894033837933,271,167,0.073832,0.140741,0.64801,0.933333,1446,1437,96.4
map30_r135_s4,jsq,mid,710,30,30,135,4,0.15,443,0.7471783295711061,331,1449,66.03174603174604,48.28433402346446,112,26,0.057521,0.111111,0.364844,0.725926,1416,1401,94.4
map30_r135_s4,phasec,mid,701,30,30,135,4,0.15,568,0.3626760563380282,206,1041,59.77137367915466,42.08261287223823,362,250,0.141007,0.244444,0.572978,1.0,1061,991,70.7333
map30_r135_s4,phasec,mid,702,30,30,135,4,0.15,437,0.5537757437070938,242,1072,41.99813432835821,24.961753731343283,195,98,0.087684,0.125926,0.588835,0.896296,1340,1340,89.3333
map30_r135_s4,phasec,mid,703,30,30,135,4,0.15,526,0.7946768060836502,418,1911,60.890633176347464,42.490319204604916,108,34,0.033709,0.118519,0.294217,0.703704,985,890,65.6667
map30_r135_s4,phasec,mid,704,30,30,135,4,0.15,470,0.42340425531914894,199,928,47.30172413793103,29.126077586206897,271,161,0.058533,0.088889,0.601358,1.0,1165,1151,77.6667
map30_r135_s4,phasec,mid,705,30,30,135,4,0.15,523,0.4474187380497132,234,1047,56.264565425023875,38.343839541547275,289,175,0.055689,0.118519,0.594464,1.0,1264,1255,84.2667
map30_r135_s4,phasec,mid,706,30,30,135,4,0.15,555,0.4918918918918919,273,1231,63.689683184402924,46.10235580828595,282,163,0.095427,0.155556,0.540825,0.962963,1195,1119,79.6667
map30_r135_s4,phasec,mid,707,30,30,135,4,0.15,495,0.28484848484848485,141,683,39.096632503660324,21.887262079062957,354,241,0.103585,0.118519,0.748523,1.0,1402,1398,93.4667
map30_r135_s4,phasec,mid,708,30,30,135,4,0.15,502,0.7211155378486056,362,1538,56.28218465539662,37.9109232769831,140,53,0.058746,0.140741,0.388227,0.755556,1179,1124,78.6
map30_r135_s4,phasec,mid,709,30,30,135,4,0.15,547,0.4296160877513711,235,1113,53.18598382749326,35.42228212039533,312,207,0.067012,0.103704,0.586281,1.0,1124,1114,74.9333
map30_r135_s4,phasec,mid,710,30,30,135,4,0.15,443,0.6884875846501128,305,1217,78.45357436318817,60.016433853738704,138,51,0.092212,0.192593,0.501353,0.748148,1366,1345,91.0667
map30_r135_s4,combo_s1_j1,high,701,30,30,135,4,0.15,564,0.6312056737588653,356,1497,53.12358049432198,35.532398129592515,208,109,0.037027,0.103704,0.475758,0.859259,1212,1194,80.8
map30_r135_s4,combo_s1_j1,high,702,30,30,135,4,0.15,549,0.29690346083788705,163,759,54.76679841897233,37.03030303030303,386,272,0.150044,0.192593,0.716528,0.992593,1372,1349,91.4667
map30_r135_s4,combo_s1_j1,high,703,30,30,135,4,0.15,578,0.6643598615916955,384,1817,80.90919097413318,62.22344523940561,194,76,0.085388,0.214815,0.343635,0.948148,951,873,63.4
map30_r135_s4,combo_s1_j1,high,704,30,30,135,4,0.15,597,0.46733668341708545,279,1244,57.541800643086816,38.796623794212216,318,208,0.099032,0.155556,0.559457,0.985185,1193,1166,79.5333
map30_r135_s4,combo_s1_j1,high,705,30,30,135,4,0.15,598,0.5284280936454849,316,1396,70.90186246418338,52.09025787965616,282,165,0.107388,0.177778,0.507921,0.962963,1208,1179,80.5333
map30_r135_s4,combo_s1_j1,high,706,30,30,135,4,0.15,566,0.5777385159010601,327,1359,53.67255334805004,35.71376011773363,239,137,0.057679,0.125926,0.529294,0.851852,1300,1286,86.6667
map30_r135_s4,combo_s1_j1,high,707,30,30,135,4,0.15,523,0.5334608030592735,279,1343,86.55323901712583,67.65748324646314,244,143,0.092998,0.2,0.593679,1.0,1395,1386,93.0
map30_r135_s4,combo_s1_j1,high,708,30,30,135,4,0.15,550,0.7054545454545454,388,1674,60.96594982078853,42.81242532855436,162,65,0.039674,0.103704,0.408069,0.82963,1140,1134,76.0
map30_r135_s4,combo_s1_j1,high,709,30,30,135,4,0.15,540,0.6685185185185185,361,1625,53.201846153846155,34.82092307692308,179,94,0.036795,0.088889,0.396583,0.8,1024,1017,68.2667
map30_r135_s4,combo_s1_j1,high,710,30,30,135,4,0.15,542,0.4280442804428044,232,1002,66.86526946107784,48.34231536926148,310,197,0.073304,0.155556,0.626706,0.977778,1299,1293,86.6
map30_r135_s4,greedy,high,701,30,30,135,4,0.15,564,0.6276595744680851,354,1491,50.899396378269614,33.21730382293762,210,107,0.082943,0.125926,0.512128,0.874074,1384,1363,92.2667
map30_r135_s4,greedy,high,702,30,30,135,4,0.15,549,0.5956284153005464,327,1429,50.9370188943317,33.23792862141357,222,113,0.04641,0.118519,0.515664,0.903704,1355,1323,90.3333
map30_r135_s4,greedy,high,703,30,30,135,4,0.15,578,0.6384083044982699,369,1530,111.36732026143791,93.53856209150327,209,87,0.078953,0.155556,0.523714,0.777778,1456,1434,97.0667
map30_r135_s4,greedy,high,704,30,30,135,4,0.15,597,0.7269681742043551,434,1809,73.38750690989497,55.759535655058045,163,59,0.044854,0.103704,0.425694,0.807407,1312,1302,87.4667
map30_r135_s4,greedy,high,705,30,30,135,4,0.15,598,0.44648829431438125,267,1133,89.7378640776699,71.3027360988526,331,207,0.099862,0.17037,0.6236,1.0,1381,1381,92.0667
map30_r135_s4,greedy,high,706,30,30,135,4,0.15,566,0.5565371024734982,315,1337,73.86761406133134,55.78010471204188,251,137,0.082262,0.133333,0.554089,0.97037,1345,1340,89.6667
map30_r135_s4,greedy,high,707,30,30,135,4,0.15,523,0.8164435946462715,427,1941,89.62802679031427,71.34003091190108,96,12,0.034652,0.148148,0.356494,0.666667,1435,1393,95.6667
map30_r135_s4,greedy,high,708,30,30,135,4,0.15,550,0.5381818181818182,296,1430,55.24055944055944,37.341958041958044,254,137,0.099185,0.185185,0.44444,0.977778,1032,961,68.8
map30_r135_s4,greedy,high,709,30,30,135,4,0.15,540,0.6314814814814815,341,1496,52.279411764705884,34.3048128342246,199,107,0.051857,0.118519,0.453333,0.8,1123,1118,74.8667
map30_r135_s4,greedy,high,710,30,30,135,4,0.15,542,0.6143911439114391,333,1391,67.19338605319913,49.19194823867721,209,102,0.072825,0.140741,0.512247,0.874074,1397,1385,93.1333
map30_r135_s4,hungarian,high,701,30,30,135,4,0.15,564,0.7819148936170213,441,1870,70.9566844919786,52.545989304812835,123,37,0.049842,0.111111,0.374751,0.718519,1391,1372,92.7333
map30_r135_s4,hungarian,high,702,30,30,135,4,0.15,549,0.20036429872495445,110,594,57.552188552188554,41.04040404040404,439,325,0.203274,0.251852,0.781062,1.0,1366,1355,91.0667
map30_r135_s4,hungarian,high,703,30,30,135,4,0.15,578,0.5501730103806228,318,1308,84.40290519877676,66.76070336391437,260,137,0.075758,0.125926,0.604415,0.992593,1472,1465,98.1333
map30_r135_s4,hungarian,high,704,30,30,135,4,0.15,597,0.46901172529313234,280,1192,81.48238255033557,63.57802013422819,317,195,0.090785,0.140741,0.609072,1.0,1286,1286,85.7333
map30_r135_s4,hungarian,high,705,30,30,135,4,0.15,598,0.32608695652173914,195,895,57.06145251396648,40.02122905027933,403,291,0.150533,0.192593,0.705012,1.0,1388,1372,92.5333
map30_r135_s4,hungarian,high,706,30,30,135,4,0.15,566,0.508833922261484,288,1149,45.518711923411665,27.708442123585726,278,177,0.10601,0.148148,0.609635,0.896296,1395,1384,93.0
map30_r135_s4,hungarian,high,707,30,30,135,4,0.15,523,0.27533460803059273,144,756,112.04629629629629,95.55820105820106,379,275,0.096519,0.17037,0.745496,1.0,1447,1402,96.4667
map30_r135_s4,hungarian,high,708,30,30,135,4,0.15,550,0.5945454545454546,327,1496,61.356283422459896,43.57085561497326,223,112,0.054262,0.096296,0.429116,0.933333,1147,1108,76.4667
map30_r135_s4,hungarian,high,709,30,30,135,4,0.15,540,0.3074074074074074,166,926,55.86285097192225,38.41360691144708,374,263,0.069546,0.118519,0.644914,1.0,1241,1232,82.7333
map30_r135_s4,hungarian,high,710,30,30,135,4,0.15,542,0.5055350553505535,274,1208,71.23592715231788,53.69453642384106,268,147,0.077748,0.140741,0.561867,0.985185,1414,1411,94.2667
map30_r135_s4,jsq,high,701,30,30,135,4,0.15,564,0.6276595744680851,354,1491,50.88799463447351,33.21059691482227,210,107,0.082943,0.125926,0.512069,0.874074,1384,1363,92.2667
map30_r135_s4,jsq,high,702,30,30,135,4,0.15,549,0.5956284153005464,327,1429,50.9370188943317,33.23792862141357,222,113,0.04641,0.118519,0.515664,0.903704,1355,1323,90.3333
map30_r135_s4,jsq,high,703,30,30,135,4,0.15,578,0.31314878892733566,181,840,68.65238095238095,51.60952380952381,397,279,0.11963,0.17037,0.70122,0.992593,1450,1426,96.6667
map30_r135_s4,jsq,high,704,30,30,135,4,0.15,597,0.7336683417085427,438,1760,83.95,65.99602272727273,159,59,0.043531,0.118519,0.417946,0.718519,1252,1238,83.4667
map30_r135_s4,jsq,high,705,30,30,135,4,0.15,598,0.49331103678929766,295,1213,97.42044517724649,78.85078318219291,303,178,0.102435,0.192593,0.619131,0.977778,1381,1381,92.0667
map30_r135_s4,jsq,high,706,30,30,135,4,0.15,566,0.6501766784452296,368,1569,57.99171446781389,39.96112173358827,198,101,0.058351,0.118519,0.483081,0.82963,1387,1373,92.4667
map30_r135_s4,jsq,high,707,30,30,135,4,0.15,523,0.8164435946462715,427,1941,89.62802679031427,71.34003091190108,96,12,0.034652,0.148148,0.356494,0.666667,1435,1393,95.6667
map30_r135_s4,jsq,high,708,30,30,135,4,0.15,550,0.5381818181818182,296,1431,55.22781271837876,37.327044025157235,254,137,0.099185,0.185185,0.444356,0.977778,1032,961,68.8
map30_r135_s4,jsq,high,709,30,30,135,4,0.15,540,0.4666666666666667,252,1174,51.09114139693356,32.89182282793867,288,176,0.082647,0.148148,0.557763,1.0,1233,1233,82.2
map30_r135_s4,jsq,high,710,30,30,135,4,0.15,542,0.6143911439114391,333,1391,67.19338605319913,49.19194823867721,209,102,0.072825,0.140741,0.512247,0.874074,1397,1385,93.1333
map30_r135_s4,phasec,high,701,30,30,135,4,0.15,564,0.6595744680851063,372,1585,55.3223974763407,37.726182965299685,192,96,0.069694,0.148148,0.421985,0.814815,1092,1065,72.8
map30_r135_s4,phasec,high,702,30,30,135,4,0.15,549,0.3242258652094718,178,841,48.08680142687277,30.72294887039239,371,266,0.13198,0.17037,0.699995,1.0,1330,1297,88.6667
map30_r135_s4,phasec,high,703,30,30,135,4,0.15,578,0.8391003460207612,485,2227,71.757970363718,53.19622810956444,93,12,0.053714,0.185185,0.181709,0.533333,842,721,56.1333
map30_r135_s4,phasec,high,704,30,30,135,4,0.15,597,0.4221105527638191,252,1148,59.608885017421606,40.70905923344948,345,233,0.059175,0.125926,0.584914,1.0,1189,1124,79.2667
map30_r135_s4,phasec,high,705,30,30,135,4,0.15,598,0.34782608695652173,208,980,61.1530612244898,43.3,390,284,0.103847,0.162963,0.657659,1.0,1303,1294,86.8667
map30_r135_s4,phasec,high,706,30,30,135,4,0.15,566,0.7279151943462897,412,1818,72.80418041804181,54.10891089108911,154,62,0.051481,0.125926,0.374963,0.814815,1188,1125,79.2
map30_r135_s4,phasec,high,707,30,30,135,4,0.15,523,0.7858508604206501,411,1924,54.73856548856549,36.24064449064449,112,25,0.069531,0.140741,0.283131,0.725926,1051,895,70.0667
map30_r135_s4,phasec,high,708,30,30,135,4,0.15,550,0.5618181818181818,309,1332,52.775525525525524,35.01801801801802,241,135,0.073768,0.111111,0.526281,0.911111,1241,1221,82.7333
map30_r135_s4,phasec,high,709,30,30,135,4,0.15,540,0.6981481481481482,377,1807,64.40177089097952,46.49640287769784,163,76,0.076854,0.185185,0.252593,0.740741,896,804,59.7333
map30_r135_s4,phasec,high,710,30,30,135,4,0.15,542,0.6107011070110702,331,1477,63.461069735951256,45.178063642518616,211,109,0.059857,0.118519,0.455941,0.859259,1258,1201,83.8667
map30_r162_s4,combo_s1_j1,low,701,30,30,162,4,0.18,496,0.5806451612903226,288,1227,51.02118989405053,33.546862265688674,208,117,0.040296,0.117284,0.40958,0.67284,1267,1262,84.4667
map30_r162_s4,combo_s1_j1,low,702,30,30,162,4,0.18,339,0.9203539823008849,312,1422,81.41350210970464,62.020393811533054,27,0,0.050687,0.104938,0.120469,0.320988,1084,754,72.2667
map30_r162_s4,combo_s1_j1,low,703,30,30,162,4,0.18,563,0.33037300177619894,186,921,51.4799131378936,34.51465798045603,377,246,0.074753,0.098765,0.58686,0.950617,1242,1206,82.8
map30_r162_s4,combo_s1_j1,low,704,30,30,162,4,0.18,536,0.5652985074626866,303,1302,46.614439324116745,29.51152073732719,233,130,0.038584,0.067901,0.409502,0.728395,1246,1246,83.0667
map30_r162_s4,combo_s1_j1,low,705,30,30,162,4,0.18,470,0.6382978723404256,300,1252,52.361022364217256,33.996006389776355,170,80,0.06179,0.111111,0.408811,0.666667,1350,1285,90.0
map30_r162_s4,combo_s1_j1,low,706,30,30,162,4,0.18,521,0.4740882917466411,247,1143,59.68678915135608,42.16360454943132,274,144,0.065255,0.117284,0.49265,0.932099,1168,1148,77.8667
map30_r162_s4,combo_s1_j1,low,707,30,30,162,4,0.18,338,0.9378698224852071,317,1495,61.93578595317726,42.78795986622074,21,0,0.030251,0.08642,0.062165,0.401235,351,266,23.4
map30_r162_s4,combo_s1_j1,low,708,30,30,162,4,0.18,356,0.9101123595505618,324,1418,55.7524682651622,35.786318758815234,32,0,0.035255,0.154321,0.038041,0.148148,305,160,20.3333
map30_r162_s4,combo_s1_j1,low,709,30,30,162,4,0.18,404,0.49257425742574257,199,964,52.600622406639005,34.60995850622407,205,98,0.086934,0.12963,0.482514,0.802469,1196,1174,79.7333
map30_r162_s4,combo_s1_j1,low,710,30,30,162,4,0.18,374,0.446524064171123,167,757,74.66182298546896,57.51519154557464,207,73,0.095041,0.123457,0.566551,0.907407,1396,1347,93.0667
map30_r162_s4,greedy,low,701,30,30,162,4,0.18,496,0.5786290322580645,287,1095,89.98447488584475,73.08949771689498,209,110,0.053909,0.111111,0.469399,0.679012,1376,1366,91.7333
map30_r162_s4,greedy,low,702,30,30,162,4,0.18,339,0.9557522123893806,324,1506,67.69853917662682,48.24833997343958,15,0,0.021539,0.067901,0.061728,0.228395,632,418,42.1333
map30_r162_s4,greedy,low,703,30,30,162,4,0.18,563,0.3339253996447602,188,893,80.51399776035834,63.63269876819709,375,229,0.089811,0.117284,0.626407,0.962963,1411,1393,94.0667
map30_r162_s4,greedy,low,704,30,30,162,4,0.18,536,0.5485074626865671,294,1332,87.99549549549549,70.75525525525525,242,124,0.06265,0.117284,0.40658,0.746914,1103,1084,73.5333
map30_r162_s4,greedy,low,705,30,30,162,4,0.18,470,0.5234042553191489,246,1056,43.885416666666664,27.13162878787879,224,130,0.031819,0.074074,0.487144,0.753086,1421,1373,94.7333
map30_r162_s4,greedy,low,706,30,30,162,4,0.18,521,0.3570057581573896,186,850,104.6329411764706,88.43764705882353,335,207,0.068058,0.12963,0.574807,0.876543,1314,1310,87.6
map30_r162_s4,greedy,low,707,30,30,162,4,0.18,338,0.45857988165680474,155,809,85.47466007416564,69.75278121137207,183,49,0.072531,0.123457,0.626095,0.938272,1469,1459,97.9333
map30_r162_s4,greedy,low,708,30,30,162,4,0.18,356,0.9662921348314607,344,1451,52.639558924879395,33.37698139214335,12,0,0.020337,0.080247,0.020774,0.092593,15,0,1.0
map30_r162_s4,greedy,low,709,30,30,162,4,0.18,404,0.6014851485148515,243,1088,44.0983455882353,27.350183823529413,161,67,0.074539,0.111111,0.482831,0.703704,1375,1363,91.6667
map30_r162_s4,greedy,low,710,30,30,162,4,0.18,374,0.5481283422459893,205,894,44.64317673378076,27.869127516778523,169,67,0.040037,0.092593,0.475292,0.716049,1408,1392,93.8667
map30_r162_s4,hungarian,low,701,30,30,162,4,0.18,496,0.5786290322580645,287,1084,86.10977859778598,69.27767527675277,209,106,0.097527,0.154321,0.482156,0.691358,1403,1384,93.5333
map30_r162_s4,hungarian,low,702,30,30,162,4,0.18,339,0.9616519174041298,326,1435,70.15191637630662,50.81811846689895,13,0,0.023531,0.12963,0.064235,0.246914,620,521,41.3333
map30_r162_s4,hungarian,low,703,30,30,162,4,0.18,563,0.14031971580817051,79,504,62.26587301587302,47.62301587301587,484,343,0.138206,0.17284,0.743181,1.0,1419,1389,94.6
map30_r162_s4,hungarian,low,704,30,30,162,4,0.18,536,0.6473880597014925,347,1454,57.29711141678129,40.075653370013754,189,88,0.051753,0.111111,0.371255,0.709877,1171,1156,78.0667
map30_r162_s4,hungarian,low,705,30,30,162,4,0.18,470,0.44042553191489364,207,925,109.72756756756756,92.86702702702702,263,132,0.069506,0.135802,0.582848,0.907407,1423,1408,94.8667
map30_r162_s4,hungarian,low,706,30,30,162,4,0.18,521,0.5604606525911708,292,1194,48.11641541038526,31.185092127303182,229,132,0.060638,0.148148,0.462391,0.716049,1336,1328,89.0667
map30_r162_s4,hungarian,low,707,30,30,162,4,0.18,338,0.46153846153846156,156,775,103.55096774193548,87.72516129032257,182,51,0.078288,0.141975,0.637741,0.950617,1469,1459,97.9333
map30_r162_s4,hungarian,low,708,30,30,162,4,0.18,356,0.9691011235955056,345,1444,52.28393351800554,33.128116343490305,11,0,0.010547,0.080247,0.009663,0.098765,32,0,2.1333
map30_r162_s4,hungarian,low,709,30,30,162,4,0.18,404,0.5915841584158416,239,1028,42.747081712062254,26.109922178988327,165,75,0.071868,0.117284,0.490156,0.703704,1375,1363,91.6667
map30_r162_s4,hungarian,low,710,30,30,162,4,0.18,374,0.553475935828877,207,896,43.78794642857143,26.787946428571427,167,65,0.034539,0.08642,0.479424,0.716049,1410,1394,94.0
map30_r162_s4,jsq,low,701,30,30,162,4,0.18,496,0.5786290322580645,287,1095,89.98447488584475,73.08949771689498,209,110,0.053909,0.111111,0.469399,0.679012,1376,1366,91.7333
map30_r162_s4,jsq,low,702,30,30,162,4,0.18,339,0.9557522123893806,324,1506,67.69853917662682,48.24833997343958,15,0,0.021539,0.067901,0.061728,0.228395,632,418,42.1333
map30_r162_s4,jsq,low,703,30,30,162,4,0.18,563,0.3339253996447602,188,893,80.501679731243,63.61366181410974,375,229,0.089807,0.117284,0.626346,0.95679,1411,1393,94.0667
map30_r162_s4,jsq,low,704,30,30,162,4,0.18,536,0.5485074626865671,294,1332,87.99549549549549,70.75525525525525,242,124,0.06265,0.117284,0.40658,0.746914,1103,1084,73.5333
map30_r162_s4,jsq,low,705,30,30,162,4,0.18,470,0.5234042553191489,246,1056,43.885416666666664,27.13162878787879,224,130,0.031819,0.074074,0.487144,0.753086,1421,1373,94.7333
map30_r162_s4,jsq,low,706,30,30,162,4,0.18,521,0.3570057581573896,186,850,104.6329411764706,88.43764705882353,335,207,0.068058,0.12963,0.574807,0.876543,1314,1310,87.6
map30_r162_s4,jsq,low,707,30,30,162,4,0.18,338,0.45857988165680474,155,809,85.47466007416564,69.75278121137207,183,49,0.072531,0.123457,0.626095,0.938272,1469,1459,97.9333
map30_r162_s4,jsq,low,708,30,30,162,4,0.18,356,0.9662921348314607,344,1451,52.639558924879395,33.37698139214335,12,0,0.020337,0.080247,0.020774,0.092593,15,0,1.0
map30_r162_s4,jsq,low,709,30,30,162,4,0.18,404,0.6014851485148515,243,1088,44.0983455882353,27.350183823529413,161,67,0.074539,0.111111,0.482831,0.703704,1375,1363,91.6667
map30_r162_s4,jsq,low,710,30,30,162,4,0.18,374,0.5481283422459893,205,894,44.64317673378076,27.869127516778523,169,67,0.040037,0.092593,0.475292,0.716049,1408,1392,93.8667
map30_r162_s4,phasec,low,701,30,30,162,4,0.18,496,0.7036290322580645,349,1429,56.1518544436669,38.32540237928622,147,52,0.060099,0.160494,0.370099,0.654321,1237,1236,82.4667
map30_r162_s4,phasec,low,702,30,30,162,4,0.18,339,0.8259587020648967,280,1259,100.26052422557585,82.10166799046863,59,1,0.072477,0.12963,0.267663,0.524691,1246,1217,83.0667
map30_r162_s4,phasec,low,703,30,30,162,4,0.18,563,0.5293072824156305,298,1355,80.56752767527675,63.214760147601474,265,147,0.063531,0.154321,0.437992,0.814815,1215,1175,81.0
map30_r162_s4,phasec,low,704,30,30,162,4,0.18,536,0.7761194029850746,416,1950,68.11692307692307,49.98,120,36,0.05642,0.154321,0.17035,0.654321,722,588,48.1333
map30_r162_s4,phasec,low,705,30,30,162,4,0.18,470,0.9638297872340426,453,2028,61.32495069033531,42.468934911242606,17,0,0.016025,0.074074,0.027296,0.185185,180,43,12.0
map30_r162_s4,phasec,low,706,30,30,162,4,0.18,521,0.5489443378119002,286,1313,70.58644325971059,52.45392231530845,235,117,0.09835,0.166667,0.410119,0.864198,1101,997,73.4
map30_r162_s4,phasec,low,707,30,30,162,4,0.18,338,0.4289940828402367,145,731,250.56497948016417,233.5595075239398,193,75,0.15284,0.216049,0.661132,0.962963,1442,1430,96.1333
map30_r162_s4,phasec,low,708,30,30,162,4,0.18,356,0.9297752808988764,331,1463,62.347915242652086,42.32672590567327,25,0,0.054621,0.160494,0.05328,0.17284,629,163,41.9333
map30_r162_s4,phasec,low,709,30,30,162,4,0.18,404,0.6658415841584159,269,1373,83.25782957028404,65.68608885651857,135,40,0.074712,0.141975,0.34221,0.709877,1054,1010,70.2667
map30_r162_s4,phasec,low,710,30,30,162,4,0.18,374,0.5240641711229946,196,905,119.50718232044198,102.70939226519337,178,65,0.073646,0.111111,0.555877,0.839506,1346,1332,89.7333
map30_r162_s4,combo_s1_j1,mid,701,30,30,162,4,0.18,568,0.579225352112676,329,1358,47.09278350515464,29.56921944035346,239,126,0.055889,0.092593,0.443235,0.734568,1375,1358,91.6667
map30_r162_s4,combo_s1_j1,mid,702,30,30,162,4,0.18,437,0.6636155606407322,290,1323,50.86318972033258,33.65684051398337,147,57,0.052436,0.104938,0.395082,0.709877,1203,1150,80.2
map30_r162_s4,combo_s1_j1,mid,703,30,30,162,4,0.18,526,0.5171102661596958,272,1155,100.09437229437229,82.57229437229437,254,135,0.076815,0.141975,0.525066,0.820988,1369,1355,91.2667
map30_r162_s4,combo_s1_j1,mid,704,30,30,162,4,0.18,470,0.8297872340425532,390,1801,54.16435313714603,36.1093836757357,80,9,0.061008,0.117284,0.189774,0.493827,825,785,55.0
map30_r162_s4,combo_s1_j1,mid,705,30,30,162,4,0.18,523,0.847036328871893,443,2067,62.790517658442184,44.89163038219642,80,4,0.060547,0.117284,0.191202,0.512346,901,744,60.0667
map30_r162_s4,combo_s1_j1,mid,706,30,30,162,4,0.18,555,0.6414414414414414,356,1420,67.2338028169014,49.5,199,99,0.043259,0.160494,0.420811,0.734568,1329,1287,88.6
map30_r162_s4,combo_s1_j1,mid,707,30,30,162,4,0.18,495,0.5797979797979798,287,1230,144.28536585365853,126.77804878048781,208,90,0.085675,0.166667,0.533741,0.759259,1459,1451,97.2667
map30_r162_s4,combo_s1_j1,mid,708,30,30,162,4,0.18,502,0.7569721115537849,380,1690,66.16745562130177,48.342603550295856,122,32,0.050091,0.111111,0.246897,0.666667,955,856,63.6667
map30_r162_s4,combo_s1_j1,mid,709,30,30,162,4,0.18,547,0.6343692870201096,347,1436,57.31197771587744,38.32869080779944,200,103,0.054617,0.111111,0.422251,0.709877,1272,1263,84.8
map30_r162_s4,combo_s1_j1,mid,710,30,30,162,4,0.18,443,0.5846501128668171,259,1176,52.63350340136054,35.02636054421769,184,87,0.039436,0.098765,0.424679,0.722222,1213,1164,80.8667
map30_r162_s4,greedy,mid,701,30,30,162,4,0.18,568,0.36795774647887325,209,909,80.96699669966996,64.85148514851485,359,220,0.071354,0.123457,0.610296,0.987654,1369,1347,91.2667
map30_r162_s4,greedy,mid,702,30,30,162,4,0.18,437,0.6704805491990846,293,1433,73.95952547103978,56.60572226099093,144,49,0.041185,0.098765,0.317667,0.67284,1297,1259,86.4667
map30_r162_s4,greedy,mid,703,30,30,162,4,0.18,526,0.5513307984790875,290,1174,122.66354344122658,105.09369676320273,236,123,0.0737,0.123457,0.550955,0.728395,1400,1384,93.3333
map30_r162_s4,greedy,mid,704,30,30,162,4,0.18,470,0.7872340425531915,370,1713,52.497373029772326,34.71920607122008,100,25,0.026362,0.098765,0.225469,0.549383,864,864,57.6
map30_r162_s4,greedy,mid,705,30,30,162,4,0.18,523,0.39961759082217974,209,919,84.04461371055496,67.76605005440696,314,174,0.083169,0.12963,0.600181,0.907407,1420,1401,94.6667
map30_r162_s4,greedy,mid,706,30,30,162,4,0.18,555,0.3837837837837838,213,939,61.615548455804046,45.11395101171459,342,205,0.091243,0.12963,0.57316,0.91358,1349,1328,89.9333
map30_r162_s4,greedy,mid,707,30,30,162,4,0.18,495,0.43434343434343436,215,943,185.3457051961824,168.2407211028632,280,147,0.11472,0.197531,0.656416,0.895062,1474,1464,98.2667
map30_r162_s4,greedy,mid,708,30,30,162,4,0.18,502,0.5318725099601593,267,1199,99.07172643869892,81.5929941618015,235,113,0.065979,0.123457,0.422757,0.783951,1266,1214,84.4
map30_r162_s4,greedy,mid,709,30,30,162,4,0.18,547,0.4424131627056673,242,1135,60.9920704845815,43.34008810572687,305,170,0.074885,0.12963,0.54058,0.944444,1297,1268,86.4667
map30_r162_s4,greedy,mid,710,30,30,162,4,0.18,443,0.4785553047404063,212,955,43.53193717277487,26.992670157068062,231,121,0.031951,0.074074,0.516469,0.771605,1411,1400,94.0667
map30_r162_s4,hungarian,mid,701,30,30,162,4,0.18,568,0.579225352112676,329,1321,139.35049205147615,121.69190007570023,239,109,0.074424,0.148148,0.509564,0.746914,1384,1366,92.2667
map30_r162_s4,hungarian,mid,702,30,30,162,4,0.18,437,0.459954233409611,201,992,46.09778225806452,29.224798387096776,236,113,0.062621,0.117284,0.55193,0.938272,1251,1248,83.4
map30_r162_s4,hungarian,mid,703,30,30,162,4,0.18,526,0.5038022813688213,265,1083,61.04709141274238,43.91782086795937,261,159,0.07742,0.123457,0.495313,0.691358,1422,1382,94.8
map30_r162_s4,hungarian,mid,704,30,30,162,4,0.18,470,0.7085106382978723,333,1449,54.690821256038646,37.70600414078675,137,47,0.070691,0.12963,0.345062,0.67284,1174,1163,78.2667
map30_r162_s4,hungarian,mid,705,30,30,162,4,0.18,523,0.5965583173996176,312,1226,86.56280587275694,69.2373572593801,211,104,0.052671,0.111111,0.485169,0.691358,1439,1434,95.9333
map30_r162_s4,hungarian,mid,706,30,30,162,4,0.18,555,0.4126126126126126,229,970,108.34020618556701,90.20721649484535,326,186,0.094177,0.166667,0.57949,0.895062,1396,1379,93.0667
map30_r162_s4,hungarian,mid,707,30,30,162,4,0.18,495,0.43232323232323233,214,938,173.12046908315565,156.19083155650318,281,134,0.094947,0.179012,0.687099,0.919753,1473,1468,98.2
map30_r162_s4,hungarian,mid,708,30,30,162,4,0.18,502,0.7310756972111554,367,1561,62.56502242152467,44.45932094811018,135,47,0.030239,0.104938,0.299354,0.611111,1302,1091,86.8
map30_r162_s4,hungarian,mid,709,30,30,162,4,0.18,547,0.680073126142596,372,1586,69.99684741488021,52.29445145018916,175,74,0.035679,0.074074,0.388728,0.709877,1176,1106,78.4
map30_r162_s4,hungarian,mid,710,30,30,162,4,0.18,443,0.4785553047404063,212,937,43.68516542155817,26.942369263607258,231,119,0.043082,0.080247,0.520654,0.771605,1402,1396,93.4667
map30_r162_s4,jsq,mid,701,30,30,162,4,0.18,568,0.43309859154929575,246,1026,102.72514619883042,86.35769980506822,322,185,0.075827,0.12963,0.594432,0.888889,1369,1347,91.2667
map30_r162_s4,jsq,mid,702,30,30,162,4,0.18,437,0.6704805491990846,293,1433,73.95952547103978,56.60572226099093,144,49,0.041185,0.098765,0.317667,0.67284,1297,1259,86.4667
map30_r162_s4,jsq,mid,703,30,30,162,4,0.18,526,0.5513307984790875,290,1174,122.66354344122658,105.09369676320273,236,123,0.0737,0.123457,0.550955,0.728395,1400,1384,93.3333
map30_r162_s4,jsq,mid,704,30,30,162,4,0.18,470,0.7872340425531915,370,1713,52.497373029772326,34.71920607122008,100,25,0.026362,0.098765,0.225469,0.549383,864,864,57.6
map30_r162_s4,jsq,mid,705,30,30,162,4,0.18,523,0.39961759082217974,209,919,84.04461371055496,67.76605005440696,314,174,0.083169,0.12963,0.600181,0.907407,1420,1401,94.6667
map30_r162_s4,jsq,mid,706,30,30,162,4,0.18,555,0.5225225225225225,290,1137,43.90765171503958,26.50571679859279,265,168,0.043062,0.08642,0.464794,0.685185,1401,1387,93.4
map30_r162_s4,jsq,mid,707,30,30,162,4,0.18,495,0.43636363636363634,216,946,164.97568710359408,148.8276955602537,279,141,0.107947,0.179012,0.650835,0.919753,1474,1464,98.2667
map30_r162_s4,jsq,mid,708,30,30,162,4,0.18,502,0.49203187250996017,247,1129,79.38795394154118,61.929140832595216,255,134,0.069687,0.123457,0.437486,0.808642,1266,1214,84.4
map30_r162_s4,jsq,mid,709,30,30,162,4,0.18,547,0.4424131627056673,242,1135,60.9920704845815,43.34008810572687,305,170,0.074885,0.12963,0.54058,0.944444,1297,1268,86.4667
map30_r162_s4,jsq,mid,710,30,30,162,4,0.18,443,0.30248306997742663,134,698,40.740687679083095,25.13753581661891,309,179,0.077424,0.098765,0.604181,0.907407,1411,1401,94.0667
map30_r162_s4,phasec,mid,701,30,30,162,4,0.18,568,0.528169014084507,300,1213,46.060181368507834,28.953833470733716,268,161,0.088329,0.12963,0.458333,0.740741,1369,1358,91.2667
map30_r162_s4,phasec,mid,702,30,30,162,4,0.18,437,0.700228832951945,306,1390,61.21438848920863,43.935251798561154,131,37,0.059844,0.117284,0.379177,0.703704,1288,1240,85.8667
map30_r162_s4,phasec,mid,703,30,30,162,4,0.18,526,0.4790874524714829,252,1174,67.21294718909711,48.636286201022145,274,154,0.062996,0.135802,0.512782,0.907407,1270,1251,84.6667
map30_r162_s4,phasec,mid,704,30,30,162,4,0.18,470,0.6978723404255319,328,1474,56.48168249660787,38.365671641791046,142,61,0.059342,0.123457,0.331893,0.641975,1066,1055,71.0667
map30_r162_s4,phasec,mid,705,30,30,162,4,0.18,523,0.4416826003824092,231,1045,55.48612440191388,37.34258373205741,292,160,0.081675,0.117284,0.516531,0.907407,1266,1221,84.4
map30_r162_s4,phasec,mid,706,30,30,162,4,0.18,555,0.6432432432432432,357,1421,94.93173821252638,77.14004222378607,198,102,0.054588,0.123457,0.418889,0.666667,1299,1252,86.6
map30_r162_s4,phasec,mid,707,30,30,162,4,0.18,495,0.8666666666666667,429,1733,102.07097518753606,83.91633006347375,66,5,0.053588,0.098765,0.313609,0.493827,1391,1389,92.7333
map30_r162_s4,phasec,mid,708,30,30,162,4,0.18,502,0.5179282868525896,260,1199,56.81234361968307,39.783152627189324,242,127,0.070494,0.123457,0.400959,0.802469,1020,994,68.0
map30_r162_s4,phasec,mid,709,30,30,162,4,0.18,547,0.5594149908592322,306,1310,52.18854961832061,34.87175572519084,241,145,0.041395,0.104938,0.446156,0.722222,1237,1216,82.4667
map30_r162_s4,phasec,mid,710,30,30,162,4,0.18,443,0.417607223476298,185,900,64.8,47.845555555555556,258,140,0.105156,0.141975,0.515243,0.858025,1207,1189,80.4667
map30_r162_s4,combo_s1_j1,high,701,30,30,162,4,0.18,564,0.6063829787234043,342,1392,61.33045977011494,43.916666666666664,222,122,0.062745,0.117284,0.432128,0.697531,1304,1285,86.9333
map30_r162_s4,combo_s1_j1,high,702,30,30,162,4,0.18,549,0.639344262295082,351,1526,60.48885976408912,42.870249017038006,198,91,0.062905,0.111111,0.381922,0.722222,1297,1212,86.4667
map30_r162_s4,combo_s1_j1,high,703,30,30,162,4,0.18,578,0.356401384083045,206,979,95.39427987742594,78.16036772216547,372,232,0.095251,0.135802,0.620716,0.962963,1359,1316,90.6
map30_r162_s4,combo_s1_j1,high,704,30,30,162,4,0.18,597,0.7805695142378559,466,2053,72.9196298100341,54.98977106673161,131,41,0.062679,0.141975,0.253728,0.574074,1155,1032,77.0
map30_r162_s4,combo_s1_j1,high,705,30,30,162,4,0.18,598,0.47324414715719065,283,1281,56.46448087431694,38.70023419203747,315,189,0.113379,0.185185,0.46784,0.907407,1237,1171,82.4667
map30_r162_s4,combo_s1_j1,high,706,30,30,162,4,0.18,566,0.6501766784452296,368,1696,64.11261792452831,45.935731132075475,198,90,0.072342,0.148148,0.319683,0.777778,952,880,63.4667
map30_r162_s4,combo_s1_j1,high,707,30,30,162,4,0.18,523,0.5889101338432122,308,1392,90.4705459770115,73.09123563218391,215,94,0.069169,0.141975,0.498313,0.858025,1435,1394,95.6667
map30_r162_s4,combo_s1_j1,high,708,30,30,162,4,0.18,550,0.7836363636363637,431,1877,53.18646776771444,34.86787426744806,119,40,0.061132,0.12963,0.211568,0.592593,730,691,48.6667
map30_r162_s4,combo_s1_j1,high,709,30,30,162,4,0.18,540,0.5574074074074075,301,1318,50.31411229135053,32.52503793626707,239,148,0.061794,0.092593,0.418321,0.697531,1201,1167,80.0667
map30_r162_s4,combo_s1_j1,high,710,30,30,162,4,0.18,542,0.26752767527675275,145,770,68.19350649350649,50.86753246753247,397,258,0.102288,0.141975,0.640086,1.0,1286,1266,85.7333
map30_r162_s4,greedy,high,701,30,30,162,4,0.18,564,0.1950354609929078,110,586,54.215017064846414,38.834470989761094,454,308,0.17358,0.240741,0.706325,1.0,1375,1358,91.6667
map30_r162_s4,greedy,high,702,30,30,162,4,0.18,549,0.6830601092896175,375,1623,97.48059149722735,79.88046826863832,174,65,0.051148,0.117284,0.353288,0.598765,1342,1282,89.4667
map30_r162_s4,greedy,high,703,30,30,162,4,0.18,578,0.39792387543252594,230,1035,83.02415458937197,66.29082125603864,348,212,0.100819,0.148148,0.613909,0.944444,1416,1387,94.4
map30_r162_s4,greedy,high,704,30,30,162,4,0.18,597,0.49246231155778897,294,1295,101.55289575289575,84.17065637065637,303,163,0.054695,0.123457,0.525605,0.876543,1289,1286,85.9333
map30_r162_s4,greedy,high,705,30,30,162,4,0.18,598,0.5367892976588629,321,1315,61.85779467680609,44.895817490494295,277,158,0.038412,0.104938,0.513658,0.777778,1408,1404,93.8667
map30_r162_s4,greedy,high,706,30,30,162,4,0.18,566,0.3833922261484099,217,933,65.9871382636656,49.638799571275456,349,212,0.095835,0.12963,0.629724,0.975309,1417,1394,94.4667
map30_r162_s4,greedy,high,707,30,30,162,4,0.18,523,0.38049713193116635,199,879,110.20477815699658,93.38452787258248,324,187,0.096041,0.148148,0.668029,0.95679,1451,1441,96.7333
map30_r162_s4,greedy,high,708,30,30,162,4,0.18,550,0.4218181818181818,232,1025,113.13463414634147,94.91414634146342,318,191,0.079144,0.141975,0.503996,0.845679,1373,1339,91.5333
map30_r162_s4,greedy,high,709,30,30,162,4,0.18,540,0.5907407407407408,319,1424,52.57162921348315,35.03511235955056,221,133,0.054741,0.104938,0.384984,0.679012,1125,1059,75.0
map30_r162_s4,greedy,high,710,30,30,162,4,0.18,542,0.3062730627306273,166,814,69.83169533169533,53.11056511056511,376,231,0.094395,0.123457,0.631477,1.0,1376,1370,91.7333
map30_r162_s4,hungarian,high,701,30,30,162,4,0.18,564,0.6223404255319149,351,1372,116.68221574344024,99.22594752186589,213,100,0.069037,0.135802,0.499687,0.703704,1432,1421,95.4667
map30_r162_s4,hungarian,high,702,30,30,162,4,0.18,549,0.44990892531876137,247,1097,86.06016408386509,68.34184138559708,302,146,0.085436,0.135802,0.575103,0.969136,1386,1383,92.4
map30_r162_s4,hungarian,high,703,30,30,162,4,0.18,578,0.2958477508650519,171,820,72.94878048780488,56.94146341463415,407,266,0.123379,0.160494,0.66923,0.993827,1406,1382,93.7333
map30_r162_s4,hungarian,high,704,30,30,162,4,0.18,597,0.5996649916247906,358,1495,58.11705685618729,40.96254180602007,239,126,0.042325,0.104938,0.422761,0.753086,1277,1268,85.1333
map30_r162_s4,hungarian,high,705,30,30,162,4,0.18,598,0.5535117056856187,331,1308,79.00764525993884,61.64831804281346,267,152,0.041078,0.092593,0.518811,0.765432,1416,1407,94.4
map30_r162_s4,hungarian,high,706,30,30,162,4,0.18,566,0.5706713780918727,323,1267,70.36306235201263,53.187845303867405,243,137,0.055716,0.123457,0.498543,0.722222,1419,1416,94.6
map30_r162_s4,hungarian,high,707,30,30,162,4,0.18,523,0.2332695984703633,122,649,56.604006163328194,41.175654853620955,401,264,0.093115,0.12963,0.733235,1.0,1459,1394,97.2667
map30_r162_s4,hungarian,high,708,30,30,162,4,0.18,550,0.5290909090909091,291,1214,51.07413509060955,33.167215815485996,259,157,0.083947,0.135802,0.453383,0.734568,1394,1346,92.9333
map30_r162_s4,hungarian,high,709,30,30,162,4,0.18,540,0.5592592592592592,302,1300,48.21769230769231,30.613846153846154,238,142,0.035086,0.074074,0.458399,0.728395,1238,1220,82.5333
map30_r162_s4,hungarian,high,710,30,30,162,4,0.18,542,0.4483394833948339,243,1039,46.460057747834455,29.45524542829644,299,178,0.088198,0.141975,0.536872,0.796296,1386,1371,92.4
map30_r162_s4,jsq,high,701,30,30,162,4,0.18,564,0.374113475177305,211,930,106.99462365591398,90.06129032258065,353,197,0.139728,0.222222,0.619626,0.981481,1375,1358,91.6667
map30_r162_s4,jsq,high,702,30,30,162,4,0.18,549,0.6830601092896175,375,1623,97.48059149722735,79.88046826863832,174,65,0.051148,0.117284,0.353288,0.598765,1342,1282,89.4667
map30_r162_s4,jsq,high,703,30,30,162,4,0.18,578,0.39792387543252594,230,1035,83.02415458937197,66.29082125603864,348,212,0.100819,0.148148,0.613909,0.944444,1416,1387,94.4
map30_r162_s4,jsq,high,704,30,30,162,4,0.18,597,0.49246231155778897,294,1295,101.55289575289575,84.17065637065637,303,163,0.054695,0.123457,0.525605,0.876543,1289,1286,85.9333
map30_r162_s4,jsq,high,705,30,30,162,4,0.18,598,0.5367892976588629,321,1315,61.85779467680609,44.895817490494295,277,158,0.038412,0.104938,0.513658,0.777778,1408,1404,93.8667
map30_r162_s4,jsq,high,706,30,30,162,4,0.18,566,0.7226148409893993,409,1587,92.26591052299936,74.6086956521739,157,65,0.051942,0.117284,0.425267,0.648148,1416,1398,94.4
map30_r162_s4,jsq,high,707,30,30,162,4,0.18,523,0.38049713193116635,199,879,110.20477815699658,93.38452787258248,324,187,0.096041,0.148148,0.668029,0.95679,1451,1441,96.7333
map30_r162_s4,jsq,high,708,30,30,162,4,0.18,550,0.4218181818181818,232,1025,113.13463414634147,94.91414634146342,318,191,0.079144,0.141975,0.503996,0.845679,1373,1339,91.5333
map30_r162_s4,jsq,high,709,30,30,162,4,0.18,540,0.5907407407407408,319,1424,52.592696629213485,35.056179775280896,221,133,0.054737,0.104938,0.384955,0.679012,1125,1059,75.0
map30_r162_s4,jsq,high,710,30,30,162,4,0.18,542,0.30996309963099633,168,798,94.27443609022556,78.0501253132832,374,232,0.086029,0.123457,0.665881,0.993827,1375,1371,91.6667
map30_r162_s4,phasec,high,701,30,30,162,4,0.18,564,0.3120567375886525,176,795,41.484276729559745,24.942138364779876,388,252,0.146831,0.185185,0.646893,0.987654,1310,1307,87.3333
map30_r162_s4,phasec,high,702,30,30,162,4,0.18,549,0.46083788706739526,253,1150,68.46695652173914,50.82869565217391,296,170,0.087572,0.135802,0.565165,1.0,1338,1317,89.2
map30_r162_s4,phasec,high,703,30,30,162,4,0.18,578,0.4100346020761246,237,1074,83.35940409683427,66.29702048417133,341,200,0.082914,0.166667,0.582638,0.932099,1364,1318,90.9333
map30_r162_s4,phasec,high,704,30,30,162,4,0.18,597,0.7922948073701842,473,2056,76.31809338521401,58.0807392996109,124,37,0.061753,0.197531,0.228115,0.5,1168,1060,77.8667
map30_r162_s4,phasec,high,705,30,30,162,4,0.18,598,0.4698996655518395,281,1261,57.19111816019033,38.98413957176844,317,181,0.086819,0.148148,0.468436,0.901235,1183,1109,78.8667
map30_r162_s4,phasec,high,706,30,30,162,4,0.18,566,0.6024734982332155,341,1551,63.67117988394584,46.165054803352675,225,111,0.083733,0.17284,0.361317,0.790123,1008,989,67.2
map30_r162_s4,phasec,high,707,30,30,162,4,0.18,523,0.5315487571701721,278,1286,115.37091757387248,97.55132192846034,245,128,0.084062,0.179012,0.536473,0.932099,1389,1372,92.6
map30_r162_s4,phasec,high,708,30,30,162,4,0.18,550,0.6727272727272727,370,1616,59.63675742574257,41.58106435643565,180,93,0.056185,0.111111,0.316053,0.67284,969,926,64.6
map30_r162_s4,phasec,high,709,30,30,162,4,0.18,540,0.5814814814814815,314,1401,49.71734475374733,31.39186295503212,226,137,0.077556,0.12963,0.375988,0.679012,1079,1054,71.9333
map30_r162_s4,phasec,high,710,30,30,162,4,0.18,542,0.5701107011070111,309,1278,113.01251956181534,95.25586854460094,233,122,0.089658,0.141975,0.481938,0.734568,1347,1313,89.8
map40_r192_s4,combo_s1_j1,low,701,40,40,192,4,0.12,496,0.8870967741935484,440,1885,63.0525198938992,37.92413793103448,56,0,0.016524,0.0625,0.080965,0.270833,524,514,34.9333
map40_r192_s4,combo_s1_j1,low,702,40,40,192,4,0.12,339,0.9469026548672567,321,1331,50.944402704733285,24.711495116453793,18,0,0.001681,0.026042,0.003132,0.015625,0,0,0.0
map40_r192_s4,combo_s1_j1,low,703,40,40,192,4,0.12,563,0.7673179396092362,432,2014,67.11817279046673,43.372393247269116,131,0,0.028406,0.067708,0.282969,0.671875,1018,994,67.8667
map40_r192_s4,combo_s1_j1,low,704,40,40,192,4,0.12,536,0.878731343283582,471,2077,67.43042850264806,42.67501203659124,65,0,0.039097,0.130208,0.060444,0.302083,334,238,22.2667
map40_r192_s4,combo_s1_j1,low,705,40,40,192,4,0.12,470,0.8765957446808511,412,1702,69.28730904817861,45.37837837837838,58,0,0.020087,0.057292,0.118997,0.34375,675,656,45.0
map40_r192_s4,combo_s1_j1,low,706,40,40,192,4,0.12,521,0.9596928982725528,500,2087,66.92668902731194,41.99664590321035,21,0,0.015448,0.072917,0.019299,0.088542,13,0,0.8667
map40_r192_s4,combo_s1_j1,low,707,40,40,192,4,0.12,338,0.6982248520710059,236,1231,45.32900081234769,23.037367993501217,102,0,0.051882,0.078125,0.310063,0.677083,1273,1244,84.8667
map40_r192_s4,combo_s1_j1,low,708,40,40,192,4,0.12,356,0.7191011235955056,256,1183,50.459847844463226,27.346576500422653,100,2,0.025535,0.052083,0.275726,0.588542,1254,1212,83.6
map40_r192_s4,combo_s1_j1,low,709,40,40,192,4,0.12,404,0.9504950495049505,384,1643,55.16555082166768,29.38587948874011,20,0,0.006635,0.03125,0.006472,0.03125,0,0,0.0
map40_r192_s4,combo_s1_j1,low,710,40,40,192,4,0.12,374,0.7700534759358288,288,1376,48.34229651162791,24.98110465116279,86,0,0.041066,0.067708,0.236563,0.552083,1118,1096,74.5333
map40_r192_s4,greedy,low,701,40,40,192,4,0.12,496,0.7036290322580645,349,1757,120.6084234490609,96.10130904951622,147,17,0.05983,0.140625,0.484295,0.8125,1334,1248,88.9333
map40_r192_s4,greedy,low,702,40,40,192,4,0.12,339,0.9469026548672567,321,1334,47.16191904047976,21.59445277361319,18,0,0.001031,0.03125,0.000128,0.010417,0,0,0.0
map40_r192_s4,greedy,low,703,40,40,192,4,0.12,563,0.6518650088809946,367,1676,59.6736276849642,36.43257756563246,196,55,0.059024,0.109375,0.391524,0.963542,1116,1084,74.4
map40_r192_s4,greedy,low,704,40,40,192,4,0.12,536,0.7742537313432836,415,1899,61.5202738283307,38.489731437598735,121,1,0.016472,0.083333,0.182674,0.755208,684,647,45.6
map40_r192_s4,greedy,low,705,40,40,192,4,0.12,470,0.7446808510638298,350,1582,71.75094816687736,48.58849557522124,120,1,0.050247,0.135417,0.317708,0.734375,1419,1194,94.6
map40_r192_s4,greedy,low,706,40,40,192,4,0.12,521,0.8809980806142035,459,1967,57.57447890188104,33.04219623792577,62,0,0.020438,0.0625,0.069962,0.333333,446,425,29.7333
map40_r192_s4,greedy,low,707,40,40,192,4,0.12,338,0.5355029585798816,181,1015,69.25812807881773,47.96256157635468,157,15,0.054851,0.104167,0.523674,0.963542,1411,1340,94.0667
map40_r192_s4,greedy,low,708,40,40,192,4,0.12,356,0.702247191011236,250,1174,49.509369676320276,27.422487223168655,106,0,0.043788,0.0625,0.332681,0.640625,1346,1313,89.7333
map40_r192_s4,greedy,low,709,40,40,192,4,0.12,404,0.8044554455445545,325,1522,63.852168199737186,39.113666228646515,79,0,0.041104,0.083333,0.216403,0.510417,1170,1124,78.0
map40_r192_s4,greedy,low,710,40,40,192,4,0.12,374,0.6684491978609626,250,1231,60.789601949634445,38.79935012185215,124,2,0.063253,0.114583,0.471819,0.822917,1408,1387,93.8667
map40_r192_s4,hungarian,low,701,40,40,192,4,0.12,496,0.5745967741935484,285,1374,87.43886462882097,64.21324599708879,211,63,0.075552,0.130208,0.574781,1.0,1321,1268,88.0667
map40_r192_s4,hungarian,low,702,40,40,192,4,0.12,339,0.9498525073746312,322,1338,47.44843049327354,21.77877428998505,17,0,0.001194,0.03125,0.0,0.0,0,0,0.0
map40_r192_s4,hungarian,low,703,40,40,192,4,0.12,563,0.650088809946714,366,1695,66.58466076696165,43.20294985250737,197,47,0.060212,0.109375,0.389062,0.979167,1073,1021,71.5333
map40_r192_s4,hungarian,low,704,40,40,192,4,0.12,536,0.7667910447761194,411,1892,53.4899577167019,30.552325581395348,125,0,0.020646,0.072917,0.184913,0.786458,697,671,46.4667
map40_r192_s4,hungarian,low,705,40,40,192,4,0.12,470,0.7425531914893617,349,1600,71.108125,48.07375,121,0,0.056201,0.119792,0.34842,0.84375,1229,1119,81.9333
map40_r192_s4,hungarian,low,706,40,40,192,4,0.12,521,0.8675623800383877,452,1952,62.83299180327869,38.56301229508197,69,0,0.021326,0.078125,0.108333,0.395833,625,602,41.6667
map40_r192_s4,hungarian,low,707,40,40,192,4,0.12,338,0.5769230769230769,195,1078,113.83580705009277,92.32560296846012,143,0,0.054701,0.104167,0.571045,0.869792,1431,1406,95.4
map40_r192_s4,hungarian,low,708,40,40,192,4,0.12,356,0.6882022471910112,245,1189,57.15306980656013,35.566021867115225,111,0,0.084115,0.166667,0.391705,0.692708,1438,1424,95.8667
map40_r192_s4,hungarian,low,709,40,40,192,4,0.12,404,0.8292079207920792,335,1557,67.95504174694926,43.19396274887605,69,0,0.031931,0.083333,0.154288,0.411458,1090,982,72.6667
map40_r192_s4,hungarian,low,710,40,40,192,4,0.12,374,0.679144385026738,254,1262,66.48177496038035,43.83993660855784,120,1,0.058705,0.109375,0.472771,0.802083,1404,1387,93.6
map40_r192_s4,jsq,low,701,40,40,192,4,0.12,496,0.6532258064516129,324,1588,99.22670025188917,76.44080604534005,172,28,0.068517,0.119792,0.497208,0.958333,1334,1248,88.9333
map40_r192_s4,jsq,low,702,40,40,192,4,0.12,339,0.9469026548672567,321,1334,47.16191904047976,21.59445277361319,18,0,0.001031,0.03125,0.000128,0.010417,0,0,0.0
map40_r192_s4,jsq,low,703,40,40,192,4,0.12,563,0.6536412078152753,368,1687,59.584469472436275,36.30823947836396,195,57,0.059014,0.109375,0.390528,0.958333,1116,1084,74.4
map40_r192_s4,jsq,low,704,40,40,192,4,0.12,536,0.7742537313432836,415,1899,61.51606108478146,38.48288572933123,121,1,0.016472,0.083333,0.182642,0.755208,684,647,45.6
map40_r192_s4,jsq,low,705,40,40,192,4,0.12,470,0.7446808510638298,350,1582,71.75094816687736,48.58849557522124,120,1,0.050247,0.135417,0.317708,0.734375,1419,1194,94.6
map40_r192_s4,jsq,low,706,40,40,192,4,0.12,521,0.8809980806142035,459,1967,57.57447890188104,33.04219623792577,62,0,0.020438,0.0625,0.069962,0.333333,446,425,29.7333
map40_r192_s4,jsq,low,707,40,40,192,4,0.12,338,0.5355029585798816,181,1012,69.4911067193676,48.11462450592885,157,16,0.054851,0.104167,0.523535,0.963542,1411,1340,94.0667
map40_r192_s4,jsq,low,708,40,40,192,4,0.12,356,0.702247191011236,250,1174,49.509369676320276,27.422487223168655,106,0,0.043788,0.0625,0.332681,0.640625,1346,1313,89.7333
map40_r192_s4,jsq,low,709,40,40,192,4,0.12,404,0.8044554455445545,325,1522,63.852168199737186,39.113666228646515,79,0,0.041104,0.083333,0.216403,0.510417,1170,1124,78.0
map40_r192_s4,jsq,low,710,40,40,192,4,0.12,374,0.4786096256684492,179,916,71.75436681222708,50.282751091703055,195,55,0.075448,0.125,0.635417,0.989583,1408,1387,93.8667
map40_r192_s4,phasec,low,701,40,40,192,4,0.12,496,0.9435483870967742,468,1926,65.71495327102804,40.37902388369678,28,0,0.01392,0.072917,0.01692,0.114583,24,20,1.6
map40_r192_s4,phasec,low,702,40,40,192,4,0.12,339,0.9174041297935103,311,1298,50.67873651771957,24.406779661016948,28,0,0.010628,0.078125,0.010094,0.072917,36,0,2.4
map40_r192_s4,phasec,low,703,40,40,192,4,0.12,563,0.8312611012433393,468,2058,65.50728862973762,41.74732750242954,95,0,0.014007,0.057292,0.117257,0.40625,684,684,45.6
map40_r192_s4,phasec,low,704,40,40,192,4,0.12,536,0.8246268656716418,442,2014,63.835650446871895,39.540714995034755,94,0,0.045444,0.114583,0.14575,0.515625,621,554,41.4
map40_r192_s4,phasec,low,705,40,40,192,4,0.12,470,0.8489361702127659,399,1655,51.475528700906345,27.692447129909365,71,0,0.02017,0.072917,0.112406,0.385417,627,626,41.8
map40_r192_s4,phasec,low,706,40,40,192,4,0.12,521,0.3896353166986564,203,1009,55.218037661050545,32.75322101090188,318,165,0.074656,0.114583,0.644368,1.0,1274,1273,84.9333
map40_r192_s4,phasec,low,707,40,40,192,4,0.12,338,0.742603550295858,251,1325,101.31396226415094,78.44377358490566,87,1,0.060181,0.114583,0.335104,0.536458,1386,1384,92.4
map40_r192_s4,phasec,low,708,40,40,192,4,0.12,356,0.8960674157303371,319,1308,57.9434250764526,32.4434250764526,37,0,0.03692,0.104167,0.038778,0.098958,285,0,19.0
map40_r192_s4,phasec,low,709,40,40,192,4,0.12,404,0.8143564356435643,329,1529,54.646827992151735,30.35448005232178,75,0,0.033073,0.078125,0.174403,0.421875,918,884,61.2
map40_r192_s4,phasec,low,710,40,40,192,4,0.12,374,0.946524064171123,354,1543,52.88788075178224,27.25145819831497,20,0,0.001951,0.026042,0.002181,0.036458,0,0,0.0
map40_r192_s4,combo_s1_j1,mid,701,40,40,192,4,0.12,568,0.5176056338028169,294,1485,59.64915824915825,36.117171717171715,274,154,0.05001,0.088542,0.483184,0.973958,1170,1145,78.0
map40_r192_s4,combo_s1_j1,mid,702,40,40,192,4,0.12,437,0.9336384439359268,408,1720,54.181395348837206,28.392441860465116,29,0,0.015448,0.067708,0.014941,0.057292,0,0,0.0
map40_r192_s4,combo_s1_j1,mid,703,40,40,192,4,0.12,526,0.5038022813688213,265,1324,58.65256797583081,35.72885196374622,261,123,0.06551,0.114583,0.546413,0.989583,1231,1228,82.0667
map40_r192_s4,combo_s1_j1,mid,704,40,40,192,4,0.12,470,0.6914893617021277,325,1591,77.91263356379635,53.62979258328095,145,7,0.067083,0.125,0.368778,0.859375,896,892,59.7333
map40_r192_s4,combo_s1_j1,mid,705,40,40,192,4,0.12,523,0.9598470363288719,502,1999,57.39419709854928,32.34967483741871,21,0,0.003021,0.036458,0.003083,0.052083,0,0,0.0
map40_r192_s4,combo_s1_j1,mid,706,40,40,192,4,0.12,555,0.954954954954955,530,2151,61.59879125987913,37.132961413296144,25,0,0.016997,0.078125,0.018913,0.083333,10,0,0.6667
map40_r192_s4,combo_s1_j1,mid,707,40,40,192,4,0.12,495,0.6707070707070707,332,1585,54.22082018927445,30.762145110410096,163,16,0.074594,0.098958,0.543566,0.90625,1372,1363,91.4667
map40_r192_s4,combo_s1_j1,mid,708,40,40,192,4,0.12,502,0.6713147410358565,337,1571,60.27498408656906,36.830681094844046,165,23,0.035705,0.114583,0.399417,0.958333,1162,1155,77.4667
map40_r192_s4,combo_s1_j1,mid,709,40,40,192,4,0.12,547,0.5630712979890311,308,1527,58.65684348395547,34.84282907662082,239,116,0.055014,0.088542,0.481882,0.979167,1123,1111,74.8667
map40_r192_s4,combo_s1_j1,mid,710,40,40,192,4,0.12,443,0.7246049661399548,321,1529,60.63178548070634,37.197514715500326,122,1,0.054785,0.104167,0.316674,0.729167,1126,1103,75.0667
map40_r192_s4,greedy,mid,701,40,40,192,4,0.12,568,0.46830985915492956,266,1371,104.68417213712618,81.07002188183807,302,164,0.074736,0.135417,0.564622,1.0,1323,1257,88.2
map40_r192_s4,greedy,mid,702,40,40,192,4,0.12,437,0.9405034324942791,411,1730,50.80809248554913,25.309826589595374,26,0,0.001694,0.03125,0.001444,0.041667,0,0,0.0
map40_r192_s4,greedy,mid,703,40,40,192,4,0.12,526,0.596958174904943,314,1543,88.71743357096565,64.99092676604018,212,69,0.076222,0.151042,0.535253,0.963542,1350,1317,90.0
map40_r192_s4,greedy,mid,704,40,40,192,4,0.12,470,0.8191489361702128,385,1789,51.57685858021241,28.346562325321408,85,0,0.028188,0.057292,0.182045,0.5,842,837,56.1333
map40_r192_s4,greedy,mid,705,40,40,192,4,0.12,523,0.7170172084130019,375,1733,71.31390652048471,47.42469705712637,148,6,0.054632,0.109375,0.505229,0.901042,1445,1440,96.3333
map40_r192_s4,greedy,mid,706,40,40,192,4,0.12,555,0.9657657657657658,536,2202,63.18619436875568,38.94096276112625,19,0,0.005233,0.036458,0.010712,0.09375,25,0,1.6667
map40_r192_s4,greedy,mid,707,40,40,192,4,0.12,495,0.26666666666666666,132,794,108.96725440806046,85.91435768261965,363,226,0.065413,0.114583,0.761056,1.0,1444,1411,96.2667
map40_r192_s4,greedy,mid,708,40,40,192,4,0.12,502,0.7071713147410359,355,1638,62.85225885225885,40.0964590964591,147,6,0.050847,0.088542,0.465604,0.864583,1341,1272,89.4
map40_r192_s4,greedy,mid,709,40,40,192,4,0.12,547,0.2797074954296161,153,858,66.02214452214452,44.45687645687646,394,251,0.108583,0.161458,0.678104,1.0,1363,1319,90.8667
map40_r192_s4,greedy,mid,710,40,40,192,4,0.12,443,0.6659142212189616,295,1405,74.56227758007117,51.15871886120996,148,9,0.063108,0.125,0.52084,0.890625,1421,1384,94.7333
map40_r192_s4,hungarian,mid,701,40,40,192,4,0.12,568,0.3996478873239437,227,1429,105.38418474457663,81.70678796361092,341,239,0.08601,0.177083,0.592944,0.989583,1405,1345,93.6667
map40_r192_s4,hungarian,mid,702,40,40,192,4,0.12,437,0.7368421052631579,322,1547,45.6289592760181,22.869424692954105,115,0,0.021882,0.041667,0.338222,0.71875,1200,1172,80.0
map40_r192_s4,hungarian,mid,703,40,40,192,4,0.12,526,0.29277566539923955,154,918,106.62745098039215,84.62962962962963,372,229,0.090878,0.161458,0.725184,1.0,1408,1384,93.8667
map40_r192_s4,hungarian,mid,704,40,40,192,4,0.12,470,0.7723404255319148,363,1716,51.113053613053616,28.263403263403262,107,0,0.01626,0.046875,0.276392,0.619792,1024,998,68.2667
map40_r192_s4,hungarian,mid,705,40,40,192,4,0.12,523,0.4340344168260038,227,1104,76.98550724637681,53.85326086956522,296,151,0.098118,0.166667,0.627465,1.0,1432,1425,95.4667
map40_r192_s4,hungarian,mid,706,40,40,192,4,0.12,555,0.8522522522522522,473,2036,55.263752455795675,31.284381139489195,82,0,0.020017,0.0625,0.121705,0.46875,611,607,40.7333
map40_r192_s4,hungarian,mid,707,40,40,192,4,0.12,495,0.41818181818181815,207,1127,81.1960958296362,59.29370008873114,288,157,0.065524,0.114583,0.715163,0.994792,1460,1425,97.3333
map40_r192_s4,hungarian,mid,708,40,40,192,4,0.12,502,0.4362549800796813,219,1098,65.06830601092896,42.85610200364299,283,133,0.07508,0.104167,0.576264,1.0,1307,1206,87.1333
map40_r192_s4,hungarian,mid,709,40,40,192,4,0.12,547,0.7714808043875686,422,1983,64.09127584467977,40.609178013111446,125,0,0.045434,0.119792,0.255868,0.822917,891,836,59.4
map40_r192_s4,hungarian,mid,710,40,40,192,4,0.12,443,0.35665914221218964,158,856,51.05140186915888,29.962616822429908,285,138,0.126438,0.161458,0.686031,1.0,1406,1380,93.7333
map40_r192_s4,jsq,mid,701,40,40,192,4,0.12,568,0.5915492957746479,336,1664,117.06189903846153,92.56490384615384,232,100,0.068306,0.145833,0.51158,0.984375,1323,1257,88.2
map40_r192_s4,jsq,mid,702,40,40,192,4,0.12,437,0.9450800915331807,413,1738,51.03970080552359,25.432681242807824,24,0,0.001552,0.026042,0.001226,0.041667,0,0,0.0
map40_r192_s4,jsq,mid,703,40,40,192,4,0.12,526,0.5475285171102662,288,1433,87.06559665038381,63.77320307048151,238,92,0.084604,0.151042,0.549316,0.994792,1350,1317,90.0
map40_r192_s4,jsq,mid,704,40,40,192,4,0.12,470,0.8191489361702128,385,1789,51.57685858021241,28.346562325321408,85,0,0.028188,0.057292,0.182045,0.5,842,837,56.1333
map40_r192_s4,jsq,mid,705,40,40,192,4,0.12,523,0.4225621414913958,221,1055,60.15165876777251,36.376303317535545,302,162,0.107767,0.15625,0.60509,1.0,1298,1221,86.5333
map40_r192_s4,jsq,mid,706,40,40,192,4,0.12,555,0.9657657657657658,536,2202,63.18619436875568,38.94096276112625,19,0,0.005233,0.036458,0.010712,0.09375,25,0,1.6667
map40_r192_s4,jsq,mid,707,40,40,192,4,0.12,495,0.16565656565656567,82,573,66.06980802792322,45.0977312390925,413,262,0.08791,0.114583,0.792611,1.0,1444,1411,96.2667
map40_r192_s4,jsq,mid,708,40,40,192,4,0.12,502,0.7071713147410359,355,1638,62.85225885225885,40.0964590964591,147,6,0.050847,0.088542,0.465604,0.864583,1341,1272,89.4
map40_r192_s4,jsq,mid,709,40,40,192,4,0.12,547,0.2760511882998172,151,857,63.522753792298715,41.09218203033839,396,252,0.102111,0.140625,0.683118,1.0,1376,1337,91.7333
map40_r192_s4,jsq,mid,710,40,40,192,4,0.12,443,0.6320541760722348,280,1315,113.55285171102662,90.21520912547528,163,6,0.078771,0.171875,0.601003,0.885417,1416,1386,94.4
map40_r192_s4,phasec,mid,701,40,40,192,4,0.12,568,0.44190140845070425,251,1280,75.5109375,52.215625,317,183,0.064229,0.114583,0.517066,1.0,1200,1171,80.0
map40_r192_s4,phasec,mid,702,40,40,192,4,0.12,437,0.7322654462242563,320,1523,48.099803020354564,24.896257386736703,117,0,0.032378,0.057292,0.340719,0.734375,1169,1159,77.9333
map40_r192_s4,phasec,mid,703,40,40,192,4,0.12,526,0.7680608365019012,404,1829,66.17113176599234,42.97648988518316,122,0,0.041733,0.09375,0.24992,0.791667,975,797,65.0
map40_r192_s4,phasec,mid,704,40,40,192,4,0.12,470,0.8085106382978723,380,1782,59.186868686868685,35.55331088664422,90,0,0.054691,0.135417,0.164378,0.489583,794,790,52.9333
map40_r192_s4,phasec,mid,705,40,40,192,4,0.12,523,0.8374760994263862,438,1877,55.147575919019715,31.075119872136387,85,0,0.016594,0.067708,0.107549,0.40625,637,617,42.4667
map40_r192_s4,phasec,mid,706,40,40,192,4,0.12,555,0.8810810810810811,489,2051,59.75816674792784,35.36762554851292,66,0,0.019375,0.078125,0.064573,0.338542,415,349,27.6667
map40_r192_s4,phasec,mid,707,40,40,192,4,0.12,495,0.7717171717171717,382,1761,62.08461101646792,39.03918228279387,113,3,0.046073,0.088542,0.281753,0.645833,1115,956,74.3333
map40_r192_s4,phasec,mid,708,40,40,192,4,0.12,502,0.9422310756972112,473,1910,61.45602094240838,35.742408376963354,29,0,0.019358,0.078125,0.019878,0.09375,30,0,2.0
map40_r192_s4,phasec,mid,709,40,40,192,4,0.12,547,0.6270566727605119,343,1635,57.49480122324159,34.0434250764526,204,74,0.057135,0.109375,0.427361,0.989583,1048,1039,69.8667
map40_r192_s4,phasec,mid,710,40,40,192,4,0.12,443,0.7246049661399548,321,1510,54.2841059602649,30.775496688741722,122,0,0.04317,0.072917,0.350927,0.78125,1130,1105,75.3333
map40_r192_s4,combo_s1_j1,high,701,40,40,192,4,0.12,564,0.8049645390070922,454,2087,65.41782462865358,40.85433636799233,110,0,0.019087,0.067708,0.199941,0.625,829,817,55.2667
map40_r192_s4,combo_s1_j1,high,702,40,40,192,4,0.12,549,0.7449908925318761,409,1977,56.591299949418314,33.48609003540718,140,2,0.04426,0.083333,0.323719,0.796875,1114,1011,74.2667
map40_r192_s4,combo_s1_j1,high,703,40,40,192,4,0.12,578,0.9117647058823529,527,2241,66.01740294511379,41.24854975457385,51,0,0.01576,0.0625,0.031861,0.177083,210,87,14.0
map40_r192_s4,combo_s1_j1,high,704,40,40,192,4,0.12,597,0.5293132328308208,316,1567,93.68857689853223,68.80344607530313,281,148,0.081215,0.151042,0.496427,0.989583,1176,1112,78.4
map40_r192_s4,combo_s1_j1,high,705,40,40,192,4,0.12,598,0.5568561872909699,333,1559,69.56831302116741,43.98460551635664,265,136,0.054497,0.098958,0.461007,0.979167,1190,1177,79.3333
map40_r192_s4,combo_s1_j1,high,706,40,40,192,4,0.12,566,0.8657243816254417,490,2120,57.41084905660377,33.18962264150943,76,0,0.017799,0.067708,0.064174,0.385417,393,331,26.2
map40_r192_s4,combo_s1_j1,high,707,40,40,192,4,0.12,523,0.8279158699808795,433,1984,58.417338709677416,34.577620967741936,90,0,0.025997,0.088542,0.138687,0.484375,638,579,42.5333
map40_r192_s4,combo_s1_j1,high,708,40,40,192,4,0.12,550,0.9472727272727273,521,2136,59.61376404494382,34.700842696629216,29,0,0.004163,0.03125,0.008101,0.088542,29,0,1.9333
map40_r192_s4,combo_s1_j1,high,709,40,40,192,4,0.12,540,0.7685185185185185,415,1954,58.650460593654046,34.86233367451382,125,1,0.037111,0.083333,0.277587,0.671875,969,965,64.6
map40_r192_s4,combo_s1_j1,high,710,40,40,192,4,0.12,542,0.7730627306273062,419,1977,63.37733940313606,39.06019221041983,123,0,0.037028,0.083333,0.301899,0.734375,1197,1055,79.8
map40_r192_s4,greedy,high,701,40,40,192,4,0.12,564,0.599290780141844,338,1723,130.74114915844459,105.93383633197911,226,95,0.08258,0.182292,0.526111,0.921875,1347,1328,89.8
map40_r192_s4,greedy,high,702,40,40,192,4,0.12,549,0.6739526411657559,370,1716,52.31818181818182,28.903846153846153,179,41,0.041198,0.078125,0.489448,0.916667,1284,1277,85.6
map40_r192_s4,greedy,high,703,40,40,192,4,0.12,578,0.6833910034602076,395,1973,98.65331981753674,73.98226051697922,183,41,0.040892,0.104167,0.481809,0.802083,1388,1343,92.5333
map40_r192_s4,greedy,high,704,40,40,192,4,0.12,597,0.4472361809045226,267,1400,83.93714285714286,60.76357142857143,330,188,0.072503,0.140625,0.531368,1.0,1174,1127,78.2667
map40_r192_s4,greedy,high,705,40,40,192,4,0.12,598,0.6538461538461539,391,1813,80.78709321566464,56.17815774958632,207,70,0.04834,0.098958,0.460399,0.953125,1344,1285,89.6
map40_r192_s4,greedy,high,706,40,40,192,4,0.12,566,0.8710247349823321,493,2134,54.07685098406748,30.446579194001874,73,0,0.010108,0.041667,0.063924,0.385417,427,370,28.4667
map40_r192_s4,greedy,high,707,40,40,192,4,0.12,523,0.6653919694072657,348,1754,112.64937286202965,88.41676168757127,175,29,0.037931,0.09375,0.526809,0.822917,1390,1339,92.6667
map40_r192_s4,greedy,high,708,40,40,192,4,0.12,550,0.7345454545454545,404,1956,98.219836400818,73.58742331288343,146,7,0.052583,0.119792,0.456622,0.71875,1412,1374,94.1333
map40_r192_s4,greedy,high,709,40,40,192,4,0.12,540,0.8037037037037037,434,2016,71.03819444444444,47.294642857142854,106,0,0.028833,0.078125,0.198431,0.552083,799,749,53.2667
map40_r192_s4,greedy,high,710,40,40,192,4,0.12,542,0.3173431734317343,172,908,61.49559471365639,38.70044052863436,370,232,0.093858,0.130208,0.691542,1.0,1385,1372,92.3333
map40_r192_s4,hungarian,high,701,40,40,192,4,0.12,564,0.7216312056737588,407,1908,73.062893081761,48.801886792452834,157,9,0.055056,0.119792,0.382538,0.932292,1284,1126,85.6
map40_r192_s4,hungarian,high,702,40,40,192,4,0.12,549,0.6830601092896175,375,1776,56.005630630630634,33.31644144144144,174,38,0.050583,0.119792,0.494812,0.927083,1276,1275,85.0667
map40_r192_s4,hungarian,high,703,40,40,192,4,0.12,578,0.40484429065743943,234,1268,91.08280757097792,68.22634069400631,344,224,0.078906,0.151042,0.638069,1.0,1433,1399,95.5333
map40_r192_s4,hungarian,high,704,40,40,192,4,0.12,597,0.6164154103852596,368,1870,84.99732620320856,62.27807486631016,229,114,0.058135,0.15625,0.49059,0.927083,1252,1211,83.4667
map40_r192_s4,hungarian,high,705,40,40,192,4,0.12,598,0.39297658862876256,235,1195,74.23012552301255,50.5765690376569,363,213,0.083042,0.130208,0.594319,1.0,1409,1399,93.9333
map40_r192_s4,hungarian,high,706,40,40,192,4,0.12,566,0.9452296819787986,535,2241,57.77911646586345,33.60999553770638,31,0,0.003021,0.03125,0.003215,0.057292,0,0,0.0
map40_r192_s4,hungarian,high,707,40,40,192,4,0.12,523,0.5678776290630975,297,1622,96.5517879161529,73.40012330456227,226,96,0.041021,0.09375,0.529354,0.963542,1390,1366,92.6667
map40_r192_s4,hungarian,high,708,40,40,192,4,0.12,550,0.6290909090909091,346,1699,66.12772218952325,42.4072984108299,204,73,0.063878,0.119792,0.53151,0.916667,1376,1356,91.7333
map40_r192_s4,hungarian,high,709,40,40,192,4,0.12,540,0.4685185185185185,253,1304,77.0989263803681,53.783742331288344,287,147,0.06599,0.109375,0.519566,1.0,1283,1267,85.5333
map40_r192_s4,hungarian,high,710,40,40,192,4,0.12,542,0.35793357933579334,194,995,62.10251256281407,39.68241206030151,348,212,0.090913,0.125,0.679462,1.0,1416,1406,94.4
map40_r192_s4,jsq,high,701,40,40,192,4,0.12,564,0.5939716312056738,335,1677,129.50029815146095,104.62432915921288,229,98,0.081559,0.182292,0.535483,0.916667,1347,1328,89.8
map40_r192_s4,jsq,high,702,40,40,192,4,0.12,549,0.7176684881602914,394,1869,53.06474050294275,29.501337613697164,155,12,0.029295,0.057292,0.391028,0.869792,1159,1129,77.2667
map40_r192_s4,jsq,high,703,40,40,192,4,0.12,578,0.657439446366782,380,1920,95.79583333333333,71.27604166666667,198,57,0.045309,0.114583,0.489486,0.875,1388,1343,92.5333
map40_r192_s4,jsq,high,704,40,40,192,4,0.12,597,0.35845896147403683,214,1199,100.674728940784,76.83152627189324,383,248,0.064469,0.114583,0.625708,0.994792,1279,1243,85.2667
map40_r192_s4,jsq,high,705,40,40,192,4,0.12,598,0.7240802675585284,433,1962,87.5,62.75891946992864,165,21,0.054243,0.130208,0.441604,0.791667,1403,1376,93.5333
map40_r192_s4,jsq,high,706,40,40,192,4,0.12,566,0.8710247349823321,493,2134,54.07685098406748,30.446579194001874,73,0,0.010108,0.041667,0.063924,0.385417,427,370,28.4667
map40_r192_s4,jsq,high,707,40,40,192,4,0.12,523,0.5391969407265774,282,1528,114.10929319371728,89.24476439790575,241,122,0.044948,0.083333,0.581622,0.859375,1390,1339,92.6667
map40_r192_s4,jsq,high,708,40,40,192,4,0.12,550,0.7327272727272728,403,1954,97.94114636642784,73.31985670419652,147,9,0.05241,0.119792,0.455062,0.71875,1412,1374,94.1333
map40_r192_s4,jsq,high,709,40,40,192,4,0.12,540,0.8037037037037037,434,2016,71.03819444444444,47.294642857142854,106,0,0.028833,0.078125,0.198431,0.552083,799,749,53.2667
map40_r192_s4,jsq,high,710,40,40,192,4,0.12,542,0.3154981549815498,171,920,54.85217391304348,33.00760869565217,371,237,0.094417,0.125,0.698378,1.0,1406,1396,93.7333
map40_r192_s4,phasec,high,701,40,40,192,4,0.12,564,0.9343971631205674,527,2240,68.25267857142858,43.13169642857143,37,0,0.019444,0.0625,0.024917,0.109375,44,4,2.9333
map40_r192_s4,phasec,high,702,40,40,192,4,0.12,549,0.6429872495446266,353,1653,54.439201451905625,31.11191772534785,196,56,0.033368,0.057292,0.539472,0.963542,1333,1330,88.8667
map40_r192_s4,phasec,high,703,40,40,192,4,0.12,578,0.9013840830449827,521,2205,60.461678004535145,35.59909297052154,57,0,0.015128,0.083333,0.033233,0.25,222,192,14.8
map40_r192_s4,phasec,high,704,40,40,192,4,0.12,597,0.2931323283082077,175,947,77.51003167898627,54.32946145723337,422,284,0.097187,0.145833,0.683962,1.0,1334,1326,88.9333
map40_r192_s4,phasec,high,705,40,40,192,4,0.12,598,0.7307692307692307,437,1997,71.33850776164246,46.83675513269905,161,16,0.029792,0.072917,0.359222,0.796875,1197,1193,79.8
map40_r192_s4,phasec,high,706,40,40,192,4,0.12,566,0.784452296819788,444,1991,63.911099949773984,41.09090909090909,122,1,0.026094,0.078125,0.235535,0.651042,922,889,61.4667
map40_r192_s4,phasec,high,707,40,40,192,4,0.12,523,0.7074569789674953,370,1763,51.393647192285876,27.62280204197391,153,11,0.027983,0.052083,0.405118,0.869792,1199,1170,79.9333
map40_r192_s4,phasec,high,708,40,40,192,4,0.12,550,0.8018181818181818,441,1988,54.903420523138834,30.908953722334005,109,2,0.015278,0.052083,0.16408,0.588542,701,674,46.7333
map40_r192_s4,phasec,high,709,40,40,192,4,0.12,540,0.7111111111111111,384,1802,62.134850166481684,38.70088790233074,156,7,0.061108,0.135417,0.325927,0.802083,986,975,65.7333
map40_r192_s4,phasec,high,710,40,40,192,4,0.12,542,0.7915129151291513,429,2028,63.36883629191321,39.740138067061146,113,0,0.035347,0.078125,0.226462,0.625,1069,853,71.2667
map40_r240_s4,combo_s1_j1,low,701,40,40,240,4,0.15,496,0.9616935483870968,477,1963,64.73357106469689,40.36627610799796,19,0,0.005197,0.045833,0.007342,0.079167,7,0,0.4667
map40_r240_s4,combo_s1_j1,low,702,40,40,240,4,0.15,339,0.911504424778761,309,1363,52.80630961115187,26.906089508437272,30,0,0.021836,0.058333,0.021389,0.054167,0,0,0.0
map40_r240_s4,combo_s1_j1,low,703,40,40,240,4,0.15,563,0.7442273534635879,419,1987,64.62606945143432,41.51534977352793,144,3,0.051731,0.108333,0.271022,0.633333,1042,1004,69.4667
map40_r240_s4,combo_s1_j1,low,704,40,40,240,4,0.15,536,0.8395522388059702,450,1961,67.02447730749617,43.01172870984192,86,0,0.016731,0.054167,0.095986,0.383333,535,472,35.6667
map40_r240_s4,combo_s1_j1,low,705,40,40,240,4,0.15,470,0.9553191489361702,449,1798,59.4154616240267,34.66462736373749,21,0,0.005536,0.041667,0.008456,0.0625,0,0,0.0
map40_r240_s4,combo_s1_j1,low,706,40,40,240,4,0.15,521,0.8464491362763915,441,1911,63.65463108320251,39.1025641025641,80,0,0.020161,0.066667,0.116625,0.391667,633,624,42.2
map40_r240_s4,combo_s1_j1,low,707,40,40,240,4,0.15,338,0.6715976331360947,227,1197,44.79281537176274,22.494569757727653,111,0,0.022847,0.041667,0.289547,0.566667,1347,1334,89.8
map40_r240_s4,combo_s1_j1,low,708,40,40,240,4,0.15,356,0.9073033707865169,323,1328,59.23192771084337,33.332078313253014,33,0,0.019778,0.058333,0.0229,0.0875,62,0,4.1333
map40_r240_s4,combo_s1_j1,low,709,40,40,240,4,0.15,404,0.9331683168316832,377,1627,65.24523663183774,39.01843884449908,27,0,0.022722,0.058333,0.025553,0.058333,0,0,0.0
map40_r240_s4,combo_s1_j1,low,710,40,40,240,4,0.15,374,0.7754010695187166,290,1379,50.46627991298042,27.10877447425671,84,0,0.034533,0.058333,0.167233,0.395833,1050,924,70.0
map40_r240_s4,greedy,low,701,40,40,240,4,0.15,496,0.5584677419354839,277,1377,112.44517066085693,90.12345679012346,219,42,0.059164,0.108333,0.489847,0.875,1403,1342,93.5333
map40_r240_s4,greedy,low,702,40,40,240,4,0.15,339,0.9469026548672567,321,1376,47.43604651162791,22.64389534883721,18,0,0.001075,0.016667,0.000269,0.0125,0,0,0.0
map40_r240_s4,greedy,low,703,40,40,240,4,0.15,563,0.48134991119005327,271,1335,120.93408239700375,97.7880149812734,292,102,0.061219,0.1375,0.545167,0.870833,1377,1320,91.8
map40_r240_s4,greedy,low,704,40,40,240,4,0.15,536,0.5186567164179104,278,1313,107.38309215536938,84.77837014470678,258,74,0.026239,0.045833,0.554533,0.858333,1304,1277,86.9333
map40_r240_s4,greedy,low,705,40,40,240,4,0.15,470,0.4319148936170213,203,1062,79.2231638418079,56.98210922787194,267,87,0.06785,0.120833,0.560103,0.95,1431,1430,95.4
map40_r240_s4,greedy,low,706,40,40,240,4,0.15,521,0.6429942418426103,335,1552,54.55476804123711,32.993556701030926,186,26,0.046825,0.0875,0.391942,0.845833,1252,1243,83.4667
map40_r240_s4,greedy,low,707,40,40,240,4,0.15,338,0.5621301775147929,190,1061,108.49670122525919,88.08482563619228,148,1,0.037608,0.070833,0.479092,0.708333,1433,1400,95.5333
map40_r240_s4,greedy,low,708,40,40,240,4,0.15,356,0.8792134831460674,313,1323,52.06500377928949,27.472411186696903,43,0,0.011447,0.05,0.025886,0.154167,238,174,15.8667
map40_r240_s4,greedy,low,709,40,40,240,4,0.15,404,0.9455445544554455,382,1642,60.63824604141291,34.92691839220463,22,0,0.005717,0.029167,0.006903,0.0375,0,0,0.0
map40_r240_s4,greedy,low,710,40,40,240,4,0.15,374,0.660427807486631,247,1202,46.186356073211314,24.6955074875208,127,3,0.037497,0.070833,0.364206,0.629167,1389,1344,92.6
map40_r240_s4,hungarian,low,701,40,40,240,4,0.15,496,0.5362903225806451,266,1273,103.00078554595444,80.62765121759622,230,54,0.064708,0.116667,0.517197,0.854167,1390,1342,92.6667
map40_r240_s4,hungarian,low,702,40,40,240,4,0.15,339,0.9469026548672567,321,1383,47.99493853940709,23.402747650036154,18,0,0.001128,0.016667,0.000428,0.025,0,0,0.0
map40_r240_s4,hungarian,low,703,40,40,240,4,0.15,563,0.47424511545293074,267,1354,103.86262924667652,81.22156573116692,296,98,0.092617,0.15,0.522569,0.916667,1330,1254,88.6667
map40_r240_s4,hungarian,low,704,40,40,240,4,0.15,536,0.7182835820895522,385,1799,61.83324068927182,37.9538632573652,151,2,0.036,0.079167,0.249522,0.7875,960,952,64.0
map40_r240_s4,hungarian,low,705,40,40,240,4,0.15,470,0.5617021276595745,264,1375,107.90036363636364,86.01527272727273,206,33,0.059342,0.120833,0.481417,0.870833,1389,1360,92.6
map40_r240_s4,hungarian,low,706,40,40,240,4,0.15,521,0.508637236084453,265,1259,70.1890389197776,48.1231135822081,256,71,0.057225,0.104167,0.505822,0.920833,1281,1273,85.4
map40_r240_s4,hungarian,low,707,40,40,240,4,0.15,338,0.5769230769230769,195,1054,106.35483870967742,85.57495256166983,143,0,0.042425,0.066667,0.483806,0.708333,1427,1400,95.1333
map40_r240_s4,hungarian,low,708,40,40,240,4,0.15,356,0.8792134831460674,313,1323,52.067271352985635,27.47694633408919,43,0,0.011453,0.05,0.025886,0.154167,238,174,15.8667
map40_r240_s4,hungarian,low,709,40,40,240,4,0.15,404,0.7945544554455446,321,1510,65.68344370860927,40.57615894039735,83,0,0.022889,0.05,0.173986,0.4125,1164,1041,77.6
map40_r240_s4,hungarian,low,710,40,40,240,4,0.15,374,0.6657754010695187,249,1194,47.54773869346734,26.33668341708543,125,1,0.029975,0.066667,0.368256,0.645833,1388,1343,92.5333
map40_r240_s4,jsq,low,701,40,40,240,4,0.15,496,0.5604838709677419,278,1389,113.10079193664507,90.66594672426206,218,41,0.059283,0.104167,0.489139,0.875,1403,1342,93.5333
map40_r240_s4,jsq,low,702,40,40,240,4,0.15,339,0.9469026548672567,321,1376,47.43604651162791,22.64389534883721,18,0,0.001075,0.016667,0.000269,0.0125,0,0,0.0
map40_r240_s4,jsq,low,703,40,40,240,4,0.15,563,0.4191829484902309,236,1176,94.953231292517,71.97278911564626,327,136,0.078444,0.1375,0.573919,0.945833,1377,1320,91.8
map40_r240_s4,jsq,low,704,40,40,240,4,0.15,536,0.5186567164179104,278,1313,107.38233054074638,84.77760853008378,258,74,0.026236,0.045833,0.554536,0.858333,1304,1277,86.9333
map40_r240_s4,jsq,low,705,40,40,240,4,0.15,470,0.4319148936170213,203,1062,79.2231638418079,56.98210922787194,267,87,0.06785,0.120833,0.560103,0.95,1431,1430,95.4
map40_r240_s4,jsq,low,706,40,40,240,4,0.15,521,0.6429942418426103,335,1552,54.55476804123711,32.993556701030926,186,26,0.046825,0.0875,0.391942,0.845833,1252,1243,83.4667
map40_r240_s4,jsq,low,707,40,40,240,4,0.15,338,0.5621301775147929,190,1061,108.49670122525919,88.08482563619228,148,1,0.037608,0.070833,0.479092,0.708333,1433,1400,95.5333
map40_r240_s4,jsq,low,708,40,40,240,4,0.15,356,0.8792134831460674,313,1323,52.06500377928949,27.472411186696903,43,0,0.011447,0.05,0.025886,0.154167,238,174,15.8667
map40_r240_s4,jsq,low,709,40,40,240,4,0.15,404,0.9455445544554455,382,1642,60.63824604141291,34.92691839220463,22,0,0.005717,0.029167,0.006903,0.0375,0,0,0.0
map40_r240_s4,jsq,low,710,40,40,240,4,0.15,374,0.660427807486631,247,1202,46.186356073211314,24.6955074875208,127,3,0.037497,0.070833,0.364206,0.629167,1389,1344,92.6
map40_r240_s4,phasec,low,701,40,40,240,4,0.15,496,0.9415322580645161,467,1950,78.62358974358975,53.62871794871795,29,0,0.031967,0.091667,0.041206,0.145833,241,49,16.0667
map40_r240_s4,phasec,low,702,40,40,240,4,0.15,339,0.8053097345132744,273,1276,58.841692789968654,34.83699059561128,66,0,0.023639,0.0625,0.134542,0.358333,829,779,55.2667
map40_r240_s4,phasec,low,703,40,40,240,4,0.15,563,0.7033747779751333,396,1888,80.49258474576271,57.28866525423729,167,7,0.042442,0.083333,0.322203,0.695833,1022,1004,68.1333
map40_r240_s4,phasec,low,704,40,40,240,4,0.15,536,0.7593283582089553,407,1889,74.35044997353097,49.88830068819481,129,0,0.045453,0.104167,0.218686,0.604167,913,891,60.8667
map40_r240_s4,phasec,low,705,40,40,240,4,0.15,470,0.674468085106383,317,1487,54.26765299260256,32.418964357767315,153,10,0.051756,0.0875,0.305514,0.75,1096,1027,73.0667
map40_r240_s4,phasec,low,706,40,40,240,4,0.15,521,0.6410748560460653,334,1572,88.95737913486005,66.40458015267176,187,19,0.051383,0.108333,0.394208,0.820833,1187,1139,79.1333
map40_r240_s4,phasec,low,707,40,40,240,4,0.15,338,0.8727810650887574,295,1358,59.98821796759941,33.77982326951399,43,0,0.052783,0.1125,0.053597,0.1125,626,276,41.7333
map40_r240_s4,phasec,low,708,40,40,240,4,0.15,356,0.9269662921348315,330,1341,57.117076808351975,30.858314690529454,26,0,0.016092,0.041667,0.016283,0.033333,0,0,0.0
map40_r240_s4,phasec,low,709,40,40,240,4,0.15,404,0.948019801980198,383,1639,61.14460036607688,35.00610128126907,21,0,0.004306,0.029167,0.007511,0.054167,0,0,0.0
map40_r240_s4,phasec,low,710,40,40,240,4,0.15,374,0.6818181818181818,255,1207,55.48135874067937,32.15575807787904,119,3,0.055811,0.079167,0.2922,0.583333,1220,1179,81.3333
map40_r240_s4,combo_s1_j1,mid,701,40,40,240,4,0.15,568,0.7535211267605634,428,2015,66.736476426799,42.753846153846155,140,4,0.014144,0.05,0.282675,0.645833,1053,1007,70.2
map40_r240_s4,combo_s1_j1,mid,702,40,40,240,4,0.15,437,0.9244851258581236,404,1784,56.0835201793722,30.806053811659194,33,0,0.012331,0.05,0.013825,0.041667,0,0,0.0
map40_r240_s4,combo_s1_j1,mid,703,40,40,240,4,0.15,526,0.7072243346007605,372,1834,74.13685932388222,51.23718647764449,154,5,0.038894,0.1125,0.315189,0.75,1247,1233,83.1333
map40_r240_s4,combo_s1_j1,mid,704,40,40,240,4,0.15,470,0.7425531914893617,349,1644,59.01459854014598,35.4330900243309,121,1,0.024006,0.045833,0.282458,0.558333,1116,1085,74.4
map40_r240_s4,combo_s1_j1,mid,705,40,40,240,4,0.15,523,0.9560229445506692,500,1989,58.33182503770739,32.97486173956762,23,0,0.002736,0.029167,0.002764,0.054167,0,0,0.0
map40_r240_s4,combo_s1_j1,mid,706,40,40,240,4,0.15,555,0.7351351351351352,408,1849,62.4434829637642,38.66630611141157,147,6,0.027381,0.066667,0.324806,0.725,1147,1095,76.4667
map40_r240_s4,combo_s1_j1,mid,707,40,40,240,4,0.15,495,0.6808080808080809,337,1628,50.3495085995086,27.647420147420146,158,2,0.053922,0.079167,0.415811,0.733333,1343,1299,89.5333
map40_r240_s4,combo_s1_j1,mid,708,40,40,240,4,0.15,502,0.898406374501992,451,1852,59.81965442764579,35.0988120950324,51,0,0.010264,0.041667,0.043364,0.2,346,313,23.0667
map40_r240_s4,combo_s1_j1,mid,709,40,40,240,4,0.15,547,0.6106032906764168,334,1631,59.3298589822195,35.9773145309626,213,45,0.042358,0.091667,0.366069,0.870833,1040,990,69.3333
map40_r240_s4,combo_s1_j1,mid,710,40,40,240,4,0.15,443,0.9548532731376975,423,1696,58.872051886792455,33.15094339622642,20,0,0.003561,0.0375,0.003997,0.058333,0,0,0.0
map40_r240_s4,greedy,mid,701,40,40,240,4,0.15,568,0.6091549295774648,346,1690,86.41775147928995,63.66863905325444,222,54,0.044811,0.104167,0.3934,0.841667,1340,1301,89.3333
map40_r240_s4,greedy,mid,702,40,40,240,4,0.15,437,0.9496567505720824,415,1808,50.88882743362832,26.009955752212388,22,0,0.002442,0.029167,0.001644,0.029167,0,0,0.0
map40_r240_s4,greedy,mid,703,40,40,240,4,0.15,526,0.5,263,1297,172.6715497301465,149.97378565921358,263,73,0.084772,0.154167,0.594528,0.875,1410,1371,94.0
map40_r240_s4,greedy,mid,704,40,40,240,4,0.15,470,0.725531914893617,341,1555,54.848874598070736,31.290675241157555,129,2,0.019525,0.054167,0.219883,0.679167,869,843,57.9333
map40_r240_s4,greedy,mid,705,40,40,240,4,0.15,523,0.5200764818355641,272,1294,66.43508500772798,43.26893353941267,251,71,0.064356,0.104167,0.539256,0.904167,1428,1426,95.2
map40_r240_s4,greedy,mid,706,40,40,240,4,0.15,555,0.8522522522522522,473,1998,60.66166166166166,36.84434434434434,82,0,0.016822,0.058333,0.097842,0.358333,667,650,44.4667
map40_r240_s4,greedy,mid,707,40,40,240,4,0.15,495,0.6383838383838384,316,1448,100.73411602209944,79.58632596685082,179,8,0.085053,0.129167,0.555797,0.8,1437,1406,95.8
map40_r240_s4,greedy,mid,708,40,40,240,4,0.15,502,0.6573705179282868,330,1548,50.35723514211886,28.22093023255814,172,16,0.025064,0.054167,0.326322,0.804167,1063,1009,70.8667
map40_r240_s4,greedy,mid,709,40,40,240,4,0.15,547,0.7989031078610603,437,2023,71.25210084033614,48.26495304003954,110,1,0.038286,0.083333,0.222814,0.579167,957,883,63.8
map40_r240_s4,greedy,mid,710,40,40,240,4,0.15,443,0.6297968397291196,279,1322,65.42284417549168,43.22163388804841,164,13,0.052303,0.091667,0.472258,0.779167,1401,1376,93.4
map40_r240_s4,hungarian,mid,701,40,40,240,4,0.15,568,0.5035211267605634,286,1354,130.87370753323486,108.14918759231905,282,88,0.060436,0.133333,0.538186,0.891667,1368,1302,91.2
map40_r240_s4,hungarian,mid,702,40,40,240,4,0.15,437,0.9427917620137299,412,1806,51.60741971207087,26.420265780730897,25,0,0.002772,0.0375,0.002131,0.029167,0,0,0.0
map40_r240_s4,hungarian,mid,703,40,40,240,4,0.15,526,0.40304182509505704,212,1078,84.24118738404452,63.97495361781076,314,127,0.090992,0.141667,0.624164,0.929167,1413,1362,94.2
map40_r240_s4,hungarian,mid,704,40,40,240,4,0.15,470,0.5851063829787234,275,1338,53.00149476831091,30.517937219730943,195,37,0.034258,0.066667,0.415833,0.8625,1201,1117,80.0667
map40_r240_s4,hungarian,mid,705,40,40,240,4,0.15,523,0.5755258126195029,301,1413,95.21089879688606,72.30148619957536,222,35,0.072217,0.129167,0.529022,0.891667,1428,1374,95.2
map40_r240_s4,hungarian,mid,706,40,40,240,4,0.15,555,0.6018018018018018,334,1535,58.8,36.8814332247557,221,47,0.092503,0.1625,0.464294,0.866667,1296,1282,86.4
map40_r240_s4,hungarian,mid,707,40,40,240,4,0.15,495,0.6505050505050505,322,1397,204.30136005726558,182.2906227630637,173,0,0.086314,0.1625,0.611839,0.858333,1452,1435,96.8
map40_r240_s4,hungarian,mid,708,40,40,240,4,0.15,502,0.5517928286852589,277,1291,75.43532145623547,53.91789310611929,225,39,0.044253,0.075,0.497128,0.875,1201,1199,80.0667
map40_r240_s4,hungarian,mid,709,40,40,240,4,0.15,547,0.6160877513711152,337,1664,102.95673076923077,80.6688701923077,210,26,0.057386,0.108333,0.505783,0.891667,1408,1317,93.8667
map40_r240_s4,hungarian,mid,710,40,40,240,4,0.15,443,0.6388261851015802,283,1320,47.30909090909091,25.583333333333332,160,6,0.02515,0.05,0.441856,0.770833,1400,1373,93.3333
map40_r240_s4,jsq,mid,701,40,40,240,4,0.15,568,0.6109154929577465,347,1691,86.41040804257835,63.641040804257834,221,54,0.044803,0.104167,0.393356,0.845833,1340,1301,89.3333
map40_r240_s4,jsq,mid,702,40,40,240,4,0.15,437,0.9496567505720824,415,1808,50.88882743362832,26.009955752212388,22,0,0.002442,0.029167,0.001644,0.029167,0,0,0.0
map40_r240_s4,jsq,mid,703,40,40,240,4,0.15,526,0.5,263,1297,172.6715497301465,149.97378565921358,263,73,0.084772,0.154167,0.594528,0.875,1410,1371,94.0
map40_r240_s4,jsq,mid,704,40,40,240,4,0.15,470,0.8297872340425532,390,1770,54.266666666666666,30.657062146892656,80,0,0.021767,0.054167,0.110497,0.341667,773,761,51.5333
map40_r240_s4,jsq,mid,705,40,40,240,4,0.15,523,0.5181644359464627,271,1288,66.55434782608695,43.38975155279503,252,72,0.064358,0.104167,0.539697,0.904167,1428,1426,95.2
map40_r240_s4,jsq,mid,706,40,40,240,4,0.15,555,0.6468468468468469,359,1599,53.685428392745465,31.796122576610383,196,36,0.053728,0.1,0.359872,0.845833,1089,1061,72.6
map40_r240_s4,jsq,mid,707,40,40,240,4,0.15,495,0.5838383838383838,289,1360,95.56544117647059,74.33382352941176,206,12,0.088853,0.1375,0.580917,0.916667,1437,1406,95.8
map40_r240_s4,jsq,mid,708,40,40,240,4,0.15,502,0.6573705179282868,330,1548,50.35723514211886,28.22093023255814,172,16,0.025064,0.054167,0.326322,0.804167,1063,1009,70.8667
map40_r240_s4,jsq,mid,709,40,40,240,4,0.15,547,0.7989031078610603,437,2023,71.25210084033614,48.26495304003954,110,1,0.038286,0.083333,0.222814,0.579167,957,883,63.8
map40_r240_s4,jsq,mid,710,40,40,240,4,0.15,443,0.6297968397291196,279,1322,65.42435703479576,43.223146747352494,164,13,0.052303,0.091667,0.472253,0.779167,1401,1376,93.4
map40_r240_s4,phasec,mid,701,40,40,240,4,0.15,568,0.7359154929577465,418,1922,64.76066597294485,41.590530697190424,150,4,0.042456,0.0875,0.298567,0.704167,1165,1125,77.6667
map40_r240_s4,phasec,mid,702,40,40,240,4,0.15,437,0.6109839816933639,267,1261,54.77557494052339,32.05551149881047,170,15,0.067381,0.120833,0.349047,0.804167,1081,1040,72.0667
map40_r240_s4,phasec,mid,703,40,40,240,4,0.15,526,0.33460076045627374,176,1012,76.62549407114625,54.55237154150198,350,162,0.086639,0.129167,0.547094,1.0,1207,1201,80.4667
map40_r240_s4,phasec,mid,704,40,40,240,4,0.15,470,0.4723404255319149,222,1120,67.95625,45.16517857142857,248,72,0.077856,0.120833,0.469839,0.95,1115,1013,74.3333
map40_r240_s4,phasec,mid,705,40,40,240,4,0.15,523,0.7820267686424475,409,1799,64.6320177876598,40.32017787659811,114,2,0.054458,0.091667,0.230689,0.55,1193,1028,79.5333
map40_r240_s4,phasec,mid,706,40,40,240,4,0.15,555,0.5333333333333333,296,1408,69.17400568181819,46.34730113636363,259,73,0.071458,0.154167,0.380142,0.975,927,912,61.8
map40_r240_s4,phasec,mid,707,40,40,240,4,0.15,495,0.694949494949495,344,1666,56.34333733493397,33.7719087635054,151,3,0.0519,0.083333,0.383217,0.704167,1333,1317,88.8667
map40_r240_s4,phasec,mid,708,40,40,240,4,0.15,502,0.9342629482071713,469,1901,61.673329826407155,36.27038400841662,33,0,0.024003,0.075,0.026908,0.075,15,0,1.0
map40_r240_s4,phasec,mid,709,40,40,240,4,0.15,547,0.6691042047531993,366,1770,71.07344632768361,47.768926553672316,181,26,0.0622,0.129167,0.303133,0.8125,1047,900,69.8
map40_r240_s4,phasec,mid,710,40,40,240,4,0.15,443,0.7155756207674944,317,1479,56.81338742393509,32.649087221095336,126,2,0.044989,0.070833,0.274078,0.604167,1115,1114,74.3333
map40_r240_s4,combo_s1_j1,high,701,40,40,240,4,0.15,564,0.7783687943262412,439,2053,74.97126156843643,51.931320019483685,125,2,0.026525,0.083333,0.228703,0.6,949,902,63.2667
map40_r240_s4,combo_s1_j1,high,702,40,40,240,4,0.15,549,0.48269581056466304,265,1307,51.884468247895946,29.46442234123948,284,89,0.057442,0.0875,0.519319,0.983333,1236,1177,82.4
map40_r240_s4,combo_s1_j1,high,703,40,40,240,4,0.15,578,0.7006920415224913,405,1912,97.38232217573221,73.5883891213389,173,15,0.058919,0.125,0.336644,0.741667,1109,1103,73.9333
map40_r240_s4,combo_s1_j1,high,704,40,40,240,4,0.15,597,0.38190954773869346,228,1124,64.28113879003558,41.962633451957295,369,181,0.054017,0.091667,0.602619,0.995833,1277,1272,85.1333
map40_r240_s4,combo_s1_j1,high,705,40,40,240,4,0.15,598,0.7558528428093646,452,2048,67.72900390625,43.7626953125,146,2,0.033767,0.070833,0.204608,0.608333,899,882,59.9333
map40_r240_s4,combo_s1_j1,high,706,40,40,240,4,0.15,566,0.9275618374558304,525,2177,67.02526412494258,42.61231051906293,41,0,0.022961,0.066667,0.041183,0.145833,159,97,10.6
map40_r240_s4,combo_s1_j1,high,707,40,40,240,4,0.15,523,0.9426386233269598,493,2099,64.44449737970461,39.259647451167226,30,0,0.009425,0.033333,0.017628,0.0875,25,0,1.6667
map40_r240_s4,combo_s1_j1,high,708,40,40,240,4,0.15,550,0.8254545454545454,454,2005,54.93815461346633,31.407481296758103,96,2,0.020039,0.058333,0.091997,0.379167,539,524,35.9333
map40_r240_s4,combo_s1_j1,high,709,40,40,240,4,0.15,540,0.7648148148148148,413,1895,67.35145118733509,43.63957783641161,127,8,0.040397,0.075,0.246444,0.554167,1091,1074,72.7333
map40_r240_s4,combo_s1_j1,high,710,40,40,240,4,0.15,542,0.7084870848708487,384,1804,56.33203991130821,33.04933481152993,158,12,0.037481,0.066667,0.331942,0.725,1120,1111,74.6667
map40_r240_s4,greedy,high,701,40,40,240,4,0.15,564,0.524822695035461,296,1428,85.42997198879551,62.80672268907563,268,94,0.037472,0.075,0.488547,0.891667,1355,1292,90.3333
map40_r240_s4,greedy,high,702,40,40,240,4,0.15,549,0.7158469945355191,393,1800,53.145,30.601666666666667,156,15,0.018503,0.045833,0.302883,0.645833,1168,1115,77.8667
map40_r240_s4,greedy,high,703,40,40,240,4,0.15,578,0.4532871972318339,262,1335,143.68539325842696,120.54531835205992,316,117,0.082428,0.141667,0.572942,0.925,1307,1271,87.1333
map40_r240_s4,greedy,high,704,40,40,240,4,0.15,597,0.2897822445561139,173,938,96.37206823027718,75.0682302771855,424,230,0.072953,0.108333,0.648622,1.0,1290,1255,86.0
map40_r240_s4,greedy,high,705,40,40,240,4,0.15,598,0.6254180602006689,374,1783,99.22265844083006,75.74088614694335,224,56,0.064342,0.133333,0.402044,0.783333,1389,1370,92.6
map40_r240_s4,greedy,high,706,40,40,240,4,0.15,566,0.5636042402826855,319,1509,75.84095427435388,54.04108681245858,247,70,0.070081,0.125,0.465619,0.870833,1318,1249,87.8667
map40_r240_s4,greedy,high,707,40,40,240,4,0.15,523,0.5583173996175909,292,1471,90.38613188307274,68.38885112168593,231,40,0.040056,0.079167,0.589678,0.95,1397,1390,93.1333
map40_r240_s4,greedy,high,708,40,40,240,4,0.15,550,0.4672727272727273,257,1215,89.35473251028806,67.29794238683128,293,110,0.040594,0.058333,0.535628,0.9125,1334,1268,88.9333
map40_r240_s4,greedy,high,709,40,40,240,4,0.15,540,0.9425925925925925,509,2120,71.07405660377358,46.17877358490566,31,0,0.006636,0.041667,0.023589,0.1125,53,11,3.5333
map40_r240_s4,greedy,high,710,40,40,240,4,0.15,542,0.6457564575645757,350,1612,55.04900744416874,32.38895781637717,192,37,0.044303,0.066667,0.450786,0.795833,1342,1299,89.4667
map40_r240_s4,hungarian,high,701,40,40,240,4,0.15,564,0.6418439716312057,362,1746,81.16494845360825,57.70332187857961,202,26,0.037542,0.075,0.409344,0.85,1378,1351,91.8667
map40_r240_s4,hungarian,high,702,40,40,240,4,0.15,549,0.692167577413479,380,1782,89.7334455667789,67.15432098765432,169,6,0.039506,0.079167,0.365017,0.758333,1232,1170,82.1333
map40_r240_s4,hungarian,high,703,40,40,240,4,0.15,578,0.35986159169550175,208,1122,102.18181818181819,80.64973262032086,370,162,0.115753,0.175,0.591586,1.0,1323,1248,88.2
map40_r240_s4,hungarian,high,704,40,40,240,4,0.15,597,0.5025125628140703,300,1456,104.68956043956044,83.2706043956044,297,111,0.076567,0.133333,0.517856,0.891667,1302,1223,86.8
map40_r240_s4,hungarian,high,705,40,40,240,4,0.15,598,0.5066889632107023,303,1484,81.32412398921834,58.294474393531,295,95,0.065239,0.120833,0.450617,0.929167,1406,1369,93.7333
map40_r240_s4,hungarian,high,706,40,40,240,4,0.15,566,0.8551236749116607,484,2116,69.94801512287334,46.23771266540643,82,0,0.015039,0.054167,0.090389,0.304167,559,530,37.2667
map40_r240_s4,hungarian,high,707,40,40,240,4,0.15,523,0.6500956022944551,340,1645,125.37507598784194,103.2048632218845,183,6,0.065281,0.141667,0.566494,0.791667,1415,1408,94.3333
map40_r240_s4,hungarian,high,708,40,40,240,4,0.15,550,0.7709090909090909,424,1945,53.50077120822622,30.72956298200514,126,1,0.041536,0.079167,0.227689,0.5875,955,898,63.6667
map40_r240_s4,hungarian,high,709,40,40,240,4,0.15,540,0.924074074074074,499,2076,74.69460500963392,50.113680154142585,41,0,0.009311,0.058333,0.036433,0.120833,209,65,13.9333
map40_r240_s4,hungarian,high,710,40,40,240,4,0.15,542,0.6070110701107011,329,1495,51.353846153846156,28.928428093645486,213,52,0.057478,0.095833,0.498183,0.816667,1410,1394,94.0
map40_r240_s4,jsq,high,701,40,40,240,4,0.15,564,0.35638297872340424,201,1041,78.03266090297791,55.79538904899135,363,178,0.059347,0.108333,0.584872,0.995833,1355,1292,90.3333
map40_r240_s4,jsq,high,702,40,40,240,4,0.15,549,0.7122040072859745,391,1799,52.14007782101167,29.752640355753197,158,12,0.040181,0.066667,0.306511,0.65,1161,1151,77.4
map40_r240_s4,jsq,high,703,40,40,240,4,0.15,578,0.444636678200692,257,1325,140.31018867924527,117.22188679245284,321,124,0.083031,0.141667,0.573925,0.958333,1307,1271,87.1333
map40_r240_s4,jsq,high,704,40,40,240,4,0.15,597,0.3500837520938023,209,1098,151.0737704918033,128.6775956284153,388,208,0.0744,0.1125,0.639344,0.925,1329,1297,88.6
map40_r240_s4,jsq,high,705,40,40,240,4,0.15,598,0.6187290969899666,370,1783,119.18900729108245,96.02131239484015,228,51,0.060022,0.125,0.413772,0.783333,1387,1316,92.4667
map40_r240_s4,jsq,high,706,40,40,240,4,0.15,566,0.5141342756183745,291,1360,52.8235294117647,31.21764705882353,275,99,0.077303,0.108333,0.503244,0.908333,1330,1256,88.6667
map40_r240_s4,jsq,high,707,40,40,240,4,0.15,523,0.5602294455066922,293,1475,90.05559322033898,68.10983050847457,230,37,0.040047,0.079167,0.589561,0.95,1397,1390,93.1333
map40_r240_s4,jsq,high,708,40,40,240,4,0.15,550,0.4672727272727273,257,1215,89.35473251028806,67.29794238683128,293,110,0.040594,0.058333,0.535628,0.9125,1334,1268,88.9333
map40_r240_s4,jsq,high,709,40,40,240,4,0.15,540,0.9425925925925925,509,2120,71.07405660377358,46.17877358490566,31,0,0.006636,0.041667,0.023589,0.1125,53,11,3.5333
map40_r240_s4,jsq,high,710,40,40,240,4,0.15,542,0.6457564575645757,350,1612,55.04900744416874,32.38895781637717,192,37,0.044303,0.066667,0.450786,0.795833,1342,1299,89.4667
map40_r240_s4,phasec,high,701,40,40,240,4,0.15,564,0.8315602836879432,469,2130,70.94647887323944,46.428638497652585,95,0,0.042278,0.104167,0.119117,0.391667,649,620,43.2667
map40_r240_s4,phasec,high,702,40,40,240,4,0.15,549,0.5063752276867031,278,1357,68.72512896094325,46.207811348563006,271,71,0.054842,0.083333,0.502761,0.966667,1267,1209,84.4667
map40_r240_s4,phasec,high,703,40,40,240,4,0.15,578,0.49480968858131485,286,1393,54.58722182340273,32.23402727925341,292,115,0.045228,0.0875,0.489217,0.941667,1129,1105,75.2667
map40_r240_s4,phasec,high,704,40,40,240,4,0.15,597,0.47068676716917923,281,1356,96.25368731563422,73.27949852507375,316,119,0.050403,0.083333,0.564353,0.975,1255,1251,83.6667
map40_r240_s4,phasec,high,705,40,40,240,4,0.15,598,0.6839464882943144,409,1869,72.91653290529695,49.235955056179776,189,21,0.060006,0.129167,0.273486,0.791667,1247,1140,83.1333
map40_r240_s4,phasec,high,706,40,40,240,4,0.15,566,0.7950530035335689,450,1992,64.92218875502007,41.10291164658634,116,0,0.045517,0.1125,0.118561,0.545833,541,420,36.0667
map40_r240_s4,phasec,high,707,40,40,240,4,0.15,523,0.7017208413001912,367,1736,53.58755760368663,30.546658986175114,156,4,0.034817,0.058333,0.356786,0.7125,1217,1211,81.1333
map40_r240_s4,phasec,high,708,40,40,240,4,0.15,550,0.9018181818181819,496,2082,60.069164265129686,35.00816522574448,54,0,0.031469,0.104167,0.030933,0.1,182,37,12.1333
map40_r240_s4,phasec,high,709,40,40,240,4,0.15,540,0.6925925925925925,374,1689,59.0331557134399,35.51332149200711,166,24,0.03815,0.079167,0.273944,0.733333,995,932,66.3333
map40_r240_s4,phasec,high,710,40,40,240,4,0.15,542,0.7121771217712177,386,1800,60.053333333333335,36.346666666666664,156,9,0.040272,0.070833,0.341606,0.720833,1120,1115,74.6667
map40_r288_s4,combo_s1_j1,low,701,40,40,288,4,0.18,496,0.7983870967741935,396,1747,76.36920435031483,53.57183743560389,100,0,0.041609,0.090278,0.171171,0.423611,1006,929,67.0667
map40_r288_s4,combo_s1_j1,low,702,40,40,288,4,0.18,339,0.9085545722713865,308,1301,52.72867025365104,26.850115295926212,31,0,0.015553,0.045139,0.020725,0.059028,0,0,0.0
map40_r288_s4,combo_s1_j1,low,703,40,40,288,4,0.18,563,0.4866785079928952,274,1297,59.397841171935234,38.491904394757135,289,108,0.067787,0.100694,0.417338,0.774306,1225,1150,81.6667
map40_r288_s4,combo_s1_j1,low,704,40,40,288,4,0.18,536,0.5186567164179104,278,1375,65.48072727272728,43.48290909090909,258,78,0.046657,0.090278,0.34662,0.791667,1116,1034,74.4
map40_r288_s4,combo_s1_j1,low,705,40,40,288,4,0.18,470,0.725531914893617,341,1631,68.24095646842429,44.90741876149602,129,2,0.053931,0.111111,0.310627,0.548611,1340,1262,89.3333
map40_r288_s4,combo_s1_j1,low,706,40,40,288,4,0.18,521,0.40307101727447214,210,1079,126.40037071362373,105.35588507877665,311,104,0.049123,0.097222,0.511076,0.847222,1331,1277,88.7333
map40_r288_s4,combo_s1_j1,low,707,40,40,288,4,0.18,338,0.5650887573964497,191,1010,100.84158415841584,78.72673267326732,147,4,0.071731,0.111111,0.324488,0.638889,1342,1240,89.4667
map40_r288_s4,combo_s1_j1,low,708,40,40,288,4,0.18,356,0.7780898876404494,277,1251,53.62190247801759,30.69304556354916,79,0,0.024313,0.045139,0.199718,0.34375,1251,1184,83.4
map40_r288_s4,combo_s1_j1,low,709,40,40,288,4,0.18,404,0.7128712871287128,288,1357,63.13559322033898,40.85924834193073,116,0,0.028738,0.065972,0.228505,0.503472,1139,1108,75.9333
map40_r288_s4,combo_s1_j1,low,710,40,40,288,4,0.18,374,0.5855614973262032,219,1079,57.3725671918443,35.84059314179796,155,8,0.039414,0.065972,0.308606,0.65625,1198,1137,79.8667
map40_r288_s4,greedy,low,701,40,40,288,4,0.18,496,0.4879032258064516,242,1142,129.0201401050788,108.85901926444834,254,65,0.076931,0.114583,0.487681,0.746528,1345,1299,89.6667
map40_r288_s4,greedy,low,702,40,40,288,4,0.18,339,0.9587020648967551,325,1339,47.554891710231516,22.41374159820762,14,0,0.00109,0.024306,0.003058,0.013889,0,0,0.0
map40_r288_s4,greedy,low,703,40,40,288,4,0.18,563,0.38898756660746003,219,1085,109.47649769585253,89.17880184331797,344,142,0.08028,0.131944,0.53865,0.774306,1412,1383,94.1333
map40_r288_s4,greedy,low,704,40,40,288,4,0.18,536,0.2574626865671642,138,846,175.32151300236407,156.12174940898345,398,165,0.084975,0.121528,0.575201,0.857639,1309,1299,87.2667
map40_r288_s4,greedy,low,705,40,40,288,4,0.18,470,0.6191489361702127,291,1355,62.980811808118084,41.661254612546124,179,20,0.05844,0.104167,0.367875,0.711806,1320,1149,88.0
map40_r288_s4,greedy,low,706,40,40,288,4,0.18,521,0.3915547024952015,204,974,132.2227926078029,113.36755646817248,317,126,0.058141,0.097222,0.537993,0.760417,1324,1312,88.2667
map40_r288_s4,greedy,low,707,40,40,288,4,0.18,338,0.4408284023668639,149,847,38.52420306965762,20.243211334120424,189,7,0.033252,0.052083,0.445486,0.777778,1436,1415,95.7333
map40_r288_s4,greedy,low,708,40,40,288,4,0.18,356,0.5421348314606742,193,969,51.089783281733745,31.71517027863777,163,6,0.062782,0.086806,0.379868,0.680556,1259,1252,83.9333
map40_r288_s4,greedy,low,709,40,40,288,4,0.18,404,0.6188118811881188,250,1253,90.27214684756584,68.58579409417398,154,10,0.045002,0.076389,0.316843,0.65625,1198,1156,79.8667
map40_r288_s4,greedy,low,710,40,40,288,4,0.18,374,0.5026737967914439,188,1016,55.87303149606299,36.07775590551181,186,16,0.056384,0.072917,0.410926,0.71875,1386,1328,92.4
map40_r288_s4,hungarian,low,701,40,40,288,4,0.18,496,0.36693548387096775,182,949,187.0368809272919,167.56164383561645,314,89,0.055097,0.090278,0.555407,0.857639,1345,1295,89.6667
map40_r288_s4,hungarian,low,702,40,40,288,4,0.18,339,0.9587020648967551,325,1339,47.82001493651979,22.769977595220315,14,0,0.00103,0.027778,0.003081,0.006944,0,0,0.0
map40_r288_s4,hungarian,low,703,40,40,288,4,0.18,563,0.33747779751332146,190,1069,106.53882132834424,86.61178671655753,373,148,0.084352,0.138889,0.530634,0.895833,1334,1327,88.9333
map40_r288_s4,hungarian,low,704,40,40,288,4,0.18,536,0.333955223880597,179,1005,147.3134328358209,127.42487562189055,357,139,0.095947,0.149306,0.539134,0.875,1334,1315,88.9333
map40_r288_s4,hungarian,low,705,40,40,288,4,0.18,470,0.5595744680851064,263,1263,106.53523357086303,85.24544734758511,207,35,0.050896,0.107639,0.434039,0.729167,1340,1233,89.3333
map40_r288_s4,hungarian,low,706,40,40,288,4,0.18,521,0.43186180422264875,225,1099,51.69244767970883,31.40036396724295,296,101,0.04666,0.076389,0.496125,0.836806,1330,1253,88.6667
map40_r288_s4,hungarian,low,707,40,40,288,4,0.18,338,0.4349112426035503,147,832,40.25480769230769,21.889423076923077,191,10,0.039264,0.048611,0.450035,0.78125,1430,1406,95.3333
map40_r288_s4,hungarian,low,708,40,40,288,4,0.18,356,0.36235955056179775,129,778,193.94344473007712,172.7956298200514,227,31,0.095407,0.138889,0.553292,0.819444,1356,1295,90.4
map40_r288_s4,hungarian,low,709,40,40,288,4,0.18,404,0.6138613861386139,248,1250,87.0016,65.4176,156,8,0.045847,0.083333,0.317669,0.666667,1198,1156,79.8667
map40_r288_s4,hungarian,low,710,40,40,288,4,0.18,374,0.49732620320855614,186,1012,55.85671936758893,36.133399209486164,188,17,0.056384,0.072917,0.411544,0.71875,1386,1328,92.4
map40_r288_s4,jsq,low,701,40,40,288,4,0.18,496,0.4879032258064516,242,1142,129.03152364273205,108.86252189141857,254,65,0.076931,0.114583,0.487653,0.746528,1345,1299,89.6667
map40_r288_s4,jsq,low,702,40,40,288,4,0.18,339,0.9587020648967551,325,1339,47.554891710231516,22.41374159820762,14,0,0.00109,0.024306,0.003058,0.013889,0,0,0.0
map40_r288_s4,jsq,low,703,40,40,288,4,0.18,563,0.38898756660746003,219,1085,109.47649769585253,89.17880184331797,344,142,0.08028,0.131944,0.53865,0.774306,1412,1383,94.1333
map40_r288_s4,jsq,low,704,40,40,288,4,0.18,536,0.2574626865671642,138,846,175.32151300236407,156.12174940898345,398,165,0.084975,0.121528,0.575201,0.857639,1309,1299,87.2667
map40_r288_s4,jsq,low,705,40,40,288,4,0.18,470,0.6191489361702127,291,1355,62.980811808118084,41.661254612546124,179,20,0.05844,0.104167,0.367875,0.711806,1320,1149,88.0
map40_r288_s4,jsq,low,706,40,40,288,4,0.18,521,0.3857965451055662,201,962,131.52910602910603,112.78898128898129,320,131,0.057778,0.097222,0.538671,0.777778,1324,1312,88.2667
map40_r288_s4,jsq,low,707,40,40,288,4,0.18,338,0.4408284023668639,149,847,38.52420306965762,20.243211334120424,189,7,0.033252,0.052083,0.445486,0.777778,1436,1415,95.7333
map40_r288_s4,jsq,low,708,40,40,288,4,0.18,356,0.5421348314606742,193,969,51.089783281733745,31.71517027863777,163,6,0.062782,0.086806,0.379868,0.680556,1259,1252,83.9333
map40_r288_s4,jsq,low,709,40,40,288,4,0.18,404,0.6188118811881188,250,1253,90.27214684756584,68.58579409417398,154,10,0.045002,0.076389,0.316843,0.65625,1198,1156,79.8667
map40_r288_s4,jsq,low,710,40,40,288,4,0.18,374,0.5026737967914439,188,1016,55.87303149606299,36.07775590551181,186,16,0.056384,0.072917,0.410926,0.71875,1386,1328,92.4
map40_r288_s4,phasec,low,701,40,40,288,4,0.18,496,0.4899193548387097,243,1179,65.6776929601357,43.575911789652245,253,79,0.059199,0.09375,0.45972,0.798611,1234,1227,82.2667
map40_r288_s4,phasec,low,702,40,40,288,4,0.18,339,0.8672566371681416,294,1299,62.32024634334103,36.20169361046959,45,0,0.037044,0.107639,0.046146,0.111111,407,226,27.1333
map40_r288_s4,phasec,low,703,40,40,288,4,0.18,563,0.5488454706927176,309,1555,69.24308681672025,46.30868167202572,254,80,0.083164,0.163194,0.314338,0.746528,1105,1087,73.6667
map40_r288_s4,phasec,low,704,40,40,288,4,0.18,536,0.7817164179104478,419,1972,69.30375253549695,46.38286004056795,117,1,0.045097,0.107639,0.117338,0.482639,601,573,40.0667
map40_r288_s4,phasec,low,705,40,40,288,4,0.18,470,0.6617021276595745,311,1450,65.80758620689654,43.10689655172414,159,10,0.070792,0.131944,0.30888,0.684028,1121,1052,74.7333
map40_r288_s4,phasec,low,706,40,40,288,4,0.18,521,0.43953934740882916,229,1204,117.71179401993355,95.83803986710963,292,86,0.049148,0.079861,0.431975,0.760417,1181,1177,78.7333
map40_r288_s4,phasec,low,707,40,40,288,4,0.18,338,0.6390532544378699,216,1159,50.792924935289044,29.243313201035374,122,0,0.061394,0.083333,0.285519,0.510417,1377,1362,91.8
map40_r288_s4,phasec,low,708,40,40,288,4,0.18,356,0.6629213483146067,236,1155,136.58354978354978,114.24761904761905,120,2,0.068481,0.111111,0.319741,0.472222,1371,1318,91.4
map40_r288_s4,phasec,low,709,40,40,288,4,0.18,404,0.5346534653465347,216,1080,69.86666666666666,48.3537037037037,188,38,0.053583,0.079861,0.384329,0.711806,1160,1148,77.3333
map40_r288_s4,phasec,low,710,40,40,288,4,0.18,374,0.8850267379679144,331,1513,58.39193654990086,32.38730998017184,43,0,0.025181,0.086806,0.027921,0.086806,168,0,11.2
map40_r288_s4,combo_s1_j1,mid,701,40,40,288,4,0.18,568,0.9348591549295775,531,2212,68.97739602169982,44.11347197106691,37,0,0.006451,0.034722,0.008208,0.038194,0,0,0.0
map40_r288_s4,combo_s1_j1,mid,702,40,40,288,4,0.18,437,0.9176201372997712,401,1722,59.43205574912892,33.56039488966318,36,0,0.018653,0.059028,0.022683,0.072917,3,0,0.2
map40_r288_s4,combo_s1_j1,mid,703,40,40,288,4,0.18,526,0.41254752851711024,217,1163,96.58039552880481,75.50816852966466,309,106,0.053657,0.086806,0.455799,0.826389,1188,1135,79.2
map40_r288_s4,combo_s1_j1,mid,704,40,40,288,4,0.18,470,0.6382978723404256,300,1484,84.49595687331536,61.90229110512129,170,13,0.03128,0.055556,0.338292,0.631944,1201,1185,80.0667
map40_r288_s4,combo_s1_j1,mid,705,40,40,288,4,0.18,523,0.8317399617590823,435,1825,57.49972602739726,33.74356164383562,88,0,0.031831,0.090278,0.09187,0.298611,652,617,43.4667
map40_r288_s4,combo_s1_j1,mid,706,40,40,288,4,0.18,555,0.5459459459459459,303,1413,79.72045293701345,58.510261854210896,252,72,0.055185,0.097222,0.421785,0.711806,1370,1219,91.3333
map40_r288_s4,combo_s1_j1,mid,707,40,40,288,4,0.18,495,0.5313131313131313,263,1292,100.36455108359134,78.73993808049535,232,41,0.057866,0.100694,0.493287,0.802083,1396,1386,93.0667
map40_r288_s4,combo_s1_j1,mid,708,40,40,288,4,0.18,502,0.7470119521912351,375,1795,78.30974930362117,55.820055710306406,127,0,0.037373,0.072917,0.242627,0.475694,1161,1077,77.4
map40_r288_s4,combo_s1_j1,mid,709,40,40,288,4,0.18,547,0.473491773308958,259,1346,81.43313521545319,59.64264487369985,288,95,0.049889,0.090278,0.406813,0.822917,1091,1061,72.7333
map40_r288_s4,combo_s1_j1,mid,710,40,40,288,4,0.18,443,0.5530474040632054,245,1133,61.36010591350397,38.73345101500441,198,43,0.050722,0.09375,0.397625,0.690972,1274,1267,84.9333
map40_r288_s4,greedy,mid,701,40,40,288,4,0.18,568,0.4507042253521127,256,1203,118.49044056525354,98.70573566084788,312,101,0.055991,0.090278,0.51363,0.829861,1374,1287,91.6
map40_r288_s4,greedy,mid,702,40,40,288,4,0.18,437,0.9382151029748284,410,1731,51.32871172732524,26.125361062969382,27,0,0.002222,0.034722,0.009032,0.045139,0,0,0.0
map40_r288_s4,greedy,mid,703,40,40,288,4,0.18,526,0.33269961977186313,175,996,110.80020080321285,90.50100401606426,351,136,0.109299,0.163194,0.516519,0.861111,1280,1273,85.3333
map40_r288_s4,greedy,mid,704,40,40,288,4,0.18,470,0.6404255319148936,301,1478,69.6745602165088,47.5744248985115,169,22,0.055065,0.097222,0.294132,0.690972,972,938,64.8
map40_r288_s4,greedy,mid,705,40,40,288,4,0.18,523,0.6806883365200764,356,1629,153.16390423572744,130.48987108655618,167,13,0.048905,0.09375,0.393558,0.600694,1368,1363,91.2
map40_r288_s4,greedy,mid,706,40,40,288,4,0.18,555,0.4972972972972973,276,1349,60.07190511489993,39.745737583395105,279,93,0.058891,0.111111,0.428347,0.809028,1372,1328,91.4667
map40_r288_s4,greedy,mid,707,40,40,288,4,0.18,495,0.2686868686868687,133,794,196.77707808564233,177.46851385390428,362,131,0.092139,0.114583,0.651919,0.888889,1452,1446,96.8
map40_r288_s4,greedy,mid,708,40,40,288,4,0.18,502,0.4641434262948207,233,1131,43.65340406719717,23.375773651635722,269,84,0.059657,0.086806,0.434294,0.777778,1187,1183,79.1333
map40_r288_s4,greedy,mid,709,40,40,288,4,0.18,547,0.43875685557586835,240,1305,123.29655172413793,101.86666666666666,307,94,0.068157,0.107639,0.463734,0.833333,1247,1220,83.1333
map40_r288_s4,greedy,mid,710,40,40,288,4,0.18,443,0.6388261851015802,283,1337,73.86836200448766,52.11742707554226,160,9,0.049023,0.076389,0.388218,0.635417,1380,1360,92.0
map40_r288_s4,hungarian,mid,701,40,40,288,4,0.18,568,0.44190140845070425,251,1252,99.14776357827476,78.60463258785943,317,102,0.057535,0.100694,0.511944,0.90625,1381,1355,92.0667
map40_r288_s4,hungarian,mid,702,40,40,288,4,0.18,437,0.9382151029748284,410,1738,50.884925201380895,25.70655926352129,27,0,0.001618,0.017361,0.007049,0.045139,0,0,0.0
map40_r288_s4,hungarian,mid,703,40,40,288,4,0.18,526,0.34220532319391633,180,1016,71.24114173228347,51.49409448818898,346,138,0.0911,0.125,0.512361,0.881944,1277,1242,85.1333
map40_r288_s4,hungarian,mid,704,40,40,288,4,0.18,470,0.23829787234042554,112,754,117.06233421750663,98.5079575596817,358,132,0.102125,0.145833,0.582417,0.899306,1331,1317,88.7333
map40_r288_s4,hungarian,mid,705,40,40,288,4,0.18,523,0.6481835564053537,339,1556,140.94794344473007,118.51478149100257,184,3,0.059706,0.118056,0.398248,0.642361,1363,1346,90.8667
map40_r288_s4,hungarian,mid,706,40,40,288,4,0.18,555,0.36036036036036034,200,1030,69.98543689320388,50.084466019417476,355,147,0.067264,0.111111,0.524315,0.868056,1389,1329,92.6
map40_r288_s4,hungarian,mid,707,40,40,288,4,0.18,495,0.39595959595959596,196,1066,69.84427767354596,49.86397748592871,299,71,0.035602,0.072917,0.572204,0.881944,1451,1434,96.7333
map40_r288_s4,hungarian,mid,708,40,40,288,4,0.18,502,0.7450199203187251,374,1735,59.835734870317005,37.70835734870317,128,0,0.023319,0.0625,0.241525,0.510417,1032,981,68.8
map40_r288_s4,hungarian,mid,709,40,40,288,4,0.18,547,0.5228519195612431,286,1464,94.54918032786885,72.64275956284153,261,71,0.043426,0.100694,0.403544,0.802083,1253,1230,83.5333
map40_r288_s4,hungarian,mid,710,40,40,288,4,0.18,443,0.44469525959367945,197,1034,64.94390715667312,45.2862669245648,246,68,0.061942,0.083333,0.461326,0.746528,1379,1355,91.9333
map40_r288_s4,jsq,mid,701,40,40,288,4,0.18,568,0.4894366197183099,278,1295,150.6030888030888,130.18146718146718,290,88,0.052519,0.09375,0.501616,0.753472,1374,1287,91.6
map40_r288_s4,jsq,mid,702,40,40,288,4,0.18,437,0.9382151029748284,410,1731,51.32871172732524,26.125361062969382,27,0,0.002222,0.034722,0.009032,0.045139,0,0,0.0
map40_r288_s4,jsq,mid,703,40,40,288,4,0.18,526,0.33269961977186313,175,996,110.80020080321285,90.50100401606426,351,136,0.109299,0.163194,0.516519,0.861111,1280,1273,85.3333
map40_r288_s4,jsq,mid,704,40,40,288,4,0.18,470,0.6404255319148936,301,1478,69.6745602165088,47.5744248985115,169,22,0.055065,0.097222,0.294132,0.690972,972,938,64.8
map40_r288_s4,jsq,mid,705,40,40,288,4,0.18,523,0.6806883365200764,356,1629,153.16390423572744,130.48987108655618,167,13,0.048905,0.09375,0.393558,0.600694,1368,1363,91.2
map40_r288_s4,jsq,mid,706,40,40,288,4,0.18,555,0.4972972972972973,276,1338,68.30642750373693,47.62929745889387,279,94,0.054734,0.100694,0.428755,0.78125,1369,1314,91.2667
map40_r288_s4,jsq,mid,707,40,40,288,4,0.18,495,0.2727272727272727,135,794,196.91309823677582,177.45969773299748,360,131,0.09222,0.114583,0.652023,0.888889,1452,1446,96.8
map40_r288_s4,jsq,mid,708,40,40,288,4,0.18,502,0.4641434262948207,233,1131,43.65340406719717,23.375773651635722,269,84,0.059657,0.086806,0.434294,0.777778,1187,1183,79.1333
map40_r288_s4,jsq,mid,709,40,40,288,4,0.18,547,0.4844606946983547,265,1347,107.07646622123237,84.62435040831477,282,85,0.057113,0.111111,0.419354,0.805556,1243,1202,82.8667
map40_r288_s4,jsq,mid,710,40,40,288,4,0.18,443,0.4108352144469526,182,917,43.393675027262816,23.851690294438384,261,83,0.079819,0.100694,0.467836,0.763889,1300,1268,86.6667
map40_r288_s4,phasec,mid,701,40,40,288,4,0.18,568,0.7517605633802817,427,1969,69.06043676993397,46.609954291518534,141,1,0.038062,0.090278,0.205799,0.534722,929,909,61.9333
map40_r288_s4,phasec,mid,702,40,40,288,4,0.18,437,0.7414187643020596,324,1537,72.73975276512687,49.527000650618085,113,1,0.064787,0.104167,0.237896,0.475694,1189,1132,79.2667
map40_r288_s4,phasec,mid,703,40,40,288,4,0.18,526,0.655893536121673,345,1677,71.74180083482409,49.4144305307096,181,22,0.053676,0.104167,0.317012,0.677083,1081,1080,72.0667
map40_r288_s4,phasec,mid,704,40,40,288,4,0.18,470,0.7,329,1644,97.3169099756691,74.54805352798054,141,4,0.026845,0.065972,0.275299,0.59375,1185,1141,79.0
map40_r288_s4,phasec,mid,705,40,40,288,4,0.18,523,0.5927342256214149,310,1479,108.40973630831643,85.08045977011494,213,29,0.065262,0.118056,0.38216,0.767361,1252,1192,83.4667
map40_r288_s4,phasec,mid,706,40,40,288,4,0.18,555,0.5765765765765766,320,1494,79.81860776439089,57.768406961178044,235,62,0.057458,0.118056,0.410868,0.732639,1377,1333,91.8
map40_r288_s4,phasec,mid,707,40,40,288,4,0.18,495,0.7070707070707071,350,1661,55.18302227573751,32.65984346779049,145,1,0.038715,0.069444,0.254181,0.548611,1083,1011,72.2
map40_r288_s4,phasec,mid,708,40,40,288,4,0.18,502,0.7051792828685259,354,1750,83.06628571428571,60.797714285714285,148,5,0.041993,0.069444,0.331238,0.576389,1365,1285,91.0
map40_r288_s4,phasec,mid,709,40,40,288,4,0.18,547,0.44972577696526506,246,1277,69.38136256851998,46.61785434612373,301,105,0.037949,0.072917,0.401806,0.854167,1072,1032,71.4667
map40_r288_s4,phasec,mid,710,40,40,288,4,0.18,443,0.510158013544018,226,1094,53.61334552102377,31.33363802559415,217,54,0.059252,0.086806,0.358604,0.704861,1105,1093,73.6667
map40_r288_s4,combo_s1_j1,high,701,40,40,288,4,0.18,564,0.650709219858156,367,1657,69.9915509957755,46.8038624019312,197,32,0.033475,0.072917,0.28641,0.71875,956,908,63.7333
map40_r288_s4,combo_s1_j1,high,702,40,40,288,4,0.18,549,0.46994535519125685,258,1298,53.70338983050848,31.89291217257319,291,84,0.039789,0.0625,0.447718,0.861111,1238,1180,82.5333
map40_r288_s4,combo_s1_j1,high,703,40,40,288,4,0.18,578,0.6280276816608996,363,1860,109.66397849462365,86.37096774193549,215,29,0.043354,0.125,0.28941,0.753472,1168,1153,77.8667
map40_r288_s4,combo_s1_j1,high,704,40,40,288,4,0.18,597,0.541038525963149,323,1552,65.40657216494846,42.524484536082475,274,90,0.062569,0.114583,0.358053,0.774306,1043,1019,69.5333
map40_r288_s4,combo_s1_j1,high,705,40,40,288,4,0.18,598,0.5384615384615384,322,1493,98.47421299397188,74.61955793703952,276,90,0.047794,0.09375,0.381137,0.732639,1139,1110,75.9333
map40_r288_s4,combo_s1_j1,high,706,40,40,288,4,0.18,566,0.4717314487632509,267,1259,87.30659253375696,65.53375694996029,299,118,0.051231,0.083333,0.463211,0.753472,1384,1328,92.2667
map40_r288_s4,combo_s1_j1,high,707,40,40,288,4,0.18,523,0.32887189292543023,172,996,82.9226907630522,63.55622489959839,351,138,0.075093,0.114583,0.587674,0.934028,1372,1366,91.4667
map40_r288_s4,combo_s1_j1,high,708,40,40,288,4,0.18,550,0.5254545454545455,289,1434,63.31450488145049,40.850069735006976,261,80,0.066127,0.128472,0.325366,0.78125,1117,1049,74.4667
map40_r288_s4,combo_s1_j1,high,709,40,40,288,4,0.18,540,0.7018518518518518,379,1710,61.83684210526316,39.215204678362575,161,18,0.03762,0.086806,0.32385,0.579861,1240,1216,82.6667
map40_r288_s4,combo_s1_j1,high,710,40,40,288,4,0.18,542,0.3837638376383764,208,1062,51.40489642184557,29.947269303201505,334,140,0.054123,0.072917,0.483137,0.822917,1233,1200,82.2
map40_r288_s4,greedy,high,701,40,40,288,4,0.18,564,0.4397163120567376,248,1289,104.68890612878201,83.43910007757952,316,108,0.067405,0.121528,0.459102,0.84375,1357,1246,90.4667
map40_r288_s4,greedy,high,702,40,40,288,4,0.18,549,0.6994535519125683,384,1806,49.618493909191585,27.166112956810633,165,14,0.033662,0.055556,0.32641,0.631944,1252,1246,83.4667
map40_r288_s4,greedy,high,703,40,40,288,4,0.18,578,0.4186851211072664,242,1255,98.64701195219124,77.94581673306773,336,119,0.074093,0.135417,0.46459,0.875,1300,1267,86.6667
map40_r288_s4,greedy,high,704,40,40,288,4,0.18,597,0.41708542713567837,249,1352,131.42381656804733,110.34541420118343,348,131,0.057315,0.097222,0.472431,0.840278,1295,1185,86.3333
map40_r288_s4,greedy,high,705,40,40,288,4,0.18,598,0.40301003344481606,241,1227,123.4360228198859,101.9038304808476,357,142,0.066282,0.104167,0.523127,0.850694,1369,1368,91.2667
map40_r288_s4,greedy,high,706,40,40,288,4,0.18,566,0.4204946996466431,238,1128,72.19148936170212,51.6968085106383,328,140,0.053012,0.083333,0.516671,0.784722,1393,1311,92.8667
map40_r288_s4,greedy,high,707,40,40,288,4,0.18,523,0.2676864244741874,140,833,88.87755102040816,70.23889555822329,383,143,0.079778,0.107639,0.662384,0.986111,1388,1369,92.5333
map40_r288_s4,greedy,high,708,40,40,288,4,0.18,550,0.6527272727272727,359,1616,47.88861386138614,26.567450495049506,191,38,0.050563,0.076389,0.368359,0.666667,1371,1287,91.4
map40_r288_s4,greedy,high,709,40,40,288,4,0.18,540,0.3037037037037037,164,950,98.60105263157895,78.06947368421052,376,166,0.074218,0.111111,0.506296,0.868056,1365,1259,91.0
map40_r288_s4,greedy,high,710,40,40,288,4,0.18,542,0.466789667896679,253,1239,64.75221953188056,44.06053268765133,289,113,0.066282,0.104167,0.450604,0.770833,1335,1295,89.0
map40_r288_s4,hungarian,high,701,40,40,288,4,0.18,564,0.2783687943262411,157,931,172.39097744360902,152.06766917293234,407,153,0.083875,0.135417,0.590546,0.934028,1374,1327,91.6
map40_r288_s4,hungarian,high,702,40,40,288,4,0.18,549,0.6265938069216758,344,1660,110.79879518072289,88.4210843373494,205,10,0.039458,0.065972,0.413449,0.715278,1274,1219,84.9333
map40_r288_s4,hungarian,high,703,40,40,288,4,0.18,578,0.328719723183391,190,1072,119.5606343283582,98.9785447761194,388,140,0.073736,0.111111,0.56191,0.96875,1378,1353,91.8667
map40_r288_s4,hungarian,high,704,40,40,288,4,0.18,597,0.3149078726968174,188,1078,109.33116883116882,88.99072356215213,409,175,0.08825,0.173611,0.582671,0.996528,1365,1283,91.0
map40_r288_s4,hungarian,high,705,40,40,288,4,0.18,598,0.3110367892976589,186,980,111.02551020408163,90.18877551020408,412,166,0.08662,0.121528,0.604458,0.947917,1393,1390,92.8667
map40_r288_s4,hungarian,high,706,40,40,288,4,0.18,566,0.4664310954063604,264,1253,52.49321628092578,32.132482043096566,302,116,0.05131,0.079861,0.467354,0.774306,1377,1307,91.8
map40_r288_s4,hungarian,high,707,40,40,288,4,0.18,523,0.390057361376673,204,1054,143.05977229601518,122.88330170777989,319,83,0.06159,0.09375,0.641009,0.927083,1407,1395,93.8
map40_r288_s4,hungarian,high,708,40,40,288,4,0.18,550,0.42363636363636364,233,1175,49.80085106382979,30.161702127659574,317,127,0.048898,0.083333,0.480056,0.8125,1360,1319,90.6667
map40_r288_s4,hungarian,high,709,40,40,288,4,0.18,540,0.38333333333333336,207,1127,104.6885536823425,83.47826086956522,333,136,0.047766,0.083333,0.47187,0.822917,1354,1310,90.2667
map40_r288_s4,hungarian,high,710,40,40,288,4,0.18,542,0.37084870848708484,201,1039,86.67564966313763,66.96053897978825,341,132,0.066366,0.111111,0.549875,0.836806,1402,1378,93.4667
map40_r288_s4,jsq,high,701,40,40,288,4,0.18,564,0.4397163120567376,248,1289,104.68890612878201,83.43910007757952,316,108,0.067405,0.121528,0.459102,0.84375,1357,1246,90.4667
map40_r288_s4,jsq,high,702,40,40,288,4,0.18,549,0.5318761384335154,292,1422,105.74894514767932,83.4915611814346,257,54,0.053528,0.083333,0.455102,0.777778,1252,1246,83.4667
map40_r288_s4,jsq,high,703,40,40,288,4,0.18,578,0.3875432525951557,224,1206,119.69485903814262,98.50580431177445,354,125,0.062743,0.118056,0.482986,0.871528,1300,1267,86.6667
map40_r288_s4,jsq,high,704,40,40,288,4,0.18,597,0.32663316582914576,195,1116,118.57706093189964,98.4695340501792,402,158,0.067347,0.107639,0.542255,0.96875,1325,1186,88.3333
map40_r288_s4,jsq,high,705,40,40,288,4,0.18,598,0.41471571906354515,248,1270,137.5732283464567,115.58031496062992,350,128,0.062431,0.104167,0.528141,0.8125,1369,1368,91.2667
map40_r288_s4,jsq,high,706,40,40,288,4,0.18,566,0.2968197879858657,168,930,68.02795698924731,48.11720430107527,398,174,0.064301,0.107639,0.563646,0.923611,1374,1309,91.6
map40_r288_s4,jsq,high,707,40,40,288,4,0.18,523,0.2676864244741874,140,833,88.87755102040816,70.23889555822329,383,143,0.079778,0.107639,0.662384,0.986111,1388,1369,92.5333
map40_r288_s4,jsq,high,708,40,40,288,4,0.18,550,0.6527272727272727,359,1616,47.88861386138614,26.567450495049506,191,38,0.050563,0.076389,0.368359,0.666667,1371,1287,91.4
map40_r288_s4,jsq,high,709,40,40,288,4,0.18,540,0.4777777777777778,258,1308,102.7125382262997,81.62003058103976,282,96,0.049493,0.090278,0.410819,0.767361,1337,1262,89.1333
map40_r288_s4,jsq,high,710,40,40,288,4,0.18,542,0.3671586715867159,199,1024,47.6630859375,28.111328125,343,145,0.069069,0.09375,0.505062,0.833333,1330,1293,88.6667
map40_r288_s4,phasec,high,701,40,40,288,4,0.18,564,0.4397163120567376,248,1220,100.84016393442623,79.7327868852459,316,114,0.072641,0.118056,0.439046,0.840278,1156,1132,77.0667
map40_r288_s4,phasec,high,702,40,40,288,4,0.18,549,0.5209471766848816,286,1458,132.34842249657063,109.11865569272976,263,50,0.059444,0.100694,0.419282,0.815972,1250,1205,83.3333
map40_r288_s4,phasec,high,703,40,40,288,4,0.18,578,0.5674740484429066,328,1607,90.06596141879278,66.72682016179216,250,70,0.058211,0.111111,0.319111,0.774306,1124,1068,74.9333
map40_r288_s4,phasec,high,704,40,40,288,4,0.18,597,0.3098827470686767,185,1068,125.71348314606742,104.68352059925094,412,174,0.107407,0.15625,0.553498,0.892361,1263,1223,84.2
map40_r288_s4,phasec,high,705,40,40,288,4,0.18,598,0.21070234113712374,126,828,72.7475845410628,51.632850241545896,472,235,0.080294,0.118056,0.592493,1.0,1381,1324,92.0667
map40_r288_s4,phasec,high,706,40,40,288,4,0.18,566,0.6872791519434629,389,1808,77.58075221238938,54.968473451327434,177,21,0.032782,0.0625,0.275755,0.659722,1374,1230,91.6
map40_r288_s4,phasec,high,707,40,40,288,4,0.18,523,0.6539196940726577,342,1668,49.799760191846524,27.522182254196643,181,11,0.034132,0.059028,0.380197,0.6875,1345,1330,89.6667
map40_r288_s4,phasec,high,708,40,40,288,4,0.18,550,0.6945454545454546,382,1801,58.70405330372016,36.87007218212104,168,26,0.034639,0.055556,0.31309,0.621528,1283,1186,85.5333
map40_r288_s4,phasec,high,709,40,40,288,4,0.18,540,0.39814814814814814,215,1070,67.94392523364486,46.46822429906542,325,154,0.056856,0.090278,0.467481,0.78125,1218,1186,81.2
map40_r288_s4,phasec,high,710,40,40,288,4,0.18,542,0.7250922509225092,393,1856,82.82327586206897,59.853987068965516,149,3,0.033944,0.076389,0.290424,0.600694,1238,1197,82.5333
