variant,load,seed,arm,ticks,action_route_encoding,all_idle_candidate_contexts,all_idle_candidates_per_context_mean,all_idle_candidates_scored,assign_calls,assignment_time_ms_mean,avg_excess_delay,avg_excess_delay_label,avg_task_duration,bottleneck_CVaR,completed_order_flow_time_p95,completed_orders,completed_orders_delta_sum,completed_orders_per_congestion_event,completed_orders_per_severe_event,completed_tasks,completion_fraction,congestion_events,deadlock_ratio_max,deadlock_ratio_mean,decision_contexts_total,energy_candidates_per_context,energy_conv_active_contexts,energy_conv_active_rate,energy_conv_contexts,energy_conv_gate_g_mean,energy_conv_modified_decision_rate,energy_conv_modified_decisions,energy_conv_signal_selected_mean,energy_conv_v_state_mean,energy_conv_warmup_contexts,energy_conv_z_base_selected_mean,energy_conv_z_delta_selected_mean,energy_drift_signal,energy_noop_best_action_score_mean,energy_noop_contexts,energy_noop_cost_mean,energy_noop_deferred,energy_noop_rate,energy_noop_score_mean,energy_potential_mean,energy_score_mean,energy_scoring_candidates,energy_scoring_contexts,energy_scoring_mode,energy_service_relief_mean,fallback_greedy_calls,fallback_greedy_ratio,final_backlog_fraction,final_backlog_total,handoff_ratio_max,handoff_ratio_mean,long_risk_schema_version,model_assign_calls,model_inference_calls,model_inference_time_ms_mean,num_agents,online_robot_candidate_scope,open_order_age_p95,open_order_count,order_arrival_count,order_arrival_manifest_schema_version,order_arrival_replayed,pending_order_age_p95,pending_order_count,psi_dispatch_age_mean,psi_dispatch_attention_added,psi_dispatch_backlog_mean,psi_dispatch_changed_positions,psi_dispatch_contexts_seen,psi_dispatch_e_demand_modified,psi_dispatch_encoder_contract_verified,psi_dispatch_eval_calls,psi_dispatch_eval_time_ms_mean,psi_dispatch_hard_gate_added,psi_dispatch_head_loaded,psi_dispatch_j_mean,psi_dispatch_mode,psi_dispatch_no_assign_added,psi_dispatch_proposal_calls,psi_dispatch_reordered_calls,psi_dispatch_replacement_calls,psi_dispatch_replacement_count,psi_dispatch_requested_budget_mean,psi_dispatch_robot_scorer,psi_dispatch_robot_scorer_variant,psi_dispatch_s1_within_context,psi_dispatch_schema_version,psi_dispatch_service_debt_mean,psi_dispatch_service_mean,psi_dispatch_superset_size_mean,psi_dispatch_trace_dropped,psi_dispatch_trace_records,psi_dispatch_traffic_mean,psi_dispatch_unique_stations_mean,risk_guard_fallback,risk_guard_filtered,risk_max_count,risk_max_max,risk_max_mean,risk_max_min,risk_max_p50,risk_max_p90,risk_max_p95,risk_max_p99,risk_rate_per_100,severe_events,stall_ratio_max,stall_ratio_mean,station_admission_mode,station_capacity_rejections,station_max_committed_load,station_max_occupancy,station_pressure,unified_risk,wait_or_stall,wall_time_s,warmup_defer_calls,wm_label_cost
map20_r48_s4,high,900,Greedy,1500,,,,,,,32.902815013404826,2.9623,47.19168900804289,0.1209,212.35,332,332.0,0.331007,0.35508,1492,0.5918,1003,1.0,0.43525,,,,,,,,,,,,,,,,,,,,,,,,,,,,,0.755793,424.0,0.083333,0.005069,,,,,48,,822.4,229,561,layer5_order_arrival_manifest_v1,False,655.8,195,,,,,,,,,,,,,,,,,,,,,,,,,,,,,,,,,,,,,,,,,66.8667,935,0.208333,0.066361,physical_only_legacy,21955,16,7,2.468,1.0,0.0664,562.6,,4.9024
map20_r48_s4,high,900,Hungarian,1500,,,,,,,26.276657060518733,2.499,39.62391930835735,0.1082,156.0,155,155.0,0.11805,0.119876,694,0.276292,1313,1.0,0.753444,,,,,,,,,,,,,,,,,,,,,,,,,,,,,1.388592,779.0,0.125,0.002208,,,,,48,,1177.5,406,561,layer5_order_arrival_manifest_v1,True,1058.0,373,,,,,,,,,,,,,,,,,,,,,,,,,,,,,,,,,,,,,,,,,87.5333,1293,0.25,0.159931,physical_only_legacy,33795,18,7,3.4896,1.0,0.1599,1226.88,,5.2624
map20_r48_s4,high,900,JSQ,1500,,,,,,,34.139799038881605,3.0232,47.9912625600699,0.1272,177.2,537,537.0,1.504202,2.174089,2289,0.957219,357,0.208333,0.038958,,,,,,,,,,,,,,,,,,,,,,,,,,,,,0.044563,25.0,0.104167,0.009722,,,,,48,,115.2,24,561,layer5_order_arrival_manifest_v1,True,45.0,1,,,,,,,,,,,,,,,,,,,,,,,,,,,,,,,,,,,,,,,,,23.8,247,0.145833,0.02275,physical_only_legacy,3627,16,7,1.3295,1.0,0.0227,110.58,,4.3263
map20_r48_s4,high,900,PhaseC,1500,canonical_bfs_service_cell_v1,776,8.759,6797,1500,141.3771,33.555701754385964,3.0358,47.52807017543859,0.1303,169.15,540,540.0,2.347826,3.506494,2280,0.962567,230,0.270833,0.028167,776,,,,,,,,,,,,,combo,,,,,,,,,,,off,,0,0.0,0.037433,21.0,0.104167,0.008458,long_risk_6d_quantile_combo_v2,1497,6797,25.0907,48,all_idle,63.0,21,561,layer5_order_arrival_manifest_v1,True,0.0,0,,,,,,,,,,,,,,,,,,,,,,,,,,,,,,,0,0,6797,1.052168,0.425506,0.012114,0.408109,0.721677,0.81193,0.907113,15.3333,154,0.1875,0.021403,physical_only_legacy,2688,18,7,1.2603,1.0,0.0214,315.12,3,4.2997
map20_r48_s4,high,900,ComboS1J1,1500,canonical_bfs_service_cell_v1,334,6.8832,2299,1500,118.1172,25.49669603524229,2.417,39.74559471365639,0.157,238.0,197,197.0,0.16281,0.166245,908,0.351159,1210,1.0,0.665069,334,0.0,139,0.4162,334,0.417239,0.012,4,0.70674,11.010073,50,-1.085169,0.154256,combo,0.0,0,0.0,0,0.0,0.0,0.0,0.0,0,334,conversion,0.0,0,0.0,1.235294,693.0,0.083333,0.002347,long_risk_6d_quantile_combo_v2,1497,2299,25.1768,48,all_idle,1148.55,364,561,layer5_order_arrival_manifest_v1,True,1006.8,329,0.74131434087011,False,0.8635400375130906,13705,15828,False,True,1281,24.597561743712397,False,True,-0.45162980828300825,j_ascending,False,1497,1079,86,89,2.255177020708083,WorldModelTaskAssigner.select_robots_unmodified,s1_within_context,True,phase_c_psi_dispatch_v1,0.8024271891916609,0.3615382700414313,10.57314629258517,0,0,0.34005649177588676,2.9523809523809526,0,0,2299,1.101386,0.340401,0.012114,0.205292,0.810415,0.874298,0.942971,80.6667,1185,0.208333,0.119625,physical_only_legacy,30961,16,7,3.0761,1.0,0.1196,1459.88,3,5.0232
map20_r48_s4,high,901,Greedy,1500,,,,,,,31.113300492610836,2.9478,45.600281491907104,0.1355,214.75,322,322.0,0.357778,0.370115,1421,0.573975,900,0.979167,0.470403,,,,,,,,,,,,,,,,,,,,,,,,,,,,,0.796791,447.0,0.0625,0.002639,,,,,48,,881.1,239,561,layer5_order_arrival_manifest_v1,False,685.95,208,,,,,,,,,,,,,,,,,,,,,,,,,,,,,,,,,,,,,,,,,60.0,870,0.145833,0.042819,physical_only_legacy,25191,14,7,2.5569,1.0,0.0428,322.67,,4.9306
map20_r48_s4,high,901,Hungarian,1500,,,,,,,36.291201429209465,3.2014,50.28852166145601,0.1282,155.0,538,538.0,1.427056,1.868056,2239,0.959002,377,0.229167,0.0415,,,,,,,,,,,,,,,,,,,,,,,,,,,,,0.040998,23.0,0.083333,0.009417,,,,,48,,92.4,23,561,layer5_order_arrival_manifest_v1,True,0.0,0,,,,,,,,,,,,,,,,,,,,,,,,,,,,,,,,,,,,,,,,,25.1333,288,0.1875,0.024903,physical_only_legacy,3835,17,7,1.4709,1.0,0.0249,109.13,,4.4893
map20_r48_s4,high,901,JSQ,1500,,,,,,,27.33926981300089,2.645,41.3820124666073,0.1425,199.2,259,259.0,0.233544,0.236746,1123,0.461676,1109,0.979167,0.605819,,,,,,,,,,,,,,,,,,,,,,,,,,,,,1.01426,569.0,0.0625,0.002431,,,,,48,,1058.85,302,561,layer5_order_arrival_manifest_v1,True,894.5,267,,,,,,,,,,,,,,,,,,,,,,,,,,,,,,,,,,,,,,,,,73.9333,1094,0.145833,0.064903,physical_only_legacy,31154,13,7,3.0019,1.0,0.0649,724.51,,5.0309
map20_r48_s4,high,901,PhaseC,1500,canonical_bfs_service_cell_v1,786,9.3702,7365,1500,151.1258,31.85726756874727,2.9672,45.91051942383239,0.1263,141.2,537,537.0,14.916667,31.588235,2291,0.957219,36,0.166667,0.010486,786,,,,,,,,,,,,,combo,,,,,,,,,,,off,,0,0.0,0.042781,24.0,0.0625,0.004125,long_risk_6d_quantile_combo_v2,1497,7365,24.9516,48,all_idle,85.65,24,561,layer5_order_arrival_manifest_v1,True,0.0,0,,,,,,,,,,,,,,,,,,,,,,,,,,,,,,,0,0,7365,1.002955,0.406983,-0.067416,0.399617,0.656937,0.734799,0.882181,2.4,17,0.125,0.012431,physical_only_legacy,1474,16,7,1.1793,1.0,0.0124,289.89,3,4.212
map20_r48_s4,high,901,ComboS1J1,1500,canonical_bfs_service_cell_v1,770,7.7896,5998,1500,135.8597,34.9879786286732,3.1012,49.092609082813894,0.1253,165.35,534,534.0,2.311688,4.377049,2246,0.951872,231,0.1875,0.030403,770,0.0,191,0.2481,770,0.256426,0.0013,1,0.684324,9.122648,50,-1.810797,0.308556,combo,0.0,0,0.0,0,0.0,0.0,0.0,0.0,0,770,conversion,0.0,0,0.0,0.048128,27.0,0.104167,0.00625,long_risk_6d_quantile_combo_v2,1497,5998,24.8812,48,all_idle,108.3,27,561,layer5_order_arrival_manifest_v1,True,0.0,0,0.042100244589608954,False,0.24576806931963613,42,863,False,True,587,25.005584341526234,False,True,0.08072749624525107,j_ascending,False,1497,16,2,2,7.151636606546426,WorldModelTaskAssigner.select_robots_unmodified,s1_within_context,True,phase_c_psi_dispatch_v1,0.14393415695462275,0.2404972088144421,0.5764863059452238,0,0,0.20882609758530404,1.06984667802385,0,0,5998,1.037212,0.440844,-0.067416,0.435995,0.745031,0.835577,0.929357,15.4,122,0.125,0.016833,physical_only_legacy,3046,17,7,1.3914,1.0,0.0168,274.59,3,4.3885
map20_r48_s4,high,902,Greedy,1500,,,,,,,25.50845253576073,2.3714,39.90767230169051,0.1128,148.1,160,160.0,0.134116,0.137339,769,0.304183,1193,1.0,0.700153,,,,,,,,,,,,,,,,,,,,,,,,,,,,,1.326996,698.0,0.083333,0.001597,,,,,48,,1139.75,366,526,layer5_order_arrival_manifest_v1,False,970.35,332,,,,,,,,,,,,,,,,,,,,,,,,,,,,,,,,,,,,,,,,,79.5333,1165,0.229167,0.117458,physical_only_legacy,33529,17,7,3.2963,1.0,0.1175,909.86,,5.0641
map20_r48_s4,high,902,Hungarian,1500,,,,,,,36.41624828845276,2.9586,50.104974897307166,0.1304,198.0,421,421.0,0.656786,0.717206,2191,0.80038,641,0.479167,0.0905,,,,,,,,,,,,,,,,,,,,,,,,,,,,,0.374525,197.0,0.104167,0.011306,,,,,48,,317.4,105,526,layer5_order_arrival_manifest_v1,True,287.7,92,,,,,,,,,,,,,,,,,,,,,,,,,,,,,,,,,,,,,,,,,42.7333,587,0.229167,0.035333,physical_only_legacy,6662,21,7,1.7455,1.0,0.0353,191.59,,4.5178
map20_r48_s4,high,902,JSQ,1500,,,,,,,30.662073966642495,2.7718,44.60333575054387,0.1198,204.55,290,290.0,0.260323,0.2723,1379,0.551331,1114,0.979167,0.458944,,,,,,,,,,,,,,,,,,,,,,,,,,,,,0.840304,442.0,0.125,0.007333,,,,,48,,898.5,236,526,layer5_order_arrival_manifest_v1,True,617.25,206,,,,,,,,,,,,,,,,,,,,,,,,,,,,,,,,,,,,,,,,,74.2667,1065,0.208333,0.105417,physical_only_legacy,20805,20,7,2.6085,1.0,0.1054,720.31,,4.9153
map20_r48_s4,high,902,PhaseC,1500,canonical_bfs_service_cell_v1,319,7.9906,2549,1500,54.9022,24.065040650406505,2.2753,38.113821138211385,0.1323,185.65,210,210.0,0.168404,0.168404,861,0.39924,1247,1.0,0.680097,319,,,,,,,,,,,,,combo,,,,,,,,,,,off,,0,0.0,1.121673,590.0,0.083333,0.001944,long_risk_6d_quantile_combo_v2,1497,2549,24.8696,48,all_idle,1203.75,316,526,layer5_order_arrival_manifest_v1,True,871.2,274,,,,,,,,,,,,,,,,,,,,,,,,,,,,,,,0,0,2549,1.030204,0.380933,0.026432,0.271319,0.836149,0.88529,0.93933,83.1333,1247,0.166667,0.056167,physical_only_legacy,35811,15,7,3.1936,1.0,0.0562,685.6,3,4.9229
map20_r48_s4,high,902,ComboS1J1,1500,canonical_bfs_service_cell_v1,513,7.7368,3969,1500,124.1742,31.432918395573996,2.8277,45.495850622406635,0.1294,214.7,307,307.0,0.293219,0.311359,1446,0.58365,1047,0.958333,0.416861,513,0.0,215,0.4191,513,0.421908,0.0175,9,0.743026,13.164462,50,-1.595775,0.199593,combo,0.0,0,0.0,0,0.0,0.0,0.0,0.0,0,513,conversion,0.0,0,0.0,0.775665,408.0,0.083333,0.004958,long_risk_6d_quantile_combo_v2,1497,3969,24.8957,48,all_idle,816.6,219,526,layer5_order_arrival_manifest_v1,True,571.8,189,0.5938030200916935,False,0.8048196194449292,5276,6747,False,True,942,24.74454195671685,False,True,-0.19466163942746956,j_ascending,False,1497,599,63,65,4.621910487641951,WorldModelTaskAssigner.select_robots_unmodified,s1_within_context,True,phase_c_psi_dispatch_v1,0.699311319768305,0.66852483499756,4.507014028056112,0,0,0.3407745256841103,1.6029723991507432,0,0,3969,1.130923,0.539417,0.026859,0.588018,0.934803,0.973329,1.046254,69.8,986,0.333333,0.116375,physical_only_legacy,17392,22,7,2.4606,1.0,0.1164,1055.55,3,4.8899
map20_r48_s4,high,903,Greedy,1500,,,,,,,35.95571488823281,2.9365,50.25685364824968,0.1303,193.8,565,565.0,1.686567,2.394068,2371,0.932343,335,0.229167,0.039264,,,,,,,,,,,,,,,,,,,,,,,,,,,,,0.075908,46.0,0.083333,0.007153,,,,,48,,141.0,41,606,layer5_order_arrival_manifest_v1,False,192.0,5,,,,,,,,,,,,,,,,,,,,,,,,,,,,,,,,,,,,,,,,,22.3333,236,0.166667,0.020514,physical_only_legacy,3670,18,7,1.3713,1.0,0.0205,115.61,,4.3047
map20_r48_s4,high,903,Hungarian,1500,,,,,,,28.69134775374376,2.6281,41.9134775374376,0.1418,196.65,242,242.0,0.226592,0.230257,1202,0.39934,1068,1.0,0.556722,,,,,,,,,,,,,,,,,,,,,,,,,,,,,1.166667,707.0,0.125,0.004014,,,,,48,,920.55,364,606,layer5_order_arrival_manifest_v1,True,851.7,343,,,,,,,,,,,,,,,,,,,,,,,,,,,,,,,,,,,,,,,,,71.2,1051,0.208333,0.112889,physical_only_legacy,25958,19,7,2.8543,1.0,0.1129,667.49,,4.996
map20_r48_s4,high,903,JSQ,1500,,,,,,,31.95691489361702,2.8594,46.58191489361702,0.1323,222.3,459,459.0,0.633978,0.684054,1880,0.757426,724,0.854167,0.267583,,,,,,,,,,,,,,,,,,,,,,,,,,,,,0.433993,263.0,0.0625,0.006292,,,,,48,,640.2,147,606,layer5_order_arrival_manifest_v1,True,483.75,116,,,,,,,,,,,,,,,,,,,,,,,,,,,,,,,,,,,,,,,,,48.2667,671,0.145833,0.054625,physical_only_legacy,12541,19,7,1.9271,1.0,0.0546,453.23,,4.5802
map20_r48_s4,high,903,PhaseC,1500,canonical_bfs_service_cell_v1,815,7.0638,5757,1500,121.3312,32.96714406065712,2.7526,47.12889637742207,0.13,154.0,572,572.0,3.091892,5.345794,2374,0.943894,185,0.229167,0.024708,815,,,,,,,,,,,,,combo,,,,,,,,,,,off,,0,0.0,0.062706,38.0,0.083333,0.005222,long_risk_6d_quantile_combo_v2,1497,5757,24.8613,48,all_idle,109.9,34,606,layer5_order_arrival_manifest_v1,True,109.7,4,,,,,,,,,,,,,,,,,,,,,,,,,,,,,,,0,0,5757,0.962473,0.493464,0.0279,0.48803,0.785706,0.850943,0.919697,12.3333,107,0.145833,0.017653,physical_only_legacy,2436,17,7,1.2455,1.0,0.0177,268.03,3,4.1467
map20_r48_s4,high,903,ComboS1J1,1500,canonical_bfs_service_cell_v1,794,5.6247,4466,1500,113.2206,36.38274815778067,3.0378,50.7988729952319,0.1299,203.0,571,571.0,1.674487,2.655814,2307,0.942244,341,0.3125,0.039861,794,0.0,193,0.2431,794,0.258941,0.0076,6,0.676522,10.442938,50,-1.358781,0.261837,combo,0.0,0,0.0,0,0.0,0.0,0.0,0.0,0,794,conversion,0.0,0,0.0,0.061056,37.0,0.104167,0.009542,long_risk_6d_quantile_combo_v2,1497,4466,25.0337,48,all_idle,98.7,35,606,layer5_order_arrival_manifest_v1,True,115.6,2,0.0775658344056242,False,0.2797742898757692,175,1084,False,True,719,24.880338493884853,False,True,0.05009913920216667,j_ascending,False,1497,76,23,23,4.987307949231797,WorldModelTaskAssigner.select_robots_unmodified,s1_within_context,True,phase_c_psi_dispatch_v1,0.17867006214069622,0.24824677594865216,0.7241148964595858,0,0,0.20929162673707158,1.1627260083449236,0,0,4466,1.091534,0.507575,0.0279,0.54654,0.806204,0.864512,0.956296,22.7333,215,0.166667,0.027444,physical_only_legacy,3495,20,7,1.3808,1.0,0.0274,301.55,3,4.3667
map20_r48_s4,high,904,Greedy,1500,,,,,,,27.54649827784156,2.6284,41.888633754305395,0.1342,192.65,168,168.0,0.139419,0.141058,871,0.319392,1205,1.0,0.687056,,,,,,,,,,,,,,,,,,,,,,,,,,,,,1.313688,691.0,0.083333,0.002194,,,,,48,,1118.7,358,526,layer5_order_arrival_manifest_v1,False,973.8,333,,,,,,,,,,,,,,,,,,,,,,,,,,,,,,,,,,,,,,,,,80.3333,1191,0.229167,0.146333,physical_only_legacy,30574,19,7,3.2488,1.0,0.1463,1226.38,,5.2192
map20_r48_s4,high,904,Hungarian,1500,,,,,,,19.28857142857143,1.9351,32.45,0.1101,243.8,97,97.0,0.070036,0.070036,700,0.184411,1385,1.0,0.786875,,,,,,,,,,,,,,,,,,,,,,,,,,,,,1.581749,832.0,0.0625,0.000708,,,,,48,,1274.4,429,526,layer5_order_arrival_manifest_v1,True,1172.7,403,,,,,,,,,,,,,,,,,,,,,,,,,,,,,,,,,,,,,,,,,92.3333,1385,0.166667,0.079597,physical_only_legacy,40335,13,7,3.4668,1.0,0.0796,697.66,,4.8907
map20_r48_s4,high,904,JSQ,1500,,,,,,,27.599464763603926,2.8105,41.21677074041035,0.1297,135.0,506,506.0,11.767442,33.733333,2242,0.961977,43,0.125,0.008153,,,,,,,,,,,,,,,,,,,,,,,,,,,,,0.038023,20.0,0.0625,0.003222,,,,,48,,60.3,20,526,layer5_order_arrival_manifest_v1,True,0.0,0,,,,,,,,,,,,,,,,,,,,,,,,,,,,,,,,,,,,,,,,,2.8667,15,0.125,0.011625,physical_only_legacy,980,17,7,1.0299,1.0,0.0116,67.35,,4.0616
map20_r48_s4,high,904,PhaseC,1500,canonical_bfs_service_cell_v1,753,14.2444,10726,1500,214.1134,26.906491148433954,2.7949,40.63413527008625,0.1437,134.0,501,501.0,2.443902,3.883721,2203,0.952471,205,0.166667,0.023514,753,,,,,,,,,,,,,combo,,,,,,,,,,,off,,0,0.0,0.047529,25.0,0.0625,0.003125,long_risk_6d_quantile_combo_v2,1497,10726,25.0016,48,all_idle,166.8,25,526,layer5_order_arrival_manifest_v1,True,0.0,0,,,,,,,,,,,,,,,,,,,,,,,,,,,,,,,0,0,10726,0.949052,0.40352,-0.033305,0.374206,0.684821,0.746977,0.848474,13.6667,129,0.208333,0.023958,physical_only_legacy,1051,14,7,0.961,1.0,0.024,564.14,3,4.0456
map20_r48_s4,high,904,ComboS1J1,1500,canonical_bfs_service_cell_v1,341,6.6716,2275,1500,109.5615,26.026968716289105,2.5532,40.316073354908305,0.1358,180.25,196,196.0,0.169844,0.172992,927,0.372624,1154,1.0,0.660139,341,0.0,136,0.3988,341,0.416699,0.0147,5,0.691088,10.068826,50,-1.130075,0.256717,combo,0.0,0,0.0,0,0.0,0.0,0.0,0.0,0,341,conversion,0.0,0,0.0,1.190114,626.0,0.083333,0.001861,long_risk_6d_quantile_combo_v2,1497,2275,24.9003,48,all_idle,1102.65,330,526,layer5_order_arrival_manifest_v1,True,895.5,296,0.7383539614197435,False,0.8326383163110692,11084,12201,False,True,1222,24.421465302681863,False,True,-0.40489380881129966,j_ascending,False,1497,994,68,68,2.205744822979292,WorldModelTaskAssigner.select_robots_unmodified,s1_within_context,True,phase_c_psi_dispatch_v1,0.7854961388654307,0.483422190666018,8.150300601202405,0,0,0.27778246944225055,2.74468085106383,0,0,2275,0.992351,0.36208,-0.033305,0.290215,0.794042,0.872576,0.928349,76.9333,1133,0.1875,0.09925,physical_only_legacy,32108,15,7,3.1836,1.0,0.0993,1214.07,3,5.1035
map20_r48_s4,high,905,Greedy,1500,,,,,,,32.37816455696203,2.979,47.028481012658226,0.1361,321.4,270,270.0,0.242588,0.256898,1264,0.499076,1113,1.0,0.523792,,,,,,,,,,,,,,,,,,,,,,,,,,,,,0.944547,511.0,0.104167,0.004833,,,,,48,,988.5,271,541,layer5_order_arrival_manifest_v1,False,759.3,240,,,,,,,,,,,,,,,,,,,,,,,,,,,,,,,,,,,,,,,,,74.2,1051,0.229167,0.081972,physical_only_legacy,25687,18,7,2.7176,1.0,0.082,705.51,,5.0663
map20_r48_s4,high,905,Hungarian,1500,,,,,,,24.014903129657228,2.3049,37.66467958271237,0.1048,178.0,141,141.0,0.106737,0.107224,671,0.260628,1321,1.0,0.767194,,,,,,,,,,,,,,,,,,,,,,,,,,,,,1.42329,770.0,0.0625,0.001153,,,,,48,,1200.05,400,541,layer5_order_arrival_manifest_v1,True,1087.1,370,,,,,,,,,,,,,,,,,,,,,,,,,,,,,,,,,,,,,,,,,88.0667,1315,0.25,0.183056,physical_only_legacy,32462,17,7,3.4205,1.0,0.1831,1428.38,,5.1505
map20_r48_s4,high,905,JSQ,1500,,,,,,,28.410034602076124,2.7266,43.049307958477506,0.1435,258.75,258,258.0,0.228521,0.232642,1156,0.476895,1129,0.979167,0.578639,,,,,,,,,,,,,,,,,,,,,,,,,,,,,0.983364,532.0,0.0625,0.003125,,,,,48,,1061.1,283,541,layer5_order_arrival_manifest_v1,True,877.2,249,,,,,,,,,,,,,,,,,,,,,,,,,,,,,,,,,,,,,,,,,75.2667,1109,0.25,0.121264,physical_only_legacy,25777,17,7,2.8731,1.0,0.1213,1055.82,,5.0646
map20_r48_s4,high,905,PhaseC,1500,canonical_bfs_service_cell_v1,381,5.7375,2186,1500,48.4426,30.90171755725191,2.8761,45.38740458015267,0.1188,226.4,253,253.0,0.219048,0.227723,1048,0.467652,1155,1.0,0.596472,381,,,,,,,,,,,,,combo,,,,,,,,,,,off,,0,0.0,0.990758,536.0,0.083333,0.003556,long_risk_6d_quantile_combo_v2,1497,2186,24.782,48,all_idle,1007.4,288,541,layer5_order_arrival_manifest_v1,True,749.85,248,,,,,,,,,,,,,,,,,,,,,,,,,,,,,,,0,0,2186,1.116428,0.440886,0.039937,0.314707,0.89815,0.955416,1.016516,77.0,1111,0.229167,0.134458,physical_only_legacy,26934,20,7,3.026,1.0,0.1345,1032.2,3,5.2043
map20_r48_s4,high,905,ComboS1J1,1500,canonical_bfs_service_cell_v1,762,8.7559,6672,1500,147.8758,34.36380009004953,3.0928,48.59297613687528,0.1314,212.3,515,515.0,1.17849,1.546547,2221,0.951941,437,0.354167,0.053861,762,0.0,219,0.2874,762,0.290241,0.0039,3,0.691649,10.38113,50,-1.927288,0.253798,combo,0.0,0,0.0,0,0.0,0.0,0.0,0.0,0,762,conversion,0.0,0,0.0,0.048059,26.0,0.083333,0.009236,long_risk_6d_quantile_combo_v2,1497,6672,24.8481,48,all_idle,127.5,26,541,layer5_order_arrival_manifest_v1,True,0.0,0,0.04347180819158196,False,0.24841442138977635,57,852,False,True,570,24.941139995006093,False,True,0.08124056193199541,j_ascending,False,1497,21,2,2,7.704074816299265,WorldModelTaskAssigner.select_robots_unmodified,s1_within_context,True,phase_c_psi_dispatch_v1,0.14594311479067915,0.23442131316752782,0.5691382765531062,0,0,0.21994604027781967,1.0649122807017544,0,0,6672,1.087175,0.489851,0.039937,0.470861,0.7994,0.866756,0.974233,29.1333,333,0.229167,0.033569,physical_only_legacy,3932,22,7,1.4528,1.0,0.0336,392.62,3,4.4378
map20_r48_s4,high,906,Greedy,1500,,,,,,,36.28932584269663,3.3513,50.657303370786515,0.1229,224.0,408,408.0,0.543276,0.600884,1780,0.720848,751,0.979167,0.304,,,,,,,,,,,,,,,,,,,,,,,,,,,,,0.5,283.0,0.125,0.010097,,,,,48,,591.3,158,566,layer5_order_arrival_manifest_v1,False,441.6,125,,,,,,,,,,,,,,,,,,,,,,,,,,,,,,,,,,,,,,,,,50.0667,679,0.270833,0.093625,physical_only_legacy,13748,20,7,2.219,1.0,0.0936,561.2,,5.0016
map20_r48_s4,high,906,Hungarian,1500,,,,,,,37.24580284115368,3.2651,50.99827808867843,0.1317,167.25,536,536.0,1.09165,1.261176,2323,0.946996,491,0.291667,0.062097,,,,,,,,,,,,,,,,,,,,,,,,,,,,,0.053004,30.0,0.083333,0.008944,,,,,48,,228.15,30,566,layer5_order_arrival_manifest_v1,True,0.0,0,,,,,,,,,,,,,,,,,,,,,,,,,,,,,,,,,,,,,,,,,32.7333,425,0.229167,0.030778,physical_only_legacy,4730,20,7,1.523,1.0,0.0308,160.47,,4.5566
map20_r48_s4,high,906,JSQ,1500,,,,,,,30.348266666666667,2.9708,44.282666666666664,0.1313,145.4,434,434.0,0.659574,0.688889,1875,0.766784,658,0.875,0.279181,,,,,,,,,,,,,,,,,,,,,,,,,,,,,0.413428,234.0,0.083333,0.007319,,,,,48,,589.35,132,566,layer5_order_arrival_manifest_v1,True,421.2,102,,,,,,,,,,,,,,,,,,,,,,,,,,,,,,,,,,,,,,,,,43.8667,630,0.270833,0.093806,physical_only_legacy,10963,19,7,1.9382,1.0,0.0938,764.62,,4.6796
map20_r48_s4,high,906,PhaseC,1500,canonical_bfs_service_cell_v1,632,6.932,4381,1500,94.0707,31.048861743475847,2.9747,44.920044419766796,0.129,152.2,413,413.0,0.666129,0.717014,1801,0.729682,620,1.0,0.300375,632,,,,,,,,,,,,,combo,,,,,,,,,,,off,,0,0.0,0.484099,274.0,0.104167,0.005069,long_risk_6d_quantile_combo_v2,1497,4381,25.195,48,all_idle,576.6,153,566,layer5_order_arrival_manifest_v1,True,363.0,121,,,,,,,,,,,,,,,,,,,,,,,,,,,,,,,0,0,4381,1.04506,0.453178,0.041531,0.438399,0.767405,0.851349,0.955832,41.3333,576,0.166667,0.051028,physical_only_legacy,15355,17,7,2.0476,1.0,0.051,556.94,3,4.6912
map20_r48_s4,high,906,ComboS1J1,1500,canonical_bfs_service_cell_v1,723,6.1245,4428,1500,118.129,31.822736030828516,2.985,45.72591522157996,0.1215,169.25,472,472.0,0.853526,0.949698,2076,0.833922,553,0.833333,0.192972,723,0.0,234,0.3237,723,0.332536,0.0097,7,0.676485,10.579854,50,-1.441355,0.232411,combo,0.0,0,0.0,0,0.0,0.0,0.0,0.0,0,723,conversion,0.0,0,0.0,0.275618,156.0,0.083333,0.007153,long_risk_6d_quantile_combo_v2,1497,4428,25.1778,48,all_idle,474.3,94,566,layer5_order_arrival_manifest_v1,True,281.85,62,0.36435296316932314,False,0.5310022217282386,1978,3019,False,True,803,24.88416825927989,False,True,-0.029595863651111436,j_ascending,False,1497,315,53,58,4.067468269873079,WorldModelTaskAssigner.select_robots_unmodified,s1_within_context,True,phase_c_psi_dispatch_v1,0.4476775924487832,0.5240311838782714,2.0167000668002673,0,0,0.3121322737170711,1.5703611457036115,0,0,4428,1.036851,0.44964,0.050336,0.426165,0.781498,0.857959,0.961503,36.8667,497,0.291667,0.081681,physical_only_legacy,7265,20,7,1.7302,1.0,0.0817,652.96,3,4.5607
map20_r48_s4,high,907,Greedy,1500,,,,,,,28.99928724162509,2.6885,43.74126870990734,0.1327,183.3,315,315.0,0.322086,0.328467,1403,0.558511,978,0.979167,0.476556,,,,,,,,,,,,,,,,,,,,,,,,,,,,,0.826241,466.0,0.0625,0.003514,,,,,48,,893.2,249,564,layer5_order_arrival_manifest_v1,False,666.6,217,,,,,,,,,,,,,,,,,,,,,,,,,,,,,,,,,,,,,,,,,65.2,959,0.270833,0.137208,physical_only_legacy,19027,21,7,2.5895,1.0,0.1372,943.92,,4.9089
map20_r48_s4,high,907,Hungarian,1500,,,,,,,31.229571984435797,2.8872,44.94007782101167,0.1177,211.45,234,234.0,0.209677,0.217069,1285,0.414894,1116,1.0,0.531667,,,,,,,,,,,,,,,,,,,,,,,,,,,,,1.143617,645.0,0.083333,0.005653,,,,,48,,938.55,330,564,layer5_order_arrival_manifest_v1,True,915.9,315,,,,,,,,,,,,,,,,,,,,,,,,,,,,,,,,,,,,,,,,,74.4,1078,0.291667,0.154958,physical_only_legacy,21193,21,7,2.8241,1.0,0.155,1124.47,,5.1283
map20_r48_s4,high,907,JSQ,1500,,,,,,,33.618043350908025,2.9669,48.20796719390744,0.1274,235.1,430,430.0,0.454065,0.470975,1707,0.762411,947,0.854167,0.344,,,,,,,,,,,,,,,,,,,,,,,,,,,,,0.406028,229.0,0.083333,0.006306,,,,,48,,685.05,134,564,layer5_order_arrival_manifest_v1,True,468.0,95,,,,,,,,,,,,,,,,,,,,,,,,,,,,,,,,,,,,,,,,,63.1333,913,0.208333,0.054194,physical_only_legacy,17578,21,7,2.2383,1.0,0.0542,436.75,,4.7842
map20_r48_s4,high,907,PhaseC,1500,canonical_bfs_service_cell_v1,356,6.7275,2395,1500,52.7449,25.911522633744855,2.4631,39.861111111111114,0.1157,258.4,233,233.0,0.199145,0.202609,972,0.413121,1170,1.0,0.640889,356,,,,,,,,,,,,,combo,,,,,,,,,,,off,,0,0.0,1.106383,624.0,0.0625,0.002153,long_risk_6d_quantile_combo_v2,1497,2395,24.9012,48,all_idle,1160.0,331,564,layer5_order_arrival_manifest_v1,True,931.4,293,,,,,,,,,,,,,,,,,,,,,,,,,,,,,,,0,0,2395,1.061093,0.459636,0.052667,0.44192,0.851013,0.889724,0.959817,78.0,1150,0.166667,0.09775,physical_only_legacy,30865,16,7,3.1221,1.0,0.0978,792.11,3,5.0061
map20_r48_s4,high,907,ComboS1J1,1500,canonical_bfs_service_cell_v1,489,4.9468,2419,1500,114.5981,29.486899563318776,2.8033,43.96360989810771,0.1332,223.0,291,291.0,0.269444,0.281977,1374,0.515957,1080,0.9375,0.495806,489,0.0,151,0.3088,489,0.323528,0.0041,2,0.739947,11.697685,50,-0.774738,0.181606,combo,0.0,0,0.0,0,0.0,0.0,0.0,0.0,0,489,conversion,0.0,0,0.0,0.91844,518.0,0.083333,0.003611,long_risk_6d_quantile_combo_v2,1497,2419,25.0375,48,all_idle,963.6,273,564,layer5_order_arrival_manifest_v1,True,812.4,245,0.5838810495742739,False,0.8006276594807432,8222,10064,False,True,1224,24.763854992807254,False,True,-0.35921364111773185,j_ascending,False,1497,914,130,137,2.383433533734135,WorldModelTaskAssigner.select_robots_unmodified,s1_within_context,True,phase_c_psi_dispatch_v1,0.6922543545275038,0.37927580492708696,6.722778891115564,0,0,0.2868056218924566,2.6209150326797386,0,0,2419,1.027482,0.470403,0.052667,0.444845,0.877789,0.918449,0.967677,72.0,1032,0.208333,0.06775,physical_only_legacy,23911,18,7,2.5226,1.0,0.0677,714.79,3,4.8639
map20_r48_s4,high,908,Greedy,1500,,,,,,,40.39020122484689,3.4858,54.96281714785652,0.1275,225.85,528,528.0,1.003802,1.333333,2286,0.921466,526,0.25,0.056722,,,,,,,,,,,,,,,,,,,,,,,,,,,,,0.09075,52.0,0.083333,0.009472,,,,,48,,151.8,45,573,layer5_order_arrival_manifest_v1,False,88.5,7,,,,,,,,,,,,,,,,,,,,,,,,,,,,,,,,,,,,,,,,,35.0667,396,0.208333,0.029778,physical_only_legacy,5038,19,7,1.5882,1.0,0.0298,124.66,,4.6943
map20_r48_s4,high,908,Hungarian,1500,,,,,,,29.601933216168717,2.9081,43.746045694200355,0.1431,176.55,264,264.0,0.230166,0.237838,1138,0.460733,1147,0.979167,0.586083,,,,,,,,,,,,,,,,,,,,,,,,,,,,,1.017452,583.0,0.083333,0.002639,,,,,48,,981.4,309,573,layer5_order_arrival_manifest_v1,True,788.1,274,,,,,,,,,,,,,,,,,,,,,,,,,,,,,,,,,,,,,,,,,76.4667,1110,0.166667,0.0365,physical_only_legacy,32129,15,7,2.9626,1.0,0.0365,393.48,,5.115
map20_r48_s4,high,908,JSQ,1500,,,,,,,36.909130624726956,3.4265,50.97029270423766,0.1249,190.4,535,535.0,1.204955,1.573529,2289,0.933682,444,0.3125,0.050472,,,,,,,,,,,,,,,,,,,,,,,,,,,,,0.069808,40.0,0.104167,0.011014,,,,,48,,132.45,38,573,layer5_order_arrival_manifest_v1,True,44.7,2,,,,,,,,,,,,,,,,,,,,,,,,,,,,,,,,,,,,,,,,,29.6,340,0.208333,0.034611,physical_only_legacy,4115,20,7,1.5124,1.0,0.0346,102.71,,4.629
map20_r48_s4,high,908,PhaseC,1500,canonical_bfs_service_cell_v1,747,5.2477,3920,1500,85.7677,37.85209302325581,3.3981,52.06232558139535,0.1261,175.7,514,514.0,0.801872,1.011811,2150,0.897033,641,0.770833,0.119625,747,,,,,,,,,,,,,combo,,,,,,,,,,,off,,0,0.0,0.153578,88.0,0.104167,0.009722,long_risk_6d_quantile_combo_v2,1497,3920,24.8825,48,all_idle,273.9,59,573,layer5_order_arrival_manifest_v1,True,100.8,29,,,,,,,,,,,,,,,,,,,,,,,,,,,,,,,0,0,3920,1.042508,0.49502,0.030615,0.506189,0.830825,0.893107,0.969221,42.7333,508,0.1875,0.043778,physical_only_legacy,6671,18,7,1.6984,1.0,0.0438,410.26,3,4.7181
map20_r48_s4,high,908,ComboS1J1,1500,canonical_bfs_service_cell_v1,744,5.078,3778,1500,99.863,37.139643861293344,3.3785,51.23851921274602,0.1228,175.0,505,505.0,0.841667,0.990196,2134,0.881326,600,0.791667,0.132375,744,0.0,223,0.2997,744,0.306898,0.0081,6,0.705105,11.368746,50,-1.258259,0.274074,combo,0.0,0,0.0,0,0.0,0.0,0.0,0.0,0,744,conversion,0.0,0,0.0,0.17452,100.0,0.104167,0.009667,long_risk_6d_quantile_combo_v2,1497,3778,24.8622,48,all_idle,349.8,68,573,layer5_order_arrival_manifest_v1,True,114.75,32,0.14669862026165084,False,0.3637812585205312,642,1623,False,True,738,24.74094472502467,False,True,0.09299328309176134,j_ascending,False,1497,167,29,31,3.411489645958584,WorldModelTaskAssigner.select_robots_unmodified,s1_within_context,True,phase_c_psi_dispatch_v1,0.25523993939109263,0.4285531328556094,1.0841683366733468,0,0,0.26791331211009733,1.2831978319783197,0,0,3778,1.033147,0.508217,0.047852,0.546591,0.835891,0.891868,0.959206,40.0,510,0.25,0.054375,physical_only_legacy,6478,20,7,1.7361,1.0,0.0544,503.81,3,4.7345
map20_r48_s4,high,909,Greedy,1500,,,,,,,36.546573875803,3.1889,51.45985010706638,0.122,214.65,408,408.0,0.50495,0.544726,1868,0.755556,808,0.958333,0.254778,,,,,,,,,,,,,,,,,,,,,,,,,,,,,0.433333,234.0,0.104167,0.009472,,,,,48,,535.35,132,540,layer5_order_arrival_manifest_v1,False,512.85,102,,,,,,,,,,,,,,,,,,,,,,,,,,,,,,,,,,,,,,,,,53.8667,749,0.25,0.085819,physical_only_legacy,11352,20,7,2.0804,1.0,0.0858,543.13,,4.8425
map20_r48_s4,high,909,Hungarian,1500,,,,,,,37.8001012145749,3.2825,51.50657894736842,0.1318,763.7,207,207.0,0.22139,0.240139,1976,0.383333,935,0.916667,0.248208,,,,,,,,,,,,,,,,,,,,,,,,,,,,,1.212963,655.0,0.083333,0.010139,,,,,48,,997.2,333,540,layer5_order_arrival_manifest_v1,True,965.85,322,,,,,,,,,,,,,,,,,,,,,,,,,,,,,,,,,,,,,,,,,62.3333,862,0.270833,0.063653,physical_only_legacy,13045,21,7,2.035,1.0,0.0637,487.69,,4.8542
map20_r48_s4,high,909,JSQ,1500,,,,,,,30.569444444444443,2.8947,45.30015432098765,0.1099,186.95,262,262.0,0.239051,0.246241,1296,0.485185,1096,0.958333,0.522542,,,,,,,,,,,,,,,,,,,,,,,,,,,,,0.966667,522.0,0.125,0.005542,,,,,48,,904.2,278,540,layer5_order_arrival_manifest_v1,True,753.85,244,,,,,,,,,,,,,,,,,,,,,,,,,,,,,,,,,,,,,,,,,73.0667,1064,0.1875,0.089139,physical_only_legacy,24942,17,7,2.7544,1.0,0.0891,793.76,,5.0236
map20_r48_s4,high,909,PhaseC,1500,canonical_bfs_service_cell_v1,305,5.8525,1785,1500,40.3118,22.242979242979242,2.2244,36.68131868131868,0.1514,440.5,167,167.0,0.131393,0.132016,819,0.309259,1271,1.0,0.723514,305,,,,,,,,,,,,,combo,,,,,,,,,,,off,,0,0.0,1.324074,715.0,0.083333,0.002153,long_risk_6d_quantile_combo_v2,1497,1785,24.9712,48,all_idle,1228.8,373,540,layer5_order_arrival_manifest_v1,True,1100.55,342,,,,,,,,,,,,,,,,,,,,,,,,,,,,,,,0,0,1785,1.029127,0.322575,0.029011,0.223327,0.79653,0.845189,0.914445,84.7333,1265,0.166667,0.107458,physical_only_legacy,35116,18,7,3.382,1.0,0.1075,1229.24,3,5.062
map20_r48_s4,high,909,ComboS1J1,1500,canonical_bfs_service_cell_v1,773,5.9612,4608,1500,110.2874,37.59322033898305,3.1418,51.95049063336307,0.1287,185.0,510,510.0,1.153846,1.370968,2242,0.944444,442,0.291667,0.050333,773,0.0,213,0.2755,773,0.278478,0.0116,9,0.705432,10.757949,50,-1.414844,0.374521,combo,0.0,0,0.0,0,0.0,0.0,0.0,0.0,0,773,conversion,0.0,0,0.0,0.055556,30.0,0.145833,0.012069,long_risk_6d_quantile_combo_v2,1497,4608,24.9226,48,all_idle,121.65,30,540,layer5_order_arrival_manifest_v1,True,0.0,0,0.039347607376327684,False,0.24344181459566375,44,897,False,True,599,25.035167626029065,False,True,0.08783625032265262,j_ascending,False,1497,18,6,6,5.115564462257849,WorldModelTaskAssigner.select_robots_unmodified,s1_within_context,True,phase_c_psi_dispatch_v1,0.14139471098599565,0.23883335124140598,0.5991983967935872,0,0,0.21962857137588887,1.0667779632721202,0,0,4608,1.062368,0.489233,0.008811,0.500185,0.820332,0.881604,0.959391,29.4667,372,0.229167,0.029583,physical_only_legacy,4116,19,7,1.4873,1.0,0.0296,303.39,3,4.4728
map20_r48_s4,high,910,Greedy,1500,,,,,,,19.364764267990076,1.8899,33.22828784119107,0.145,230.8,73,73.0,0.05159,0.05159,403,0.137218,1415,1.0,0.872083,,,,,,,,,,,,,,,,,,,,,,,,,,,,,1.663534,885.0,0.0625,0.000389,,,,,48,,1392.6,459,532,layer5_order_arrival_manifest_v1,False,1236.75,426,,,,,,,,,,,,,,,,,,,,,,,,,,,,,,,,,,,,,,,,,94.3333,1415,0.125,0.080819,physical_only_legacy,46137,16,7,3.8544,1.0,0.0808,682.54,,5.098
map20_r48_s4,high,910,Hungarian,1500,,,,,,,31.585213032581454,2.9563,45.34837092731829,0.1094,241.6,109,109.0,0.084759,0.086853,798,0.204887,1286,1.0,0.7045,,,,,,,,,,,,,,,,,,,,,,,,,,,,,1.571429,836.0,0.0625,0.003264,,,,,48,,1217.7,423,532,layer5_order_arrival_manifest_v1,True,1189.2,413,,,,,,,,,,,,,,,,,,,,,,,,,,,,,,,,,,,,,,,,,85.7333,1255,0.25,0.174236,physical_only_legacy,24410,21,7,3.0194,1.0,0.1742,1705.23,,5.2715
map20_r48_s4,high,910,JSQ,1500,,,,,,,26.633440514469452,2.5485,41.659163987138264,0.1054,156.2,117,117.0,0.085777,0.086667,622,0.219925,1364,1.0,0.780125,,,,,,,,,,,,,,,,,,,,,,,,,,,,,1.5,798.0,0.083333,0.002139,,,,,48,,1293.9,415,532,layer5_order_arrival_manifest_v1,True,1112.7,383,,,,,,,,,,,,,,,,,,,,,,,,,,,,,,,,,,,,,,,,,90.9333,1350,0.229167,0.181556,physical_only_legacy,33709,20,7,3.5801,1.0,0.1816,1586.78,,5.3512
map20_r48_s4,high,910,PhaseC,1500,canonical_bfs_service_cell_v1,295,5.2746,1556,1500,35.5602,28.61061946902655,2.7936,43.38305941845765,0.1201,239.9,172,172.0,0.13427,0.136834,791,0.323308,1281,1.0,0.718778,295,,,,,,,,,,,,,combo,,,,,,,,,,,off,,0,0.0,1.291353,687.0,0.0625,0.002167,long_risk_6d_quantile_combo_v2,1497,1556,24.8127,48,all_idle,1167.15,360,532,layer5_order_arrival_manifest_v1,True,944.1,327,,,,,,,,,,,,,,,,,,,,,,,,,,,,,,,0,0,1556,1.072081,0.356188,0.090514,0.249856,0.817663,0.882914,0.971549,85.4,1257,0.1875,0.123403,physical_only_legacy,34570,20,7,3.3287,1.0,0.1234,1026.57,3,5.3046
map20_r48_s4,high,910,ComboS1J1,1500,canonical_bfs_service_cell_v1,278,5.4173,1506,1500,106.3125,26.156968876860624,2.5743,41.25169147496617,0.11,231.0,141,141.0,0.108295,0.109728,739,0.265038,1302,1.0,0.740542,278,0.0,91,0.3273,278,0.336135,0.0,0,0.724635,11.841718,50,-0.546982,0.235458,combo,0.0,0,0.0,0,0.0,0.0,0.0,0.0,0,278,conversion,0.0,0,0.0,1.415414,753.0,0.083333,0.002833,long_risk_6d_quantile_combo_v2,1497,1506,24.8533,48,all_idle,1212.0,391,532,layer5_order_arrival_manifest_v1,True,1070.85,362,0.7793022544032482,False,0.8720447720484955,15678,17766,False,True,1412,24.335039829012143,False,True,-0.3377170782278438,j_ascending,False,1497,1210,85,89,0.6386105544422178,WorldModelTaskAssigner.select_robots_unmodified,s1_within_context,True,phase_c_psi_dispatch_v1,0.8256735132258844,0.6341742893613201,11.867735470941884,0,0,0.34173858063476864,2.6147308781869687,0,0,1506,1.092482,0.363359,0.118187,0.261439,0.789855,0.850922,0.977684,86.8,1285,0.166667,0.112194,physical_only_legacy,36428,20,7,3.4545,1.0,0.1122,970.53,3,5.2366
map20_r48_s4,high,911,Greedy,1500,,,,,,,22.60472972972973,2.113,36.788851351351354,0.1416,205.1,119,119.0,0.094146,0.09422,592,0.227969,1264,1.0,0.771542,,,,,,,,,,,,,,,,,,,,,,,,,,,,,1.480843,773.0,0.083333,0.0015,,,,,48,,1207.2,403,522,layer5_order_arrival_manifest_v1,False,1054.65,370,,,,,,,,,,,,,,,,,,,,,,,,,,,,,,,,,,,,,,,,,84.2667,1263,0.208333,0.15175,physical_only_legacy,35216,15,7,3.5271,1.0,0.1517,1711.15,,5.1134
map20_r48_s4,high,911,Hungarian,1500,,,,,,,26.350936967632027,2.6108,40.45400340715503,0.1287,188.9,267,267.0,0.235035,0.241629,1174,0.511494,1136,1.0,0.555764,,,,,,,,,,,,,,,,,,,,,,,,,,,,,0.902299,471.0,0.083333,0.003431,,,,,48,,1039.8,255,522,layer5_order_arrival_manifest_v1,True,702.75,216,,,,,,,,,,,,,,,,,,,,,,,,,,,,,,,,,,,,,,,,,75.7333,1105,0.291667,0.163125,physical_only_legacy,21295,20,7,2.8139,1.0,0.1631,1291.08,,5.0042
map20_r48_s4,high,911,JSQ,1500,,,,,,,29.531575294934072,2.7157,43.25190839694657,0.1286,187.8,325,325.0,0.339958,0.350593,1441,0.622605,956,0.979167,0.417431,,,,,,,,,,,,,,,,,,,,,,,,,,,,,0.689655,360.0,0.083333,0.004306,,,,,48,,750.6,197,522,layer5_order_arrival_manifest_v1,True,485.7,163,,,,,,,,,,,,,,,,,,,,,,,,,,,,,,,,,,,,,,,,,63.7333,927,0.208333,0.053667,physical_only_legacy,22199,19,7,2.479,1.0,0.0537,531.15,,4.7796
map20_r48_s4,high,911,PhaseC,1500,canonical_bfs_service_cell_v1,662,9.2749,6140,1500,127.3266,31.951877313590693,2.9257,45.812268640930725,0.14,192.7,447,447.0,0.58971,0.628692,1891,0.856322,758,0.895833,0.199264,662,,,,,,,,,,,,,combo,,,,,,,,,,,off,,0,0.0,0.216475,113.0,0.104167,0.007667,long_risk_6d_quantile_combo_v2,1497,6140,25.0446,48,all_idle,405.3,75,522,layer5_order_arrival_manifest_v1,True,135.45,38,,,,,,,,,,,,,,,,,,,,,,,,,,,,,,,0,0,6140,1.086408,0.595193,0.064478,0.639643,0.901768,0.95229,1.012166,50.5333,711,0.208333,0.069181,physical_only_legacy,8905,21,7,1.8141,1.0,0.0692,629.72,3,4.5791
map20_r48_s4,high,911,ComboS1J1,1500,canonical_bfs_service_cell_v1,505,8.9842,4537,1500,128.5855,32.29838142153413,2.8913,46.24278676988037,0.1311,196.85,324,324.0,0.35141,0.389892,1421,0.62069,922,1.0,0.395264,505,0.0,173,0.3426,505,0.348997,0.0139,7,0.731482,10.861532,50,-1.832124,0.276543,combo,0.0,0,0.0,0,0.0,0.0,0.0,0.0,0,505,conversion,0.0,0,0.0,0.681992,356.0,0.104167,0.004417,long_risk_6d_quantile_combo_v2,1497,4537,25.2174,48,all_idle,625.8,198,522,layer5_order_arrival_manifest_v1,True,468.45,158,0.6524568540104723,False,0.7137910467697549,4015,5322,False,True,835,25.12232634924843,False,True,-0.29468722627013716,j_ascending,False,1497,459,10,10,5.470941883767535,WorldModelTaskAssigner.select_robots_unmodified,s1_within_context,True,phase_c_psi_dispatch_v1,0.6831239503901112,0.5061434711266991,3.555110220440882,0,0,0.2707299771132448,2.097005988023952,0,0,4537,1.048262,0.540934,0.02134,0.562975,0.891375,0.937398,0.996738,61.4667,831,0.291667,0.101667,physical_only_legacy,14241,21,7,1.9355,1.0,0.1017,1109.25,3,4.6462
map20_r48_s4,high,912,Greedy,1500,,,,,,,41.373741994510524,3.3302,55.41994510521501,0.1317,270.6,493,493.0,0.680939,0.804241,2186,0.937262,724,0.333333,0.093083,,,,,,,,,,,,,,,,,,,,,,,,,,,,,0.074144,39.0,0.104167,0.015681,,,,,48,,306.0,33,526,layer5_order_arrival_manifest_v1,False,291.75,6,,,,,,,,,,,,,,,,,,,,,,,,,,,,,,,,,,,,,,,,,48.2667,613,0.25,0.044722,physical_only_legacy,6743,21,7,1.7362,1.0,0.0447,202.52,,4.7096
map20_r48_s4,high,912,Hungarian,1500,,,,,,,33.90365050867744,3.0799,48.02872531418313,0.1374,158.0,372,372.0,0.440758,0.483117,1671,0.707224,844,0.979167,0.312125,,,,,,,,,,,,,,,,,,,,,,,,,,,,,0.51711,272.0,0.083333,0.009222,,,,,48,,556.05,154,526,layer5_order_arrival_manifest_v1,True,366.45,118,,,,,,,,,,,,,,,,,,,,,,,,,,,,,,,,,,,,,,,,,56.2667,770,0.208333,0.077486,physical_only_legacy,15440,21,7,2.2317,1.0,0.0775,519.15,,4.8707
map20_r48_s4,high,912,JSQ,1500,,,,,,,33.77975848188614,3.0737,47.4916618746406,0.1343,180.0,390,390.0,0.454545,0.483271,1739,0.741445,858,0.9375,0.286069,,,,,,,,,,,,,,,,,,,,,,,,,,,,,0.448669,236.0,0.104167,0.007778,,,,,48,,576.0,136,526,layer5_order_arrival_manifest_v1,True,384.15,100,,,,,,,,,,,,,,,,,,,,,,,,,,,,,,,,,,,,,,,,,57.2,807,0.25,0.085361,physical_only_legacy,12954,21,7,2.1704,1.0,0.0854,746.22,,4.8418
map20_r48_s4,high,912,PhaseC,1500,canonical_bfs_service_cell_v1,429,7.042,3021,1500,64.5664,31.581375838926174,2.9124,46.16610738255034,0.1408,184.0,261,261.0,0.28308,0.296591,1192,0.496198,922,1.0,0.502264,429,,,,,,,,,,,,,combo,,,,,,,,,,,off,,0,0.0,0.942966,496.0,0.104167,0.003639,long_risk_6d_quantile_combo_v2,1497,3021,24.9138,48,all_idle,857.4,265,526,layer5_order_arrival_manifest_v1,True,638.5,231,,,,,,,,,,,,,,,,,,,,,,,,,,,,,,,0,0,3021,1.053629,0.440696,0.005855,0.46136,0.816943,0.892175,0.970835,61.4667,880,0.1875,0.1025,physical_only_legacy,23644,19,7,2.751,1.0,0.1025,804.05,3,5.075
map20_r48_s4,high,912,ComboS1J1,1500,canonical_bfs_service_cell_v1,615,7.1447,4394,1500,117.463,33.95771428571429,3.0322,47.69885714285714,0.1204,183.6,395,395.0,0.50706,0.557123,1750,0.750951,779,0.958333,0.273167,615,0.0,193,0.3138,615,0.334734,0.0146,9,0.722411,11.199139,50,-1.562692,0.207767,combo,0.0,0,0.0,0,0.0,0.0,0.0,0.0,0,615,conversion,0.0,0,0.0,0.435361,229.0,0.083333,0.006347,long_risk_6d_quantile_combo_v2,1497,4394,24.9499,48,all_idle,544.5,131,526,layer5_order_arrival_manifest_v1,True,319.35,98,0.4601239817955535,False,0.5936563100390512,1682,2960,False,True,787,24.900315362567216,False,True,-0.1346655285060207,j_ascending,False,1497,348,38,40,5.139612558450234,WorldModelTaskAssigner.select_robots_unmodified,s1_within_context,True,phase_c_psi_dispatch_v1,0.5268901459173029,0.513355630989866,1.9772879091516367,0,0,0.27109360383269754,1.434561626429479,0,0,4394,1.047574,0.516358,0.005855,0.559891,0.856382,0.92095,0.98517,51.9333,709,0.1875,0.062764,physical_only_legacy,13868,21,7,2.121,1.0,0.0628,705.06,3,4.7597
map20_r48_s4,high,913,Greedy,1500,,,,,,,35.83455882352941,3.0427,50.412173202614376,0.1297,187.7,554,554.0,2.613208,3.901408,2448,0.940577,212,0.166667,0.027931,,,,,,,,,,,,,,,,,,,,,,,,,,,,,0.06961,41.0,0.083333,0.006083,,,,,48,,153.6,35,589,layer5_order_arrival_manifest_v1,False,128.25,6,,,,,,,,,,,,,,,,,,,,,,,,,,,,,,,,,,,,,,,,,14.1333,142,0.166667,0.020681,physical_only_legacy,2683,17,7,1.2592,1.0,0.0207,136.06,,4.3014
map20_r48_s4,high,913,Hungarian,1500,,,,,,,35.60513447432763,2.9959,49.20130399348003,0.1206,401.8,429,429.0,1.932432,3.225564,2454,0.728353,222,0.166667,0.028208,,,,,,,,,,,,,,,,,,,,,,,,,,,,,0.514431,303.0,0.083333,0.008153,,,,,48,,556.2,160,589,layer5_order_arrival_manifest_v1,True,538.2,143,,,,,,,,,,,,,,,,,,,,,,,,,,,,,,,,,,,,,,,,,14.8,133,0.1875,0.019306,physical_only_legacy,3058,18,7,1.3095,1.0,0.0193,108.12,,4.2925
map20_r48_s4,high,913,JSQ,1500,,,,,,,30.332731648616125,2.8607,44.942839951865224,0.1223,183.4,355,355.0,0.379274,0.403868,1662,0.602716,936,0.958333,0.385722,,,,,,,,,,,,,,,,,,,,,,,,,,,,,0.735144,433.0,0.125,0.006472,,,,,48,,803.35,234,589,layer5_order_arrival_manifest_v1,True,684.6,199,,,,,,,,,,,,,,,,,,,,,,,,,,,,,,,,,,,,,,,,,62.4,879,0.208333,0.087875,physical_only_legacy,17256,19,7,2.2612,1.0,0.0879,675.17,,4.7711
map20_r48_s4,high,913,PhaseC,1500,canonical_bfs_service_cell_v1,819,6.2088,5085,1500,109.3417,34.23857442348008,2.8324,48.37526205450734,0.1299,184.05,560,560.0,2.248996,3.353293,2385,0.950764,249,0.208333,0.031347,819,,,,,,,,,,,,,combo,,,,,,,,,,,off,,0,0.0,0.050934,30.0,0.083333,0.009236,long_risk_6d_quantile_combo_v2,1497,5085,25.0225,48,all_idle,109.8,29,589,layer5_order_arrival_manifest_v1,True,33.0,1,,,,,,,,,,,,,,,,,,,,,,,,,,,,,,,0,0,5085,1.052412,0.478136,0.017735,0.49791,0.772564,0.842893,0.946663,16.6,167,0.1875,0.022042,physical_only_legacy,2943,19,7,1.3052,1.0,0.022,275.1,3,4.2208
map20_r48_s4,high,913,ComboS1J1,1500,canonical_bfs_service_cell_v1,832,5.9471,4948,1500,121.0468,33.56942148760331,2.8449,48.08223140495868,0.1331,191.0,561,561.0,3.242775,5.008929,2420,0.952462,173,0.208333,0.023,832,0.0,189,0.2272,832,0.253072,0.0108,9,0.654494,9.63427,50,-1.462468,0.302528,combo,0.0,0,0.0,0,0.0,0.0,0.0,0.0,0,832,conversion,0.0,0,0.0,0.047538,28.0,0.104167,0.006458,long_risk_6d_quantile_combo_v2,1497,4948,25.0141,48,all_idle,121.8,28,589,layer5_order_arrival_manifest_v1,True,0.0,0,0.06460343831775633,False,0.29911167959672336,160,1103,False,True,680,25.25543263182044,False,True,0.04878256674432515,j_ascending,False,1497,63,20,21,5.088844355377422,WorldModelTaskAssigner.select_robots_unmodified,s1_within_context,True,phase_c_psi_dispatch_v1,0.18185755895723962,0.2470530651624594,0.7368069472277889,0,0,0.2142271862406679,1.1764705882352942,0,0,4948,1.019178,0.478305,0.017735,0.499027,0.785538,0.844313,0.914004,11.5333,112,0.1875,0.019306,physical_only_legacy,2220,17,7,1.2193,1.0,0.0193,281.24,3,4.1846
map20_r48_s4,high,914,Greedy,1500,,,,,,,32.19256505576208,2.9607,46.85353159851301,0.1299,220.55,308,308.0,0.317199,0.335878,1345,0.552962,971,0.979167,0.475486,,,,,,,,,,,,,,,,,,,,,,,,,,,,,0.829443,462.0,0.104167,0.006167,,,,,48,,862.8,249,557,layer5_order_arrival_manifest_v1,False,673.2,213,,,,,,,,,,,,,,,,,,,,,,,,,,,,,,,,,,,,,,,,,64.7333,917,0.3125,0.155722,physical_only_legacy,18457,22,7,2.6572,1.0,0.1557,1138.75,,5.0946
map20_r48_s4,high,914,Hungarian,1500,,,,,,,32.04303278688525,2.97,45.81659836065574,0.1379,236.0,186,186.0,0.147152,0.148919,976,0.333932,1264,1.0,0.637861,,,,,,,,,,,,,,,,,,,,,,,,,,,,,1.283662,715.0,0.083333,0.004556,,,,,48,,1059.0,371,557,layer5_order_arrival_manifest_v1,True,956.55,344,,,,,,,,,,,,,,,,,,,,,,,,,,,,,,,,,,,,,,,,,84.2667,1249,0.229167,0.094556,physical_only_legacy,32681,21,7,3.27,1.0,0.0946,558.12,,5.3524
map20_r48_s4,high,914,JSQ,1500,,,,,,,29.014568158168576,2.7067,43.884495317377734,0.1448,181.0,201,201.0,0.166944,0.17268,961,0.360862,1204,1.0,0.636861,,,,,,,,,,,,,,,,,,,,,,,,,,,,,1.222621,681.0,0.083333,0.002889,,,,,48,,1105.5,356,557,layer5_order_arrival_manifest_v1,True,949.2,325,,,,,,,,,,,,,,,,,,,,,,,,,,,,,,,,,,,,,,,,,80.2667,1164,0.208333,0.141889,physical_only_legacy,28278,18,7,3.1207,1.0,0.1419,1032.02,,5.2004
map20_r48_s4,high,914,PhaseC,1500,canonical_bfs_service_cell_v1,524,5.2099,2730,1500,61.6174,34.66079891672309,3.0391,49.68923493568043,0.1206,254.45,352,352.0,0.328358,0.347826,1477,0.631957,1072,1.0,0.413583,524,,,,,,,,,,,,,combo,,,,,,,,,,,off,,0,0.0,0.664273,370.0,0.083333,0.007472,long_risk_6d_quantile_combo_v2,1497,2730,25.0254,48,all_idle,815.4,205,557,layer5_order_arrival_manifest_v1,True,720.6,165,,,,,,,,,,,,,,,,,,,,,,,,,,,,,,,0,0,2730,1.077614,0.478739,0.068235,0.435932,0.873057,0.944537,1.017934,71.4667,1012,0.291667,0.137236,physical_only_legacy,16987,22,7,2.5593,1.0,0.1372,939.46,3,5.0571
map20_r48_s4,high,914,ComboS1J1,1500,canonical_bfs_service_cell_v1,220,9.0364,1988,1500,114.1316,21.874558303886925,2.0687,35.56713780918728,0.0785,159.0,117,117.0,0.09,0.091121,566,0.210054,1300,1.0,0.784931,220,0.0,123,0.5591,220,0.536094,0.0045,1,0.712449,10.918477,50,-1.290655,0.287639,combo,0.0,0,0.0,0,0.0,0.0,0.0,0.0,0,220,conversion,0.0,0,0.0,1.522442,848.0,0.0625,0.001694,long_risk_6d_quantile_combo_v2,1497,1988,25.2458,48,all_idle,1218.45,440,557,layer5_order_arrival_manifest_v1,True,1121.3,408,0.8469642796862115,False,0.907033494377026,18375,19395,False,True,1322,24.7780291994811,False,True,-0.34721542249330456,j_ascending,False,1497,1179,32,33,1.7588510354041416,WorldModelTaskAssigner.select_robots_unmodified,s1_within_context,True,phase_c_psi_dispatch_v1,0.8769988870316019,0.6767137433932127,12.955911823647295,0,0,0.3828531856833736,3.1293494704992435,0,0,1988,1.095486,0.382372,0.061127,0.269529,0.778002,0.885985,0.995117,86.6667,1284,0.354167,0.264111,physical_only_legacy,20255,21,7,2.8144,1.0,0.2641,2113.43,3,4.7841
map20_r48_s4,high,915,Greedy,1500,,,,,,,33.71052631578947,3.0239,48.2278947368421,0.126,207.1,424,424.0,0.59467,0.689431,1900,0.772313,713,1.0,0.250597,,,,,,,,,,,,,,,,,,,,,,,,,,,,,0.40255,221.0,0.083333,0.005917,,,,,48,,517.8,125,549,layer5_order_arrival_manifest_v1,False,381.75,96,,,,,,,,,,,,,,,,,,,,,,,,,,,,,,,,,,,,,,,,,47.5333,615,0.229167,0.063514,physical_only_legacy,11858,19,7,1.9619,1.0,0.0635,393.63,,4.6824
map20_r48_s4,high,915,Hungarian,1500,,,,,,,30.247224594363793,2.7237,44.044833475661825,0.1272,124.0,527,527.0,8.932203,16.46875,2342,0.959927,59,0.1875,0.012625,,,,,,,,,,,,,,,,,,,,,,,,,,,,,0.040073,22.0,0.0625,0.003875,,,,,48,,71.85,22,549,layer5_order_arrival_manifest_v1,True,0.0,0,,,,,,,,,,,,,,,,,,,,,,,,,,,,,,,,,,,,,,,,,3.9333,32,0.125,0.014556,physical_only_legacy,1222,14,7,1.1092,1.0,0.0146,88.39,,4.0582
map20_r48_s4,high,915,JSQ,1500,,,,,,,30.955230305639258,2.7489,45.12871287128713,0.1268,138.4,524,524.0,9.703704,16.375,2323,0.954463,54,0.125,0.011278,,,,,,,,,,,,,,,,,,,,,,,,,,,,,0.045537,25.0,0.0625,0.003972,,,,,48,,79.2,25,549,layer5_order_arrival_manifest_v1,True,0.0,0,,,,,,,,,,,,,,,,,,,,,,,,,,,,,,,,,,,,,,,,,3.6,32,0.145833,0.011972,physical_only_legacy,1320,15,7,1.1619,1.0,0.012,64.3,,4.0942
map20_r48_s4,high,915,PhaseC,1500,canonical_bfs_service_cell_v1,782,11.1598,8727,1500,176.3952,29.892233856893544,2.5874,43.524869109947645,0.1275,137.75,526,526.0,7.013333,10.115385,2292,0.958106,75,0.1875,0.014125,782,,,,,,,,,,,,,combo,,,,,,,,,,,off,,0,0.0,0.041894,23.0,0.0625,0.004875,long_risk_6d_quantile_combo_v2,1497,8727,24.9334,48,all_idle,71.7,23,549,layer5_order_arrival_manifest_v1,True,0.0,0,,,,,,,,,,,,,,,,,,,,,,,,,,,,,,,0,0,8727,1.041302,0.444483,0.022754,0.432368,0.72607,0.839281,0.931443,5.0,52,0.125,0.013986,physical_only_legacy,1468,17,7,1.1618,1.0,0.014,333.09,3,4.0161
map20_r48_s4,high,915,ComboS1J1,1500,canonical_bfs_service_cell_v1,780,10.5808,8253,1500,176.8018,30.58041958041958,2.6562,44.38199300699301,0.1265,149.1,527,527.0,4.085271,9.245614,2288,0.959927,129,0.166667,0.017111,780,0.0,193,0.2474,780,0.257049,0.0141,11,0.641005,7.741897,50,-2.187759,0.220029,combo,0.0,0,0.0,0,0.0,0.0,0.0,0.0,0,780,conversion,0.0,0,0.0,0.040073,22.0,0.083333,0.005056,long_risk_6d_quantile_combo_v2,1497,8253,24.8241,48,all_idle,71.85,22,549,layer5_order_arrival_manifest_v1,True,0.0,0,0.024542558715436213,False,0.222073412698415,11,784,False,True,541,25.2678659976961,False,True,0.0989866908074363,j_ascending,False,1497,3,1,1,10.169672678690715,WorldModelTaskAssigner.select_robots_unmodified,s1_within_context,True,phase_c_psi_dispatch_v1,0.12330798570692589,0.2267809757506665,0.5237140948563794,0,0,0.21780837727805638,1.0203327171903882,0,0,8253,0.984564,0.42307,0.025128,0.410356,0.704967,0.801167,0.896482,8.6,57,0.166667,0.015264,physical_only_legacy,1803,16,7,1.178,1.0,0.0153,335.17,3,4.0589
map20_r48_s4,high,916,Greedy,1500,,,,,,,25.355527638190956,2.5368,39.914572864321606,0.128,289.0,161,161.0,0.125683,0.127474,796,0.298148,1281,1.0,0.736153,,,,,,,,,,,,,,,,,,,,,,,,,,,,,1.351852,730.0,0.083333,0.001083,,,,,48,,1230.3,379,540,layer5_order_arrival_manifest_v1,False,1045.5,351,,,,,,,,,,,,,,,,,,,,,,,,,,,,,,,,,,,,,,,,,85.4,1263,0.166667,0.109069,physical_only_legacy,35783,16,7,3.3595,1.0,0.1091,1000.43,,5.1852
map20_r48_s4,high,916,Hungarian,1500,,,,,,,22.44264507422402,2.3072,35.37516869095816,0.1086,166.35,120,120.0,0.089552,0.090293,741,0.222222,1340,0.979167,0.773569,,,,,,,,,,,,,,,,,,,,,,,,,,,,,1.509259,815.0,0.0625,0.002097,,,,,48,,1245.15,420,540,layer5_order_arrival_manifest_v1,True,1134.9,395,,,,,,,,,,,,,,,,,,,,,,,,,,,,,,,,,,,,,,,,,89.3333,1329,0.145833,0.077167,physical_only_legacy,40169,14,7,3.56,1.0,0.0772,861.04,,5.1193
map20_r48_s4,high,916,JSQ,1500,,,,,,,28.166963490650044,2.8458,41.66785396260018,0.1304,142.5,511,511.0,4.120968,5.378947,2246,0.946296,124,0.1875,0.015514,,,,,,,,,,,,,,,,,,,,,,,,,,,,,0.053704,29.0,0.083333,0.003778,,,,,48,,121.8,29,540,layer5_order_arrival_manifest_v1,True,0.0,0,,,,,,,,,,,,,,,,,,,,,,,,,,,,,,,,,,,,,,,,,8.2667,95,0.104167,0.012806,physical_only_legacy,1511,18,7,1.1287,1.0,0.0128,73.65,,4.1305
map20_r48_s4,high,916,PhaseC,1500,canonical_bfs_service_cell_v1,761,12.2484,9321,1500,186.7473,30.140794223826713,2.9025,43.94449458483754,0.1439,167.2,509,509.0,2.458937,4.627273,2216,0.942593,207,0.229167,0.029042,761,,,,,,,,,,,,,combo,,,,,,,,,,,off,,0,0.0,0.057407,31.0,0.083333,0.005444,long_risk_6d_quantile_combo_v2,1497,9321,24.8869,48,all_idle,115.5,31,540,layer5_order_arrival_manifest_v1,True,0.0,0,,,,,,,,,,,,,,,,,,,,,,,,,,,,,,,0,0,9321,1.055232,0.501521,0.038593,0.491641,0.797811,0.849604,0.94739,13.8,110,0.1875,0.024653,physical_only_legacy,1890,18,7,1.1927,1.0,0.0247,475.34,3,4.2161
map20_r48_s4,high,916,ComboS1J1,1500,canonical_bfs_service_cell_v1,771,12.1258,9349,1500,198.8672,29.07050997782705,2.8398,42.91796008869179,0.1378,177.35,512,512.0,3.011765,4.031496,2255,0.948148,170,0.1875,0.020792,771,0.0,209,0.2711,771,0.279338,0.0078,6,0.646092,8.096723,50,-2.300722,0.151101,combo,0.0,0,0.0,0,0.0,0.0,0.0,0.0,0,771,conversion,0.0,0,0.0,0.053704,29.0,0.083333,0.004722,long_risk_6d_quantile_combo_v2,1497,9349,24.9329,48,all_idle,116.85,28,540,layer5_order_arrival_manifest_v1,True,9.0,1,0.05038226259068418,False,0.2762179401982062,88,912,False,True,577,25.161019955766573,False,True,0.050727322341901374,j_ascending,False,1497,31,10,10,11.255177020708082,WorldModelTaskAssigner.select_robots_unmodified,s1_within_context,True,phase_c_psi_dispatch_v1,0.16330010139444512,0.2211524852788435,0.6092184368737475,0,0,0.20690236219384692,1.097053726169844,0,0,9349,1.007197,0.447177,0.038593,0.416467,0.743401,0.815122,0.914814,11.3333,127,0.166667,0.014556,physical_only_legacy,1888,19,7,1.1956,1.0,0.0146,369.03,3,4.17
map20_r48_s4,high,917,Greedy,1500,,,,,,,38.1509754028838,3.2149,52.62468193384224,0.1281,220.7,547,547.0,1.215556,1.424479,2358,0.93825,450,0.354167,0.057847,,,,,,,,,,,,,,,,,,,,,,,,,,,,,0.073756,43.0,0.145833,0.011542,,,,,48,,128.25,36,583,layer5_order_arrival_manifest_v1,False,86.1,7,,,,,,,,,,,,,,,,,,,,,,,,,,,,,,,,,,,,,,,,,30.0,384,0.229167,0.032236,physical_only_legacy,4403,21,7,1.5056,1.0,0.0322,163.34,,4.5206
map20_r48_s4,high,917,Hungarian,1500,,,,,,,29.300513698630137,2.8701,42.64554794520548,0.118,195.8,185,185.0,0.16059,0.168642,1168,0.317324,1152,1.0,0.591833,,,,,,,,,,,,,,,,,,,,,,,,,,,,,1.348199,786.0,0.083333,0.00375,,,,,48,,1020.45,398,583,layer5_order_arrival_manifest_v1,True,976.95,388,,,,,,,,,,,,,,,,,,,,,,,,,,,,,,,,,,,,,,,,,76.8,1097,0.25,0.137903,physical_only_legacy,26012,18,7,2.9839,1.0,0.1379,722.04,,5.1829
map20_r48_s4,high,917,JSQ,1500,,,,,,,29.619949494949495,2.8479,43.77588383838384,0.1248,179.2,360,360.0,0.399556,0.425532,1584,0.617496,901,0.958333,0.415069,,,,,,,,,,,,,,,,,,,,,,,,,,,,,0.708405,413.0,0.083333,0.003611,,,,,48,,793.9,223,583,layer5_order_arrival_manifest_v1,True,658.65,190,,,,,,,,,,,,,,,,,,,,,,,,,,,,,,,,,,,,,,,,,60.0667,846,0.1875,0.075986,physical_only_legacy,19368,16,7,2.3353,1.0,0.076,722.34,,4.7924
map20_r48_s4,high,917,PhaseC,1500,canonical_bfs_service_cell_v1,615,5.7106,3512,1500,76.9692,31.731428571428573,2.9616,45.87771428571428,0.1217,166.9,403,403.0,0.537333,0.603293,1750,0.691252,750,0.958333,0.324236,615,,,,,,,,,,,,,combo,,,,,,,,,,,off,,0,0.0,0.554031,323.0,0.104167,0.004986,long_risk_6d_quantile_combo_v2,1497,3512,25.0377,48,all_idle,636.15,180,583,layer5_order_arrival_manifest_v1,True,455.4,143,,,,,,,,,,,,,,,,,,,,,,,,,,,,,,,0,0,3512,1.079146,0.464742,0.083253,0.447185,0.825144,0.89467,0.975988,50.0,668,0.25,0.093083,physical_only_legacy,14124,20,7,2.1905,1.0,0.0931,969.51,3,4.7908
map20_r48_s4,high,917,ComboS1J1,1500,canonical_bfs_service_cell_v1,563,6.6217,3728,1500,124.0954,29.367794486215537,2.8278,43.89912280701754,0.1272,157.0,381,381.0,0.442509,0.476846,1596,0.653516,861,0.9375,0.389611,563,0.0,175,0.3108,563,0.336643,0.0089,5,0.695149,10.653473,50,-1.350139,0.250143,combo,0.0,0,0.0,0,0.0,0.0,0.0,0.0,0,563,conversion,0.0,0,0.0,0.634648,370.0,0.104167,0.005667,long_risk_6d_quantile_combo_v2,1497,3728,25.2872,48,all_idle,792.9,202,583,layer5_order_arrival_manifest_v1,True,670.45,168,0.5253320060298677,False,0.7208813853607173,4298,5559,False,True,1035,25.037531681574773,False,True,-0.14215779125252131,j_ascending,False,1497,641,84,86,3.6132264529058116,WorldModelTaskAssigner.select_robots_unmodified,s1_within_context,True,phase_c_psi_dispatch_v1,0.6231066956952876,0.5887339689510346,3.7134268537074147,0,0,0.373163839934498,1.922705314009662,0,0,3728,1.064552,0.434186,0.083253,0.414297,0.740001,0.848215,0.98417,57.4,799,0.208333,0.075236,physical_only_legacy,17815,17,7,2.2455,1.0,0.0752,969.81,3,4.7391
map20_r48_s4,high,918,Greedy,1500,,,,,,,26.406474820143885,2.5415,41.28776978417266,0.1263,227.8,119,119.0,0.087888,0.088674,556,0.224105,1354,1.0,0.802792,,,,,,,,,,,,,,,,,,,,,,,,,,,,,1.485876,789.0,0.0625,0.002,,,,,48,,1273.8,412,531,layer5_order_arrival_manifest_v1,False,1078.2,377,,,,,,,,,,,,,,,,,,,,,,,,,,,,,,,,,,,,,,,,,90.2667,1342,0.291667,0.224319,physical_only_legacy,32036,19,7,3.6786,1.0,0.2243,1197.67,,5.4606
map20_r48_s4,high,918,Hungarian,1500,,,,,,,30.57547169811321,2.9591,44.258254716981135,0.1055,164.0,196,196.0,0.166384,0.174067,848,0.369115,1178,1.0,0.673861,,,,,,,,,,,,,,,,,,,,,,,,,,,,,1.199623,637.0,0.0625,0.003889,,,,,48,,1050.9,335,531,layer5_order_arrival_manifest_v1,True,893.85,302,,,,,,,,,,,,,,,,,,,,,,,,,,,,,,,,,,,,,,,,,78.5333,1126,0.270833,0.186542,physical_only_legacy,27965,22,7,3.2826,1.0,0.1865,1169.11,,5.4129
map20_r48_s4,high,918,JSQ,1500,,,,,,,29.89803012746234,2.9242,44.11819235225956,0.0918,254.95,188,188.0,0.153846,0.158382,863,0.354049,1222,0.979167,0.668139,,,,,,,,,,,,,,,,,,,,,,,,,,,,,1.237288,657.0,0.083333,0.004042,,,,,48,,1049.1,343,531,layer5_order_arrival_manifest_v1,True,916.05,314,,,,,,,,,,,,,,,,,,,,,,,,,,,,,,,,,,,,,,,,,81.4667,1187,0.229167,0.157139,physical_only_legacy,29498,20,7,3.3136,1.0,0.1571,862.72,,5.3678
map20_r48_s4,high,918,PhaseC,1500,canonical_bfs_service_cell_v1,397,7.8665,3123,1500,66.2034,31.453053783044666,2.9646,45.435733819507746,0.1276,180.6,255,255.0,0.218884,0.233303,1097,0.480226,1165,1.0,0.557639,397,,,,,,,,,,,,,combo,,,,,,,,,,,off,,0,0.0,0.960452,510.0,0.083333,0.003611,long_risk_6d_quantile_combo_v2,1497,3123,24.8209,48,all_idle,944.25,276,531,layer5_order_arrival_manifest_v1,True,667.05,234,,,,,,,,,,,,,,,,,,,,,,,,,,,,,,,0,0,3123,1.07816,0.474592,0.057654,0.488071,0.82117,0.878832,0.980957,77.6667,1093,0.270833,0.158375,physical_only_legacy,23492,22,7,3.0051,1.0,0.1584,1100.6,3,5.2709
map20_r48_s4,high,918,ComboS1J1,1500,canonical_bfs_service_cell_v1,190,7.1368,1356,1500,100.7461,20.614736842105263,1.991,35.13473684210526,0.1689,157.0,93,93.0,0.064718,0.064718,475,0.175141,1437,1.0,0.851653,190,0.0,63,0.3316,190,0.327721,0.0,0,0.760483,11.864265,50,-0.664876,0.219209,combo,0.0,0,0.0,0,0.0,0.0,0.0,0.0,0,190,conversion,0.0,0,0.0,1.595104,847.0,0.083333,0.001722,long_risk_6d_quantile_combo_v2,1497,1356,24.7221,48,all_idle,1371.9,438,531,layer5_order_arrival_manifest_v1,True,1252.8,409,0.8051068720688943,False,0.918693054485092,17961,19701,False,True,1434,24.427243166783697,False,True,-0.327747040099274,j_ascending,False,1497,1338,72,74,0.4081496325985304,WorldModelTaskAssigner.select_robots_unmodified,s1_within_context,True,phase_c_psi_dispatch_v1,0.8618999632770314,0.705799103490027,13.160320641282565,0,0,0.36250674286548557,2.489539748953975,0,0,1356,1.005197,0.276349,0.059222,0.184166,0.775884,0.873416,0.948752,95.8,1437,0.270833,0.144097,physical_only_legacy,40043,16,7,3.7438,1.0,0.1441,1472.8,3,5.1804
map20_r48_s4,high,919,Greedy,1500,,,,,,,31.565585331452752,2.9766,45.89280677009873,0.1381,219.4,313,313.0,0.313942,0.323681,1418,0.568058,997,0.979167,0.464083,,,,,,,,,,,,,,,,,,,,,,,,,,,,,0.800363,441.0,0.125,0.006042,,,,,48,,851.3,238,551,layer5_order_arrival_manifest_v1,False,614.1,203,,,,,,,,,,,,,,,,,,,,,,,,,,,,,,,,,,,,,,,,,66.4667,967,0.333333,0.126792,physical_only_legacy,19219,18,7,2.5732,1.0,0.1268,957.06,,5.0398
map20_r48_s4,high,919,Hungarian,1500,,,,,,,17.530927835051546,1.7745,30.522336769759452,0.0858,603.05,144,144.0,0.103448,0.103672,582,0.261343,1392,0.979167,0.822625,,,,,,,,,,,,,,,,,,,,,,,,,,,,,1.415608,780.0,0.0625,0.001,,,,,48,,1279.2,407,551,layer5_order_arrival_manifest_v1,True,1151.2,373,,,,,,,,,,,,,,,,,,,,,,,,,,,,,,,,,,,,,,,,,92.8,1389,0.1875,0.118056,physical_only_legacy,40117,16,7,3.7245,1.0,0.1181,1122.69,,4.9533
map20_r48_s4,high,919,JSQ,1500,,,,,,,33.40780809031044,3.0675,47.35653809971778,0.1216,163.7,483,483.0,1.139151,1.330579,2126,0.876588,424,0.833333,0.139569,,,,,,,,,,,,,,,,,,,,,,,,,,,,,0.186933,103.0,0.083333,0.007431,,,,,48,,310.95,68,551,layer5_order_arrival_manifest_v1,True,144.9,35,,,,,,,,,,,,,,,,,,,,,,,,,,,,,,,,,,,,,,,,,28.2667,363,0.3125,0.062014,physical_only_legacy,5870,21,7,1.622,1.0,0.062,376.42,,4.5283
map20_r48_s4,high,919,PhaseC,1500,canonical_bfs_service_cell_v1,776,8.1598,6332,1500,133.1689,32.14374445430346,2.8644,46.27018633540373,0.1283,151.85,522,522.0,1.395722,2.015444,2254,0.947368,374,0.229167,0.057861,776,,,,,,,,,,,,,combo,,,,,,,,,,,off,,0,0.0,0.056261,31.0,0.083333,0.006319,long_risk_6d_quantile_combo_v2,1497,6332,25.2231,48,all_idle,706.2,29,551,layer5_order_arrival_manifest_v1,True,77.1,2,,,,,,,,,,,,,,,,,,,,,,,,,,,,,,,0,0,6332,1.095311,0.653037,0.056676,0.711339,0.911629,0.954692,1.038144,24.9333,259,0.166667,0.051347,physical_only_legacy,2439,19,7,1.3144,1.0,0.0513,749.04,3,4.269
map20_r48_s4,high,919,ComboS1J1,1500,canonical_bfs_service_cell_v1,782,8.665,6776,1500,151.419,30.29964539007092,2.7895,44.302304964539005,0.1344,152.8,505,505.0,1.583072,2.028112,2256,0.916515,319,0.666667,0.067139,782,0.0,232,0.2967,782,0.299939,0.0128,10,0.665868,9.515308,50,-1.968155,0.263757,combo,0.0,0,0.0,0,0.0,0.0,0.0,0.0,0,782,conversion,0.0,0,0.0,0.098004,54.0,0.083333,0.006667,long_risk_6d_quantile_combo_v2,1497,6776,25.0542,48,all_idle,259.5,46,551,layer5_order_arrival_manifest_v1,True,168.75,8,0.038163351106339886,False,0.22639679748966604,77,883,False,True,563,25.58169894079226,False,True,0.09405289839623247,j_ascending,False,1497,26,3,3,7.857047428189713,WorldModelTaskAssigner.select_robots_unmodified,s1_within_context,True,phase_c_psi_dispatch_v1,0.13228007429800276,0.2312128832278982,0.5898463593854375,0,0,0.22145306216057134,1.0976909413854352,0,0,6776,1.060896,0.501167,0.041226,0.45612,0.838835,0.902726,0.988925,21.2667,249,0.208333,0.035444,physical_only_legacy,3384,20,7,1.3449,1.0,0.0354,454.04,3,4.2371
map20_r48_s4,high,920,Greedy,1500,,,,,,,21.740641711229948,2.0327,35.24866310160428,0.0918,142.6,75,75.0,0.053996,0.054905,374,0.142857,1389,1.0,0.844389,,,,,,,,,,,,,,,,,,,,,,,,,,,,,1.645714,864.0,0.0625,0.001736,,,,,48,,1326.3,450,525,layer5_order_arrival_manifest_v1,False,1180.05,414,,,,,,,,,,,,,,,,,,,,,,,,,,,,,,,,,,,,,,,,,92.6,1366,0.270833,0.218722,physical_only_legacy,25317,19,7,2.6441,1.0,0.2187,2054.93,,4.6489
map20_r48_s4,high,920,Hungarian,1500,,,,,,,30.999551368326603,3.0856,44.82907133243607,0.1296,160.9,503,503.0,1.764912,2.361502,2229,0.958095,285,0.270833,0.035347,,,,,,,,,,,,,,,,,,,,,,,,,,,,,0.041905,22.0,0.104167,0.006042,,,,,48,,83.25,22,525,layer5_order_arrival_manifest_v1,True,0.0,0,,,,,,,,,,,,,,,,,,,,,,,,,,,,,,,,,,,,,,,,,19.0,213,0.25,0.025403,physical_only_legacy,2387,20,7,1.2691,1.0,0.0254,147.83,,4.3323
map20_r48_s4,high,920,JSQ,1500,,,,,,,29.071392146863843,2.8378,43.15043345232024,0.1272,175.35,454,454.0,0.634965,0.713836,1961,0.864762,715,0.895833,0.190667,,,,,,,,,,,,,,,,,,,,,,,,,,,,,0.194286,102.0,0.083333,0.004514,,,,,48,,492.0,71,525,layer5_order_arrival_manifest_v1,True,184.5,31,,,,,,,,,,,,,,,,,,,,,,,,,,,,,,,,,,,,,,,,,47.6667,636,0.25,0.039306,physical_only_legacy,8893,21,7,1.6662,1.0,0.0393,350.92,,4.4185
map20_r48_s4,high,920,PhaseC,1500,canonical_bfs_service_cell_v1,768,11.401,8756,1500,178.6471,30.445632798573975,2.8169,44.23663101604278,0.1271,147.0,501,501.0,3.07362,6.109756,2244,0.954286,163,0.1875,0.022931,768,,,,,,,,,,,,,combo,,,,,,,,,,,off,,0,0.0,0.047619,25.0,0.0625,0.005083,long_risk_6d_quantile_combo_v2,1497,8756,25.1826,48,all_idle,92.55,24,525,layer5_order_arrival_manifest_v1,True,12.0,1,,,,,,,,,,,,,,,,,,,,,,,,,,,,,,,0,0,8756,1.059083,0.464032,0.030074,0.449273,0.748459,0.841386,0.962983,10.8667,82,0.145833,0.018542,physical_only_legacy,1980,21,7,1.2361,1.0,0.0185,385.44,3,4.1721
map20_r48_s4,high,920,ComboS1J1,1500,canonical_bfs_service_cell_v1,247,9.17,2265,1500,114.5562,26.93663060278207,2.464,41.5548686244204,0.0995,163.5,136,136.0,0.10854,0.11039,647,0.259048,1253,1.0,0.730028,247,0.0,102,0.413,247,0.420814,0.0202,5,0.704521,10.362409,50,-1.468057,0.317796,combo,0.0,0,0.0,0,0.0,0.0,0.0,0.0,0,247,conversion,0.0,0,0.0,1.422857,747.0,0.0625,0.001847,long_risk_6d_quantile_combo_v2,1497,2265,25.1744,48,all_idle,1221.6,389,525,layer5_order_arrival_manifest_v1,True,1053.45,358,0.8036227686500774,False,0.8571779569937932,12710,14937,False,True,1287,24.720065356481882,False,True,-0.39627853736065205,j_ascending,False,1497,1139,49,54,2.2818971275885103,WorldModelTaskAssigner.select_robots_unmodified,s1_within_context,True,phase_c_psi_dispatch_v1,0.8304003628219692,0.6067007211007489,9.977955911823647,0,0,0.2615429298218861,2.95959595959596,0,0,2265,0.99316,0.391787,0.027173,0.249636,0.852843,0.897844,0.946806,83.5333,1232,0.25,0.141014,physical_only_legacy,25481,17,7,2.4703,1.0,0.141,1388.91,3,4.7077
map20_r48_s4,high,921,Greedy,1500,,,,,,,26.34685165421558,2.5366,41.18783351120597,0.1121,328.6,192,192.0,0.154465,0.156225,937,0.357542,1243,0.979167,0.669694,,,,,,,,,,,,,,,,,,,,,,,,,,,,,1.221601,656.0,0.083333,0.001847,,,,,48,,1163.4,345,537,layer5_order_arrival_manifest_v1,False,927.0,311,,,,,,,,,,,,,,,,,,,,,,,,,,,,,,,,,,,,,,,,,82.8667,1229,0.1875,0.055653,physical_only_legacy,35154,16,7,3.1705,1.0,0.0557,606.97,,5.0213
map20_r48_s4,high,921,Hungarian,1500,,,,,,,27.780621572212066,2.75,41.053930530164536,0.0911,264.5,191,191.0,0.159566,0.164513,1094,0.35568,1197,1.0,0.63575,,,,,,,,,,,,,,,,,,,,,,,,,,,,,1.243948,668.0,0.083333,0.003722,,,,,48,,1120.5,346,537,layer5_order_arrival_manifest_v1,True,944.85,322,,,,,,,,,,,,,,,,,,,,,,,,,,,,,,,,,,,,,,,,,79.8,1161,0.270833,0.171611,physical_only_legacy,26137,20,7,3.0722,1.0,0.1716,877.65,,5.1738
map20_r48_s4,high,921,JSQ,1500,,,,,,,29.26265060240964,2.6866,42.67518072289157,0.1293,156.0,469,469.0,1.119332,1.391691,2075,0.873371,419,0.895833,0.116792,,,,,,,,,,,,,,,,,,,,,,,,,,,,,0.191806,103.0,0.083333,0.006458,,,,,48,,311.4,68,537,layer5_order_arrival_manifest_v1,True,149.7,35,,,,,,,,,,,,,,,,,,,,,,,,,,,,,,,,,,,,,,,,,27.9333,337,0.291667,0.054278,physical_only_legacy,3906,21,7,1.4262,1.0,0.0543,374.47,,4.24
map20_r48_s4,high,921,PhaseC,1500,canonical_bfs_service_cell_v1,411,8.4307,3465,1500,72.9097,27.210202286719436,2.6367,41.0976253298153,0.1318,221.75,276,276.0,0.253676,0.256983,1137,0.513966,1088,1.0,0.563569,411,,,,,,,,,,,,,combo,,,,,,,,,,,off,,0,0.0,0.901304,484.0,0.0625,0.002708,long_risk_6d_quantile_combo_v2,1497,3465,24.8192,48,all_idle,930.0,261,537,layer5_order_arrival_manifest_v1,True,644.1,223,,,,,,,,,,,,,,,,,,,,,,,,,,,,,,,0,0,3465,1.094942,0.483563,-0.019893,0.511493,0.882786,0.925655,0.982747,72.5333,1074,0.125,0.034319,physical_only_legacy,31231,18,7,2.909,1.0,0.0343,451.11,3,4.939
map20_r48_s4,high,921,ComboS1J1,1500,canonical_bfs_service_cell_v1,756,10.295,7783,1500,168.938,33.5919384057971,2.8635,47.360054347826086,0.1272,184.0,505,505.0,0.980583,1.147727,2208,0.94041,515,0.208333,0.050653,756,0.0,208,0.2751,756,0.280206,0.0159,12,0.692733,10.192698,50,-2.041341,0.249515,combo,0.0,0,0.0,0,0.0,0.0,0.0,0.0,0,756,conversion,0.0,0,0.0,0.065177,35.0,0.083333,0.007139,long_risk_6d_quantile_combo_v2,1497,7783,24.8753,48,all_idle,129.9,32,537,layer5_order_arrival_manifest_v1,True,82.8,3,0.03934356229630698,False,0.2595262640207731,55,862,False,True,577,24.97067905161885,False,True,0.07807062952184846,j_ascending,False,1497,20,5,5,9.647962591850368,WorldModelTaskAssigner.select_robots_unmodified,s1_within_context,True,phase_c_psi_dispatch_v1,0.14943491315854016,0.2291399191377853,0.575818303273213,0,0,0.22587116622299025,1.0693240901213172,0,0,7783,1.05712,0.574095,-0.019893,0.608705,0.87427,0.919264,0.975505,34.3333,440,0.229167,0.046222,physical_only_legacy,2205,19,7,1.2703,1.0,0.0462,748.6,3,4.2403
map20_r48_s4,high,922,Greedy,1500,,,,,,,20.84992570579495,2.0316,35.161961367013376,0.1015,309.0,145,145.0,0.109848,0.111111,673,0.274102,1320,1.0,0.768,,,,,,,,,,,,,,,,,,,,,,,,,,,,,1.395085,738.0,0.0625,0.001,,,,,48,,1281.6,384,529,layer5_order_arrival_manifest_v1,False,1073.1,354,,,,,,,,,,,,,,,,,,,,,,,,,,,,,,,,,,,,,,,,,88.0,1305,0.208333,0.129681,physical_only_legacy,36166,17,7,3.4686,1.0,0.1297,1022.8,,4.9814
map20_r48_s4,high,922,Hungarian,1500,,,,,,,28.83375796178344,2.8185,42.629936305732485,0.1415,141.45,372,372.0,0.455324,0.484375,1570,0.703214,817,1.0,0.362792,,,,,,,,,,,,,,,,,,,,,,,,,,,,,0.519849,275.0,0.104167,0.004472,,,,,48,,696.0,157,529,layer5_order_arrival_manifest_v1,True,363.9,118,,,,,,,,,,,,,,,,,,,,,,,,,,,,,,,,,,,,,,,,,54.4667,768,0.229167,0.058847,physical_only_legacy,18646,20,7,2.309,1.0,0.0588,475.85,,4.7641
map20_r48_s4,high,922,JSQ,1500,,,,,,,28.835217132659132,2.8202,42.42117787031529,0.1139,193.4,397,397.0,0.505089,0.533602,1681,0.750473,786,0.979167,0.309611,,,,,,,,,,,,,,,,,,,,,,,,,,,,,0.42155,223.0,0.083333,0.006167,,,,,48,,628.35,132,529,layer5_order_arrival_manifest_v1,True,381.0,91,,,,,,,,,,,,,,,,,,,,,,,,,,,,,,,,,,,,,,,,,52.4,744,0.166667,0.062778,physical_only_legacy,14581,18,7,2.1023,1.0,0.0628,509.33,,4.6379
map20_r48_s4,high,922,PhaseC,1500,canonical_bfs_service_cell_v1,755,14.3642,10845,1500,217.8817,26.92562358276644,2.5858,40.424943310657596,0.1361,139.0,501,501.0,3.34,5.329787,2205,0.94707,150,0.3125,0.017056,755,,,,,,,,,,,,,combo,,,,,,,,,,,off,,0,0.0,0.058601,31.0,0.083333,0.004778,long_risk_6d_quantile_combo_v2,1497,10845,25.1695,48,all_idle,142.95,28,529,layer5_order_arrival_manifest_v1,True,82.8,3,,,,,,,,,,,,,,,,,,,,,,,,,,,,,,,0,0,10845,1.055903,0.414408,0.008146,0.404676,0.63224,0.732327,0.899696,10.0,94,0.145833,0.013528,physical_only_legacy,1457,16,7,1.1335,1.0,0.0135,395.84,3,4.0093
map20_r48_s4,high,922,ComboS1J1,1500,canonical_bfs_service_cell_v1,768,13.7214,10538,1500,222.4573,27.041351711871943,2.5814,40.61360604713206,0.1325,139.85,504,504.0,3.733333,12.292683,2249,0.952741,135,0.145833,0.014778,768,0.0,179,0.2331,768,0.238713,0.0117,9,0.635878,6.868722,50,-2.67698,0.145194,combo,0.0,0,0.0,0,0.0,0.0,0.0,0.0,0,768,conversion,0.0,0,0.0,0.049149,26.0,0.083333,0.004347,long_risk_6d_quantile_combo_v2,1497,10538,25.2098,48,all_idle,85.2,25,529,layer5_order_arrival_manifest_v1,True,3.0,1,0.027126165216463084,False,0.22575372598041277,10,772,False,True,523,25.62681565962262,False,True,0.09431359757335292,j_ascending,False,1497,2,0,0,13.294589178356713,WorldModelTaskAssigner.select_robots_unmodified,s1_within_context,True,phase_c_psi_dispatch_v1,0.12643994559843805,0.22041925197525114,0.5156980627922512,0,0,0.2210878343683296,1.0191204588910134,0,0,10538,1.051824,0.407153,0.008277,0.402555,0.606961,0.721819,0.866343,9.0,41,0.145833,0.012556,physical_only_legacy,1451,17,7,1.0978,1.0,0.0126,402.49,3,3.9847
map20_r48_s4,high,923,Greedy,1500,,,,,,,35.870774497218655,3.2482,50.596063329054346,0.1252,206.5,526,526.0,1.102725,1.308458,2337,0.911612,477,0.6875,0.089403,,,,,,,,,,,,,,,,,,,,,,,,,,,,,0.114385,66.0,0.083333,0.011042,,,,,48,,309.0,51,577,layer5_order_arrival_manifest_v1,False,262.5,15,,,,,,,,,,,,,,,,,,,,,,,,,,,,,,,,,,,,,,,,,31.8,402,0.291667,0.046111,physical_only_legacy,4474,19,7,1.5255,1.0,0.0461,220.48,,4.5582
map20_r48_s4,high,923,Hungarian,1500,,,,,,,33.741366642174874,3.1057,47.525349008082294,0.1162,169.2,293,293.0,0.336009,0.34881,1361,0.507799,872,1.0,0.467556,,,,,,,,,,,,,,,,,,,,,,,,,,,,,0.925477,534.0,0.083333,0.005875,,,,,48,,749.55,284,577,layer5_order_arrival_manifest_v1,True,642.3,250,,,,,,,,,,,,,,,,,,,,,,,,,,,,,,,,,,,,,,,,,58.1333,840,0.270833,0.126528,physical_only_legacy,15143,20,7,2.0711,1.0,0.1265,1211.14,,4.8311
map20_r48_s4,high,923,JSQ,1500,,,,,,,24.29806451612903,2.4398,39.318709677419356,0.1363,190.2,133,133.0,0.101064,0.101218,775,0.230503,1316,0.958333,0.740694,,,,,,,,,,,,,,,,,,,,,,,,,,,,,1.488735,859.0,0.083333,0.000778,,,,,48,,1238.55,444,577,layer5_order_arrival_manifest_v1,True,1099.5,415,,,,,,,,,,,,,,,,,,,,,,,,,,,,,,,,,,,,,,,,,87.7333,1314,0.229167,0.1485,physical_only_legacy,32925,17,7,3.3564,1.0,0.1485,1233.72,,5.1829
map20_r48_s4,high,923,PhaseC,1500,canonical_bfs_service_cell_v1,284,6.8204,1937,1500,42.4988,26.038309114927344,2.5351,40.863936591809775,0.0903,266.0,166,166.0,0.1328,0.133871,757,0.287695,1250,1.0,0.727514,284,,,,,,,,,,,,,combo,,,,,,,,,,,off,,0,0.0,1.367418,789.0,0.104167,0.002958,long_risk_6d_quantile_combo_v2,1497,1937,24.7798,48,all_idle,1165.5,411,577,layer5_order_arrival_manifest_v1,True,963.15,378,,,,,,,,,,,,,,,,,,,,,,,,,,,,,,,0,0,1937,1.065467,0.357812,0.044663,0.21961,0.816365,0.873477,0.957385,83.3333,1240,0.1875,0.121403,physical_only_legacy,34944,19,7,3.3956,1.0,0.1214,971.79,3,5.177
map20_r48_s4,high,923,ComboS1J1,1500,canonical_bfs_service_cell_v1,170,8.8294,1501,1500,102.9173,26.572115384615383,2.5402,40.88221153846154,0.1216,150.6,85,85.0,0.064006,0.064345,416,0.147314,1328,1.0,0.841833,170,0.0,67,0.3941,170,0.410354,0.0059,1,0.676849,9.329184,50,-1.036606,0.313317,combo,0.0,0,0.0,0,0.0,0.0,0.0,0.0,0,170,conversion,0.0,0,0.0,1.655113,955.0,0.0625,0.000542,long_risk_6d_quantile_combo_v2,1497,1501,24.822,48,all_idle,1304.7,492,577,layer5_order_arrival_manifest_v1,True,1205.4,463,0.8517257123930011,False,0.8774110683923909,19537,21201,False,True,1407,24.339783861279997,False,True,-0.45185303265703286,j_ascending,False,1497,1286,35,36,0.7154308617234469,WorldModelTaskAssigner.select_robots_unmodified,s1_within_context,True,phase_c_psi_dispatch_v1,0.8645683903927135,0.5480363341973049,14.162324649298597,0,0,0.2773943812740599,3.1435678749111586,0,0,1501,0.993925,0.284103,0.044663,0.191775,0.7448,0.842533,0.919543,88.5333,1321,0.25,0.204097,physical_only_legacy,25637,17,7,2.5518,1.0,0.2041,2233.92,3,4.8717
map20_r48_s4,high,924,Greedy,1500,,,,,,,23.677811550151976,2.3265,38.01215805471124,0.1317,370.45,124,124.0,0.09444,0.095532,658,0.236641,1313,1.0,0.763736,,,,,,,,,,,,,,,,,,,,,,,,,,,,,1.473282,772.0,0.041667,0.001361,,,,,48,,1296.6,400,524,layer5_order_arrival_manifest_v1,False,1087.35,372,,,,,,,,,,,,,,,,,,,,,,,,,,,,,,,,,,,,,,,,,87.5333,1298,0.270833,0.164792,physical_only_legacy,33603,19,7,3.4693,1.0,0.1648,1489.5,,5.1944
map20_r48_s4,high,924,Hungarian,1500,,,,,,,34.53906866614049,3.2079,48.33780584056827,0.1173,341.85,184,184.0,0.176077,0.183633,1267,0.351145,1045,1.0,0.526986,,,,,,,,,,,,,,,,,,,,,,,,,,,,,1.270992,666.0,0.083333,0.005028,,,,,48,,1032.15,340,524,layer5_order_arrival_manifest_v1,True,983.25,326,,,,,,,,,,,,,,,,,,,,,,,,,,,,,,,,,,,,,,,,,69.6667,1002,0.270833,0.138514,physical_only_legacy,23248,20,7,2.8906,1.0,0.1385,974.47,,5.305
map20_r48_s4,high,924,JSQ,1500,,,,,,,28.092887029288704,2.7914,42.94811715481172,0.1102,225.15,234,234.0,0.190709,0.19291,1195,0.446565,1227,0.9375,0.565889,,,,,,,,,,,,,,,,,,,,,,,,,,,,,1.051527,551.0,0.083333,0.003208,,,,,48,,1040.1,290,524,layer5_order_arrival_manifest_v1,True,897.0,261,,,,,,,,,,,,,,,,,,,,,,,,,,,,,,,,,,,,,,,,,81.8,1213,0.208333,0.115833,physical_only_legacy,24834,20,7,2.78,1.0,0.1158,905.26,,5.0118
map20_r48_s4,high,924,PhaseC,1500,canonical_bfs_service_cell_v1,307,6.1075,1875,1500,41.9972,26.0544794188862,2.5292,40.30629539951574,0.1303,200.3,178,178.0,0.140047,0.14127,826,0.339695,1271,1.0,0.692597,307,,,,,,,,,,,,,combo,,,,,,,,,,,off,,0,0.0,1.263359,662.0,0.083333,0.001736,long_risk_6d_quantile_combo_v2,1497,1875,25.0487,48,all_idle,1220.25,346,524,layer5_order_arrival_manifest_v1,True,942.75,316,,,,,,,,,,,,,,,,,,,,,,,,,,,,,,,0,0,1875,1.071271,0.377939,0.01386,0.281846,0.851181,0.917479,0.991274,84.7333,1260,0.1875,0.137861,physical_only_legacy,30730,20,7,3.2104,1.0,0.1379,1363.88,3,5.138
map20_r48_s4,high,924,ComboS1J1,1500,canonical_bfs_service_cell_v1,429,5.7063,2448,1500,103.8233,29.818791946308725,2.9185,44.01090604026846,0.1193,267.4,264,264.0,0.247423,0.257059,1192,0.503817,1067,0.9375,0.542806,429,0.0,152,0.3543,429,0.37263,0.007,3,0.729299,12.243863,50,-1.106958,0.260069,combo,0.0,0,0.0,0,0.0,0.0,0.0,0.0,0,429,conversion,0.0,0,0.0,0.917939,481.0,0.0625,0.003681,long_risk_6d_quantile_combo_v2,1497,2448,24.935,48,all_idle,1000.05,260,524,layer5_order_arrival_manifest_v1,True,744.0,221,0.6620456725447186,False,0.7943598886657157,7873,8785,False,True,1109,24.39410821177784,False,True,-0.2543940765344472,j_ascending,False,1497,760,64,64,2.56312625250501,WorldModelTaskAssigner.select_robots_unmodified,s1_within_context,True,phase_c_psi_dispatch_v1,0.7282027806052187,0.5221950528819875,5.868403473613895,0,0,0.4254223552595572,2.480613165013526,0,0,2448,1.049442,0.435931,0.046882,0.352454,0.875147,0.932155,0.990322,71.1333,1027,0.1875,0.115667,physical_only_legacy,24611,19,7,2.8269,1.0,0.1157,1201.71,3,5.1076
map20_r48_s4,high,925,Greedy,1500,,,,,,,30.29350348027842,2.9048,44.417633410672856,0.1431,213.5,191,191.0,0.153291,0.156943,862,0.35175,1246,1.0,0.684972,,,,,,,,,,,,,,,,,,,,,,,,,,,,,1.233886,670.0,0.083333,0.003125,,,,,48,,1126.35,352,543,layer5_order_arrival_manifest_v1,False,936.45,318,,,,,,,,,,,,,,,,,,,,,,,,,,,,,,,,,,,,,,,,,83.0667,1217,0.1875,0.119625,physical_only_legacy,32836,20,7,3.2949,1.0,0.1196,1104.62,,5.3626
map20_r48_s4,high,925,Hungarian,1500,,,,,,,28.70753064798599,2.7763,41.982486865148864,0.1115,247.8,95,95.0,0.068841,0.069242,571,0.174954,1380,1.0,0.802083,,,,,,,,,,,,,,,,,,,,,,,,,,,,,1.598527,868.0,0.083333,0.002097,,,,,48,,1318.95,448,543,layer5_order_arrival_manifest_v1,True,1230.05,420,,,,,,,,,,,,,,,,,,,,,,,,,,,,,,,,,,,,,,,,,92.0,1372,0.166667,0.097403,physical_only_legacy,40710,16,7,3.6153,1.0,0.0974,895.91,,5.4047
map20_r48_s4,high,925,JSQ,1500,,,,,,,29.689519650655022,3.0389,42.98951965065502,0.1327,159.3,523,523.0,2.514423,3.396104,2290,0.963168,208,0.229167,0.023403,,,,,,,,,,,,,,,,,,,,,,,,,,,,,0.036832,20.0,0.083333,0.005931,,,,,48,,60.75,20,543,layer5_order_arrival_manifest_v1,True,0.0,0,,,,,,,,,,,,,,,,,,,,,,,,,,,,,,,,,,,,,,,,,13.8667,154,0.1875,0.016486,physical_only_legacy,2246,17,7,1.1751,1.0,0.0165,90.99,,4.2562
map20_r48_s4,high,925,PhaseC,1500,canonical_bfs_service_cell_v1,274,6.1715,1691,1500,38.0864,27.385144429160935,2.6646,41.55295735900963,0.1286,243.0,166,166.0,0.127692,0.129283,727,0.305709,1300,1.0,0.738375,274,,,,,,,,,,,,,combo,,,,,,,,,,,off,,0,0.0,1.320442,717.0,0.0625,0.002181,long_risk_6d_quantile_combo_v2,1497,1691,25.0821,48,all_idle,1231.4,377,543,layer5_order_arrival_manifest_v1,True,978.3,340,,,,,,,,,,,,,,,,,,,,,,,,,,,,,,,0,0,1691,1.035203,0.317536,-0.017305,0.145771,0.848016,0.902386,0.97696,86.6667,1284,0.145833,0.09325,physical_only_legacy,37301,16,7,3.4056,1.0,0.0932,872.01,3,5.2569
map20_r48_s4,high,925,ComboS1J1,1500,canonical_bfs_service_cell_v1,781,12.2471,9565,1500,202.7701,29.342931937172775,3.0619,42.852966841186735,0.1357,145.95,522,522.0,3.182927,4.423729,2292,0.961326,164,0.229167,0.019069,781,0.0,150,0.1921,781,0.215411,0.0026,2,0.624094,7.429547,50,-2.34742,0.1817,combo,0.0,0,0.0,0,0.0,0.0,0.0,0.0,0,781,conversion,0.0,0,0.0,0.038674,21.0,0.083333,0.004861,long_risk_6d_quantile_combo_v2,1497,9565,25.0846,48,all_idle,66.0,21,543,layer5_order_arrival_manifest_v1,True,0.0,0,0.030426274553653276,False,0.232643586721381,11,797,False,True,535,25.448500935997917,False,True,0.08830366269174075,j_ascending,False,1497,2,1,1,11.229124916499666,WorldModelTaskAssigner.select_robots_unmodified,s1_within_context,True,phase_c_psi_dispatch_v1,0.1315349306375171,0.22056753623300468,0.5323981295925184,0,0,0.2191096504255101,1.0355140186915888,0,0,9565,1.005514,0.398294,-0.017305,0.37913,0.647512,0.746786,0.869547,10.9333,118,0.125,0.015514,physical_only_legacy,1819,15,7,1.0846,1.0,0.0155,390.37,3,4.2245
map20_r48_s4,high,926,Greedy,1500,,,,,,,35.304713804713806,3.3119,49.65319865319865,0.1291,230.4,277,277.0,0.240035,0.252737,1188,0.5,1154,1.0,0.548736,,,,,,,,,,,,,,,,,,,,,,,,,,,,,0.938628,520.0,0.083333,0.005542,,,,,48,,901.2,277,554,layer5_order_arrival_manifest_v1,False,730.2,243,,,,,,,,,,,,,,,,,,,,,,,,,,,,,,,,,,,,,,,,,76.9333,1096,0.208333,0.113708,physical_only_legacy,25880,19,7,3.0216,1.0,0.1137,721.86,,5.4096
map20_r48_s4,high,926,Hungarian,1500,,,,,,,32.575079872204476,3.0613,45.74920127795527,0.1243,215.0,101,101.0,0.077872,0.07959,626,0.18231,1297,1.0,0.762764,,,,,,,,,,,,,,,,,,,,,,,,,,,,,1.597473,885.0,0.0625,0.002597,,,,,48,,1262.4,453,554,layer5_order_arrival_manifest_v1,True,1207.35,432,,,,,,,,,,,,,,,,,,,,,,,,,,,,,,,,,,,,,,,,,86.4667,1269,0.25,0.184972,physical_only_legacy,33530,21,7,3.588,1.0,0.185,1131.71,,5.634
map20_r48_s4,high,926,JSQ,1500,,,,,,,21.448275862068964,2.1588,35.2051724137931,0.1125,198.35,120,120.0,0.087209,0.087591,580,0.216606,1376,1.0,0.817806,,,,,,,,,,,,,,,,,,,,,,,,,,,,,1.50722,835.0,0.041667,0.000931,,,,,48,,1309.2,434,554,layer5_order_arrival_manifest_v1,True,1191.0,401,,,,,,,,,,,,,,,,,,,,,,,,,,,,,,,,,,,,,,,,,91.7333,1370,0.291667,0.227889,physical_only_legacy,32314,20,7,3.6805,1.0,0.2279,2123.24,,5.2601
map20_r48_s4,high,926,PhaseC,1500,canonical_bfs_service_cell_v1,220,7.0364,1548,1500,34.3303,26.010619469026548,2.5209,39.79469026548673,0.0894,219.0,126,126.0,0.092784,0.093541,565,0.227437,1358,1.0,0.798333,220,,,,,,,,,,,,,combo,,,,,,,,,,,off,,0,0.0,1.478339,819.0,0.0625,0.001653,long_risk_6d_quantile_combo_v2,1497,1548,24.8089,48,all_idle,1276.95,428,554,layer5_order_arrival_manifest_v1,True,1105.5,391,,,,,,,,,,,,,,,,,,,,,,,,,,,,,,,0,0,1548,1.08061,0.282671,0.016456,0.132858,0.822744,0.92894,0.994258,90.5333,1347,0.291667,0.218319,physical_only_legacy,32428,21,7,3.6785,1.0,0.2183,1458.69,3,5.4074
map20_r48_s4,high,926,ComboS1J1,1500,canonical_bfs_service_cell_v1,493,4.6045,2270,1500,98.0337,35.42424242424242,3.4381,49.67604617604618,0.1241,251.5,331,331.0,0.273328,0.281942,1386,0.597473,1211,0.9375,0.498444,493,0.0,156,0.3164,493,0.323295,0.0061,3,0.772506,13.567224,50,-0.930395,0.265434,combo,0.0,0,0.0,0,0.0,0.0,0.0,0.0,0,493,conversion,0.0,0,0.0,0.743682,412.0,0.104167,0.005181,long_risk_6d_quantile_combo_v2,1497,2270,24.8521,48,all_idle,836.7,223,554,layer5_order_arrival_manifest_v1,True,613.8,189,0.6090114402669125,False,0.7488017586501099,5807,7166,False,True,1082,24.65559221380657,False,True,-0.09079194911033714,j_ascending,False,1497,732,81,87,1.4488977955911824,WorldModelTaskAssigner.select_robots_unmodified,s1_within_context,True,phase_c_psi_dispatch_v1,0.6789065994585274,0.7145637287190347,4.7869071476285905,0,0,0.46166557197734825,1.923290203327172,0,0,2270,1.08293,0.432716,0.014351,0.296608,0.89876,0.940898,0.994791,80.7333,1174,0.291667,0.164472,physical_only_legacy,18598,21,7,2.7733,1.0,0.1645,1014.68,3,5.3943
map20_r48_s4,high,927,Greedy,1500,,,,,,,36.79818103074924,3.1483,51.148116067561716,0.125,223.2,525,525.0,0.725138,0.842697,2309,0.91944,724,0.604167,0.100347,,,,,,,,,,,,,,,,,,,,,,,,,,,,,0.09282,53.0,0.125,0.012222,,,,,48,,250.5,46,571,layer5_order_arrival_manifest_v1,False,240.3,7,,,,,,,,,,,,,,,,,,,,,,,,,,,,,,,,,,,,,,,,,48.2667,623,0.208333,0.038681,physical_only_legacy,6372,21,7,1.6281,1.0,0.0387,199.76,,4.5519
map20_r48_s4,high,927,Hungarian,1500,,,,,,,33.0888090349076,3.1164,47.1129363449692,0.1333,169.05,420,420.0,0.535714,0.568336,1948,0.735552,784,0.958333,0.264681,,,,,,,,,,,,,,,,,,,,,,,,,,,,,0.485114,277.0,0.104167,0.008847,,,,,48,,561.0,151,571,layer5_order_arrival_manifest_v1,True,326.25,126,,,,,,,,,,,,,,,,,,,,,,,,,,,,,,,,,,,,,,,,,52.2667,739,0.229167,0.083181,physical_only_legacy,11699,19,7,2.027,1.0,0.0832,581.04,,4.7882
map20_r48_s4,high,927,JSQ,1500,,,,,,,20.718579234972676,2.0094,35.385245901639344,0.1058,228.05,160,160.0,0.118782,0.118871,732,0.28021,1347,1.0,0.757639,,,,,,,,,,,,,,,,,,,,,,,,,,,,,1.374781,785.0,0.125,0.002806,,,,,48,,1252.5,411,571,layer5_order_arrival_manifest_v1,True,1040.1,374,,,,,,,,,,,,,,,,,,,,,,,,,,,,,,,,,,,,,,,,,89.8,1346,0.229167,0.187889,physical_only_legacy,30147,20,7,3.4052,1.0,0.1879,1671.78,,5.001
map20_r48_s4,high,927,PhaseC,1500,canonical_bfs_service_cell_v1,622,6.0707,3776,1500,81.8233,31.31902879728967,2.8492,45.47430830039526,0.1234,180.5,391,391.0,0.506477,0.543056,1771,0.684764,772,0.979167,0.315278,622,,,,,,,,,,,,,combo,,,,,,,,,,,off,,0,0.0,0.579685,331.0,0.083333,0.004347,long_risk_6d_quantile_combo_v2,1497,3776,25.0447,48,all_idle,590.0,180,571,layer5_order_arrival_manifest_v1,True,432.0,151,,,,,,,,,,,,,,,,,,,,,,,,,,,,,,,0,0,3776,1.059366,0.445092,-0.043502,0.452719,0.848788,0.91192,0.974447,51.4667,720,0.208333,0.067931,physical_only_legacy,15097,20,7,2.1228,1.0,0.0679,714.5,3,4.6773
map20_r48_s4,high,927,ComboS1J1,1500,canonical_bfs_service_cell_v1,673,6.0669,4083,1500,118.9073,31.284823284823286,2.8652,45.562889812889814,0.1225,165.8,423,423.0,0.573948,0.616618,1924,0.740806,737,0.875,0.256583,673,0.0,202,0.3001,673,0.304551,0.0163,11,0.701395,11.125928,50,-1.359509,0.288364,combo,0.0,0,0.0,0,0.0,0.0,0.0,0.0,0,673,conversion,0.0,0,0.0,0.472855,270.0,0.083333,0.005958,long_risk_6d_quantile_combo_v2,1497,4083,25.0733,48,all_idle,577.8,148,571,layer5_order_arrival_manifest_v1,True,377.7,122,0.4740101282891723,False,0.6905136489780316,3314,4517,False,True,880,24.966505699029025,False,True,-0.06642917847683953,j_ascending,False,1497,411,70,74,4.1870407481629925,WorldModelTaskAssigner.select_robots_unmodified,s1_within_context,True,phase_c_psi_dispatch_v1,0.5822618886335945,0.6174654248489105,3.017368069472278,0,0,0.4141999954645985,1.5136363636363637,0,0,4083,1.058571,0.482932,-0.042925,0.51344,0.853332,0.908512,0.984189,49.1333,686,0.208333,0.070292,physical_only_legacy,11859,21,7,1.9701,1.0,0.0703,716.44,3,4.6104
map20_r48_s4,high,928,Greedy,1500,,,,,,,29.782193958664546,2.8247,44.05882352941177,0.1194,192.0,281,281.0,0.291494,0.299574,1258,0.500891,964,1.0,0.534653,,,,,,,,,,,,,,,,,,,,,,,,,,,,,0.942959,529.0,0.083333,0.003097,,,,,48,,897.7,280,561,layer5_order_arrival_manifest_v1,False,780.0,249,,,,,,,,,,,,,,,,,,,,,,,,,,,,,,,,,,,,,,,,,64.2667,938,0.229167,0.130222,physical_only_legacy,23275,19,7,2.812,1.0,0.1302,1033.83,,5.0679
map20_r48_s4,high,928,Hungarian,1500,,,,,,,34.70134730538922,3.1874,47.97754491017964,0.1375,402.5,191,191.0,0.198545,0.208061,1336,0.340463,962,1.0,0.502917,,,,,,,,,,,,,,,,,,,,,,,,,,,,,1.283422,720.0,0.104167,0.005125,,,,,48,,1079.85,370,561,layer5_order_arrival_manifest_v1,True,1054.1,350,,,,,,,,,,,,,,,,,,,,,,,,,,,,,,,,,,,,,,,,,64.1333,918,0.270833,0.141569,physical_only_legacy,21261,20,7,2.7559,1.0,0.1416,1413.1,,5.2508
map20_r48_s4,high,928,JSQ,1500,,,,,,,32.90592014685635,3.0068,46.91693437356586,0.1286,197.0,539,539.0,1.548851,1.911348,2179,0.960784,348,0.25,0.042056,,,,,,,,,,,,,,,,,,,,,,,,,,,,,0.039216,22.0,0.104167,0.006042,,,,,48,,77.55,22,561,layer5_order_arrival_manifest_v1,True,0.0,0,,,,,,,,,,,,,,,,,,,,,,,,,,,,,,,,,,,,,,,,,23.2,282,0.25,0.02725,physical_only_legacy,3160,21,7,1.363,1.0,0.0272,153.45,,4.3407
map20_r48_s4,high,928,PhaseC,1500,canonical_bfs_service_cell_v1,546,6.7875,3706,1500,80.0378,29.322538860103627,2.7685,43.45142487046632,0.1374,202.45,372,372.0,0.438163,0.447115,1544,0.663102,849,0.979167,0.404694,546,,,,,,,,,,,,,combo,,,,,,,,,,,off,,0,0.0,0.604278,339.0,0.104167,0.004792,long_risk_6d_quantile_combo_v2,1497,3706,24.9453,48,all_idle,803.4,189,561,layer5_order_arrival_manifest_v1,True,480.9,150,,,,,,,,,,,,,,,,,,,,,,,,,,,,,,,0,0,3706,1.107464,0.525648,-0.000697,0.564956,0.934121,0.971056,1.024024,56.6,832,0.229167,0.103931,physical_only_legacy,17706,20,7,2.4226,1.0,0.1039,860.97,3,4.8368
map20_r48_s4,high,928,ComboS1J1,1500,canonical_bfs_service_cell_v1,745,11.9463,8900,1500,192.0506,30.93601462522852,2.9612,45.01965265082267,0.1327,178.25,540,540.0,2.410714,3.802817,2188,0.962567,224,0.229167,0.024514,745,0.0,161,0.2161,745,0.230942,0.004,3,0.678099,9.435519,50,-2.245173,0.200761,combo,0.0,0,0.0,0,0.0,0.0,0.0,0.0,0,745,conversion,0.0,0,0.0,0.037433,21.0,0.104167,0.005347,long_risk_6d_quantile_combo_v2,1497,8900,24.8753,48,all_idle,72.0,21,561,layer5_order_arrival_manifest_v1,True,0.0,0,0.05964522629901698,False,0.26076311349792336,100,905,False,True,597,25.180900341501985,False,True,0.06859764352475305,j_ascending,False,1497,43,8,8,11.295257181028724,WorldModelTaskAssigner.select_robots_unmodified,s1_within_context,True,phase_c_psi_dispatch_v1,0.16020416989847028,0.23688394915497765,0.6045424181696727,0,0,0.22071967769146625,1.1423785594639866,0,0,8900,1.046643,0.506525,-0.000149,0.506678,0.80898,0.879684,0.956548,14.9333,142,0.1875,0.017958,physical_only_legacy,2190,19,7,1.2403,1.0,0.018,378.27,3,4.2514
map20_r48_s4,high,929,Greedy,1500,,,,,,,34.209123222748815,3.0494,48.71800947867298,0.1092,185.4,384,384.0,0.529655,0.590769,1688,0.674868,725,1.0,0.340722,,,,,,,,,,,,,,,,,,,,,,,,,,,,,0.595782,339.0,0.083333,0.008111,,,,,48,,610.0,185,569,layer5_order_arrival_manifest_v1,False,466.05,154,,,,,,,,,,,,,,,,,,,,,,,,,,,,,,,,,,,,,,,,,48.3333,650,0.270833,0.097111,physical_only_legacy,11582,20,7,1.906,1.0,0.0971,751.39,,4.684
map20_r48_s4,high,929,Hungarian,1500,,,,,,,32.72359058565955,3.0601,46.59551176792556,0.129,365.05,334,334.0,0.423321,0.450135,1827,0.586995,789,0.958333,0.339639,,,,,,,,,,,,,,,,,,,,,,,,,,,,,0.787346,448.0,0.104167,0.006542,,,,,48,,769.8,235,569,layer5_order_arrival_manifest_v1,True,685.8,213,,,,,,,,,,,,,,,,,,,,,,,,,,,,,,,,,,,,,,,,,52.6,742,0.1875,0.067833,physical_only_legacy,16590,17,7,2.2276,1.0,0.0678,606.3,,4.8407
map20_r48_s4,high,929,JSQ,1500,,,,,,,31.621523579201934,2.9225,46.47097944377267,0.141,201.4,359,359.0,0.426366,0.459079,1654,0.630931,842,0.916667,0.362083,,,,,,,,,,,,,,,,,,,,,,,,,,,,,0.678383,386.0,0.083333,0.004708,,,,,48,,739.95,210,569,layer5_order_arrival_manifest_v1,True,588.75,176,,,,,,,,,,,,,,,,,,,,,,,,,,,,,,,,,,,,,,,,,56.1333,782,0.1875,0.04375,physical_only_legacy,19458,19,7,2.268,1.0,0.0437,309.82,,4.78
map20_r48_s4,high,929,PhaseC,1500,canonical_bfs_service_cell_v1,789,7.3207,5776,1500,121.8233,34.20871065114273,3.0188,48.47391116860716,0.1279,162.7,544,544.0,2.211382,4.945455,2319,0.956063,246,0.166667,0.027542,789,,,,,,,,,,,,,combo,,,,,,,,,,,off,,0,0.0,0.049209,28.0,0.104167,0.006736,long_risk_6d_quantile_combo_v2,1497,5776,25.0157,48,all_idle,88.2,25,569,layer5_order_arrival_manifest_v1,True,23.4,3,,,,,,,,,,,,,,,,,,,,,,,,,,,,,,,0,0,5776,1.014713,0.48729,-0.00828,0.511902,0.775187,0.877354,0.956261,16.4,110,0.145833,0.017542,physical_only_legacy,2638,17,7,1.3051,1.0,0.0175,256.89,3,4.3074
map20_r48_s4,high,929,ComboS1J1,1500,canonical_bfs_service_cell_v1,790,7.862,6211,1500,141.6661,33.88678433060697,3.0044,47.980628497632374,0.1284,164.95,548,548.0,3.361963,6.372093,2323,0.963093,163,0.145833,0.018611,790,0.0,182,0.2304,790,0.23809,0.0101,8,0.663764,9.588186,50,-1.787248,0.290055,combo,0.0,0,0.0,0,0.0,0.0,0.0,0.0,0,790,conversion,0.0,0,0.0,0.036907,21.0,0.083333,0.006042,long_risk_6d_quantile_combo_v2,1497,6211,24.9744,48,all_idle,69.0,21,569,layer5_order_arrival_manifest_v1,True,0.0,0,0.040846278592905204,False,0.2513445823839111,50,890,False,True,608,25.346743745582277,False,True,0.0754715293514931,j_ascending,False,1497,20,9,9,7.2651970607882435,WorldModelTaskAssigner.select_robots_unmodified,s1_within_context,True,phase_c_psi_dispatch_v1,0.14609543048840823,0.23707927246735003,0.5945223780895124,0,0,0.20605464721245043,1.0888157894736843,0,0,6211,1.036591,0.474425,-0.003474,0.472,0.778,0.84184,0.947094,10.8667,86,0.145833,0.016097,physical_only_legacy,1966,17,7,1.2784,1.0,0.0161,288.77,3,4.2859
map20_r48_s4,high,930,Greedy,1500,,,,,,,31.679886685552407,3.0648,46.6166194523135,0.1615,230.8,223,223.0,0.189949,0.192076,1059,0.416045,1174,1.0,0.606583,,,,,,,,,,,,,,,,,,,,,,,,,,,,,1.113806,597.0,0.083333,0.002792,,,,,48,,1062.0,313,536,layer5_order_arrival_manifest_v1,False,887.55,284,,,,,,,,,,,,,,,,,,,,,,,,,,,,,,,,,,,,,,,,,78.2667,1161,0.166667,0.039389,physical_only_legacy,33060,17,7,3.0318,1.0,0.0394,387.4,,5.2491
map20_r48_s4,high,930,Hungarian,1500,,,,,,,28.04640718562874,2.7202,41.73652694610779,0.1417,182.25,146,146.0,0.112135,0.113619,668,0.272388,1302,1.0,0.764208,,,,,,,,,,,,,,,,,,,,,,,,,,,,,1.393657,747.0,0.0625,0.001806,,,,,48,,1212.3,390,536,layer5_order_arrival_manifest_v1,True,1084.8,357,,,,,,,,,,,,,,,,,,,,,,,,,,,,,,,,,,,,,,,,,86.8,1285,0.1875,0.11075,physical_only_legacy,38162,19,7,3.4804,1.0,0.1107,824.26,,5.3528
map20_r48_s4,high,930,JSQ,1500,,,,,,,31.729234793982997,3.1749,46.33682145192937,0.125,213.7,322,322.0,0.306959,0.325253,1529,0.600746,1049,0.958333,0.427167,,,,,,,,,,,,,,,,,,,,,,,,,,,,,0.744403,399.0,0.083333,0.004764,,,,,48,,808.35,214,536,layer5_order_arrival_manifest_v1,True,634.2,185,,,,,,,,,,,,,,,,,,,,,,,,,,,,,,,,,,,,,,,,,69.9333,990,0.166667,0.079986,physical_only_legacy,20361,19,7,2.5281,1.0,0.08,791.14,,5.0565
map20_r48_s4,high,930,PhaseC,1500,canonical_bfs_service_cell_v1,703,4.5875,3225,1500,72.5038,36.59503722084367,3.3892,51.76129032258064,0.1288,188.6,453,453.0,0.681203,0.783737,2015,0.845149,665,0.854167,0.181944,703,,,,,,,,,,,,,combo,,,,,,,,,,,off,,0,0.0,0.23694,127.0,0.104167,0.007028,long_risk_6d_quantile_combo_v2,1497,3225,24.9683,48,all_idle,392.7,83,536,layer5_order_arrival_manifest_v1,True,219.15,44,,,,,,,,,,,,,,,,,,,,,,,,,,,,,,,0,0,3225,1.081789,0.45861,-0.02352,0.481253,0.860792,0.946578,1.019419,44.3333,578,0.416667,0.091264,physical_only_legacy,6456,22,7,1.795,1.0,0.0913,797.94,3,4.8121
map20_r48_s4,high,930,ComboS1J1,1500,canonical_bfs_service_cell_v1,259,6.3282,1639,1500,103.1554,25.612903225806452,2.5545,39.77272727272727,0.138,220.4,147,147.0,0.108808,0.108889,682,0.274254,1351,0.979167,0.768611,259,0.0,100,0.3861,259,0.386638,0.0077,2,0.750276,11.542543,50,-0.862128,0.250075,combo,0.0,0,0.0,0,0.0,0.0,0.0,0.0,0,259,conversion,0.0,0,0.0,1.378731,739.0,0.145833,0.002542,long_risk_6d_quantile_combo_v2,1497,1639,24.8535,48,all_idle,1333.2,389,536,layer5_order_arrival_manifest_v1,True,1115.1,350,0.7909207934989387,False,0.8769455274510993,16335,17910,False,True,1329,24.53294372504214,False,True,-0.4052264731662297,j_ascending,False,1497,1186,74,78,0.8744154976619907,WorldModelTaskAssigner.select_robots_unmodified,s1_within_context,True,phase_c_psi_dispatch_v1,0.8339331604750435,0.4305244883379911,11.963927855711423,0,0,0.42688888627962984,2.5884123401053425,0,0,1639,1.069848,0.302502,-0.001914,0.120152,0.863911,0.910197,0.9749,90.0667,1350,0.229167,0.096056,physical_only_legacy,38543,16,7,3.5511,1.0,0.0961,988.65,3,5.2868
map20_r48_s4,high,931,Greedy,1500,,,,,,,34.2247191011236,3.2133,48.67550561797753,0.1291,183.95,508,508.0,0.927007,1.151927,2225,0.866894,548,0.875,0.162806,,,,,,,,,,,,,,,,,,,,,,,,,,,,,0.208191,122.0,0.104167,0.007542,,,,,48,,459.9,78,586,layer5_order_arrival_manifest_v1,False,412.95,44,,,,,,,,,,,,,,,,,,,,,,,,,,,,,,,,,,,,,,,,,36.5333,441,0.270833,0.064556,physical_only_legacy,6898,19,7,1.7264,1.0,0.0646,349.49,,4.6635
map20_r48_s4,high,931,Hungarian,1500,,,,,,,36.90295188030732,3.3025,50.399514759401534,0.1224,489.8,337,337.0,0.616088,0.861893,2473,0.575085,547,0.541667,0.064653,,,,,,,,,,,,,,,,,,,,,,,,,,,,,0.805461,472.0,0.083333,0.007681,,,,,48,,768.6,249,586,layer5_order_arrival_manifest_v1,True,731.7,223,,,,,,,,,,,,,,,,,,,,,,,,,,,,,,,,,,,,,,,,,36.4667,391,0.291667,0.033778,physical_only_legacy,4762,22,7,1.5488,1.0,0.0338,218.75,,4.5818
map20_r48_s4,high,931,JSQ,1500,,,,,,,35.577453027139875,3.1499,49.890187891440505,0.1278,174.6,557,557.0,2.690821,4.125926,2395,0.950512,207,0.208333,0.028403,,,,,,,,,,,,,,,,,,,,,,,,,,,,,0.051195,30.0,0.083333,0.008042,,,,,48,,172.8,29,586,layer5_order_arrival_manifest_v1,True,171.0,1,,,,,,,,,,,,,,,,,,,,,,,,,,,,,,,,,,,,,,,,,13.8,135,0.166667,0.021069,physical_only_legacy,2705,18,7,1.3366,1.0,0.0211,100.3,,4.3921
map20_r48_s4,high,931,PhaseC,1500,canonical_bfs_service_cell_v1,289,5.8097,1679,1500,38.1201,26.63164721141375,2.6166,40.66277561608301,0.1353,234.4,164,164.0,0.127925,0.128225,771,0.279863,1282,1.0,0.732431,289,,,,,,,,,,,,,combo,,,,,,,,,,,off,,0,0.0,1.385666,812.0,0.125,0.002722,long_risk_6d_quantile_combo_v2,1497,1679,24.9929,48,all_idle,1218.95,422,586,layer5_order_arrival_manifest_v1,True,1015.65,390,,,,,,,,,,,,,,,,,,,,,,,,,,,,,,,0,0,1679,1.034308,0.291352,-0.04376,0.159639,0.82384,0.883874,0.946084,85.4667,1279,0.145833,0.092014,physical_only_legacy,36829,15,7,3.4653,1.0,0.092,859.32,3,5.2683
map20_r48_s4,high,931,ComboS1J1,1500,canonical_bfs_service_cell_v1,602,5.2492,3160,1500,107.3893,31.59590643274854,3.0419,45.90701754385965,0.1249,206.5,395,395.0,0.523873,0.54785,1710,0.674061,754,0.958333,0.357472,602,0.0,192,0.3189,602,0.326432,0.005,3,0.695967,10.772888,50,-1.199222,0.302193,combo,0.0,0,0.0,0,0.0,0.0,0.0,0.0,0,602,conversion,0.0,0,0.0,0.590444,346.0,0.0625,0.004944,long_risk_6d_quantile_combo_v2,1497,3160,25.0931,48,all_idle,666.0,191,586,layer5_order_arrival_manifest_v1,True,458.3,155,0.6034193712041099,False,0.7480277074141299,5304,6494,False,True,943,24.976348668368473,False,True,-0.3346036676701121,j_ascending,False,1497,482,47,47,2.578490313961256,WorldModelTaskAssigner.select_robots_unmodified,s1_within_context,True,phase_c_psi_dispatch_v1,0.675723539309123,0.4137341493596118,4.338009352037409,0,0,0.26850559391840845,2.129374337221633,0,0,3160,1.021597,0.460354,-0.04376,0.528645,0.859015,0.899985,0.956433,50.2667,721,0.229167,0.039444,physical_only_legacy,19304,17,7,2.287,1.0,0.0394,534.15,3,4.8288
map20_r48_s4,high,932,Greedy,1500,,,,,,,30.863036303630363,2.7497,45.01815181518152,0.1436,195.6,272,272.0,0.252085,0.263056,1212,0.485714,1079,1.0,0.542917,,,,,,,,,,,,,,,,,,,,,,,,,,,,,0.975,546.0,0.083333,0.003889,,,,,48,,889.8,288,560,layer5_order_arrival_manifest_v1,False,768.45,258,,,,,,,,,,,,,,,,,,,,,,,,,,,,,,,,,,,,,,,,,71.9333,1034,0.1875,0.071264,physical_only_legacy,27931,17,7,2.8805,1.0,0.0713,588.2,,5.0299
map20_r48_s4,high,932,Hungarian,1500,,,,,,,27.82039711191336,2.552,41.84657039711191,0.1245,148.0,246,246.0,0.226937,0.231857,1108,0.439286,1084,1.0,0.591056,,,,,,,,,,,,,,,,,,,,,,,,,,,,,1.073214,601.0,0.0625,0.002597,,,,,48,,944.0,314,560,layer5_order_arrival_manifest_v1,True,833.1,287,,,,,,,,,,,,,,,,,,,,,,,,,,,,,,,,,,,,,,,,,72.2667,1061,0.208333,0.127931,physical_only_legacy,27130,21,7,3.0328,1.0,0.1279,771.64,,5.0448
map20_r48_s4,high,932,JSQ,1500,,,,,,,29.414693381906496,2.757,43.329083181542195,0.1268,229.3,415,415.0,0.435924,0.450108,1647,0.741071,952,0.9375,0.382222,,,,,,,,,,,,,,,,,,,,,,,,,,,,,0.45,252.0,0.083333,0.008056,,,,,48,,788.4,145,560,layer5_order_arrival_manifest_v1,True,574.2,107,,,,,,,,,,,,,,,,,,,,,,,,,,,,,,,,,,,,,,,,,63.4667,922,0.25,0.103486,physical_only_legacy,16097,18,7,2.2926,1.0,0.1035,694.16,,4.755
map20_r48_s4,high,932,PhaseC,1500,canonical_bfs_service_cell_v1,764,9.1113,6961,1500,143.0835,33.9901654000894,2.9416,48.07152436298614,0.1283,209.4,534,534.0,1.521368,2.161943,2237,0.953571,351,0.333333,0.042986,764,,,,,,,,,,,,,combo,,,,,,,,,,,off,,0,0.0,0.046429,26.0,0.083333,0.008333,long_risk_6d_quantile_combo_v2,1497,6961,24.8484,48,all_idle,103.5,26,560,layer5_order_arrival_manifest_v1,True,0.0,0,,,,,,,,,,,,,,,,,,,,,,,,,,,,,,,0,0,6961,0.996993,0.504021,-0.021864,0.499809,0.812521,0.869183,0.928771,23.4,247,0.166667,0.021444,physical_only_legacy,3537,20,7,1.387,1.0,0.0214,319.75,3,4.314
map20_r48_s4,high,932,ComboS1J1,1500,canonical_bfs_service_cell_v1,572,6.4983,3717,1500,115.9794,28.98149290561382,2.7492,43.01727328809377,0.1406,232.75,406,406.0,0.465596,0.496333,1621,0.725,872,0.9375,0.382417,572,0.0,223,0.3899,572,0.401129,0.0227,13,0.738149,11.831669,50,-1.30894,0.225323,combo,0.0,0,0.0,0,0.0,0.0,0.0,0.0,0,572,conversion,0.0,0,0.0,0.482143,270.0,0.0625,0.003819,long_risk_6d_quantile_combo_v2,1497,3717,24.8952,48,all_idle,787.05,154,560,layer5_order_arrival_manifest_v1,True,626.25,116,0.46931735744793884,False,0.6395413501396179,2719,3846,False,True,981,24.848882975692838,False,True,-0.08656204650899608,j_ascending,False,1497,519,73,76,4.044756179024716,WorldModelTaskAssigner.select_robots_unmodified,s1_within_context,True,phase_c_psi_dispatch_v1,0.5544293537937837,0.5536291425363841,2.5691382765531063,0,0,0.3821054720331915,1.746177370030581,0,0,3717,1.049382,0.473247,-0.021864,0.455668,0.887363,0.92717,0.980126,58.1333,818,0.291667,0.140653,physical_only_legacy,13628,22,7,2.2401,1.0,0.1407,1001.08,3,4.7758
map20_r48_s4,high,933,Greedy,1500,,,,,,,34.29931120851597,3.2844,48.69317470256731,0.119,225.0,359,359.0,0.394072,0.428401,1597,0.644524,911,1.0,0.395125,,,,,,,,,,,,,,,,,,,,,,,,,,,,,0.64991,362.0,0.104167,0.005458,,,,,48,,711.45,198,557,layer5_order_arrival_manifest_v1,False,505.65,164,,,,,,,,,,,,,,,,,,,,,,,,,,,,,,,,,,,,,,,,,60.7333,838,0.25,0.104986,physical_only_legacy,17811,21,7,2.489,1.0,0.105,770.41,,5.1107
map20_r48_s4,high,933,Hungarian,1500,,,,,,,32.05992141453831,3.1371,45.549115913555994,0.1097,494.75,150,150.0,0.121556,0.126904,1018,0.2693,1234,1.0,0.635347,,,,,,,,,,,,,,,,,,,,,,,,,,,,,1.432675,798.0,0.083333,0.004139,,,,,48,,1192.2,407,557,layer5_order_arrival_manifest_v1,True,1143.0,391,,,,,,,,,,,,,,,,,,,,,,,,,,,,,,,,,,,,,,,,,82.2667,1182,0.3125,0.175917,physical_only_legacy,26268,21,7,3.1809,1.0,0.1759,1543.01,,5.4446
map20_r48_s4,high,933,JSQ,1500,,,,,,,32.58703071672355,3.1763,46.71740614334471,0.1395,209.6,343,343.0,0.38196,0.398837,1465,0.615799,898,0.979167,0.438097,,,,,,,,,,,,,,,,,,,,,,,,,,,,,0.705566,393.0,0.083333,0.006458,,,,,48,,769.05,214,557,layer5_order_arrival_manifest_v1,True,589.5,179,,,,,,,,,,,,,,,,,,,,,,,,,,,,,,,,,,,,,,,,,59.8667,860,0.1875,0.086514,physical_only_legacy,21081,17,7,2.5325,1.0,0.0865,624.19,,5.0804
map20_r48_s4,high,933,PhaseC,1500,canonical_bfs_service_cell_v1,559,5.61,3136,1500,68.7627,33.20290771175727,3.1915,47.312262958280655,0.1123,200.05,372,372.0,0.383505,0.419865,1582,0.667864,970,1.0,0.385833,559,,,,,,,,,,,,,combo,,,,,,,,,,,off,,0,0.0,0.59605,332.0,0.104167,0.008472,long_risk_6d_quantile_combo_v2,1497,3136,24.8975,48,all_idle,694.0,185,557,layer5_order_arrival_manifest_v1,True,476.1,147,,,,,,,,,,,,,,,,,,,,,,,,,,,,,,,0,0,3136,1.029748,0.487993,0.066933,0.491032,0.837152,0.884531,0.975208,64.6667,886,0.229167,0.089778,physical_only_legacy,18503,21,7,2.4262,1.0,0.0898,859.42,3,5.0109
map20_r48_s4,high,933,ComboS1J1,1500,canonical_bfs_service_cell_v1,350,5.1457,1801,1500,107.9632,28.941544885177453,2.926,43.643006263048015,0.0902,212.0,205,205.0,0.157692,0.158792,958,0.368043,1300,1.0,0.664778,350,0.0,110,0.3143,350,0.344717,0.0114,4,0.737188,12.283965,50,-0.757388,0.263644,combo,0.0,0,0.0,0,0.0,0.0,0.0,0.0,0,350,conversion,0.0,0,0.0,1.197487,667.0,0.0625,0.002944,long_risk_6d_quantile_combo_v2,1497,1801,24.8101,48,all_idle,1177.35,352,557,layer5_order_arrival_manifest_v1,True,972.6,315,0.6859200379106923,False,0.8261386359412873,9033,10678,False,True,1306,24.32842656490814,False,True,-0.2321795776115245,j_ascending,False,1497,1071,106,110,0.9552438209752839,WorldModelTaskAssigner.select_robots_unmodified,s1_within_context,True,phase_c_psi_dispatch_v1,0.7560293369259867,0.6837767290386142,7.132932531730127,0,0,0.3639227895903094,2.1309341500765697,0,0,1801,1.069418,0.402833,0.081676,0.245481,0.891731,0.93541,0.999274,86.6667,1291,0.333333,0.214319,physical_only_legacy,24200,19,7,2.9804,1.0,0.2143,2008.62,3,5.2577
map20_r48_s4,high,934,Greedy,1500,,,,,,,17.813953488372093,1.7119,32.467441860465115,0.1401,168.9,84,84.0,0.059406,0.059532,430,0.16092,1414,1.0,0.852472,,,,,,,,,,,,,,,,,,,,,,,,,,,,,1.605364,838.0,0.104167,0.000875,,,,,48,,1388.65,438,522,layer5_order_arrival_manifest_v1,False,1146.3,400,,,,,,,,,,,,,,,,,,,,,,,,,,,,,,,,,,,,,,,,,94.2667,1411,0.1875,0.118764,physical_only_legacy,42094,16,7,3.762,1.0,0.1188,1072.59,,4.9957
map20_r48_s4,high,934,Hungarian,1500,,,,,,,33.8250114521301,3.1263,47.41639945029775,0.1418,176.0,501,501.0,1.06823,1.383978,2183,0.95977,469,0.291667,0.059292,,,,,,,,,,,,,,,,,,,,,,,,,,,,,0.04023,21.0,0.083333,0.008875,,,,,48,,69.0,21,522,layer5_order_arrival_manifest_v1,True,0.0,0,,,,,,,,,,,,,,,,,,,,,,,,,,,,,,,,,,,,,,,,,31.2667,362,0.270833,0.035736,physical_only_legacy,3958,21,7,1.4221,1.0,0.0357,179.73,,4.4517
map20_r48_s4,high,934,JSQ,1500,,,,,,,31.147034930950447,2.9887,45.06011372867587,0.1345,251.4,269,269.0,0.234934,0.244102,1231,0.515326,1145,0.9375,0.515792,,,,,,,,,,,,,,,,,,,,,,,,,,,,,0.915709,478.0,0.104167,0.006014,,,,,48,,874.2,253,522,layer5_order_arrival_manifest_v1,True,704.4,225,,,,,,,,,,,,,,,,,,,,,,,,,,,,,,,,,,,,,,,,,76.3333,1102,0.333333,0.195083,physical_only_legacy,18041,22,7,2.7214,1.0,0.1951,1560.78,,5.1847
map20_r48_s4,high,934,PhaseC,1500,canonical_bfs_service_cell_v1,466,7.5794,3532,1500,75.1798,31.44119907763259,3.015,45.68870099923136,0.1363,249.85,322,322.0,0.282456,0.299257,1301,0.616858,1140,1.0,0.474319,466,,,,,,,,,,,,,combo,,,,,,,,,,,off,,0,0.0,0.693487,362.0,0.104167,0.007222,long_risk_6d_quantile_combo_v2,1497,3532,24.9082,48,all_idle,858.3,200,522,layer5_order_arrival_manifest_v1,True,579.9,162,,,,,,,,,,,,,,,,,,,,,,,,,,,,,,,0,0,3532,1.111137,0.549064,-0.028432,0.657698,0.919496,0.957326,1.004976,76.0,1076,0.291667,0.136125,physical_only_legacy,20015,22,7,2.5432,1.0,0.1361,1173.36,3,5.0515
map20_r48_s4,high,934,ComboS1J1,1500,canonical_bfs_service_cell_v1,550,8.7945,4837,1500,128.2231,30.536334405144693,2.903,44.814790996784566,0.1304,192.6,368,368.0,0.371342,0.404396,1555,0.704981,991,0.958333,0.35675,550,0.0,156,0.2836,550,0.300016,0.0182,10,0.735609,11.2791,50,-1.810378,0.282224,combo,0.0,0,0.0,0,0.0,0.0,0.0,0.0,0,550,conversion,0.0,0,0.0,0.522989,273.0,0.125,0.009292,long_risk_6d_quantile_combo_v2,1497,4837,24.7977,48,all_idle,699.15,154,522,layer5_order_arrival_manifest_v1,True,426.3,119,0.4438074027104902,False,0.6234363108373486,2050,2982,False,True,819,24.74352893998371,False,True,-0.09316886383283107,j_ascending,False,1497,396,41,43,5.704742818971276,WorldModelTaskAssigner.select_robots_unmodified,s1_within_context,True,phase_c_psi_dispatch_v1,0.5336218567739238,0.5176079868770621,1.9919839679358717,0,0,0.3632979990051226,1.708180708180708,0,0,4837,1.067215,0.549272,-0.028432,0.585175,0.897001,0.937027,1.002482,66.0667,910,0.291667,0.110167,physical_only_legacy,14589,22,7,2.3289,1.0,0.1102,824.32,3,4.8565
map20_r48_s4,high,935,Greedy,1500,,,,,,,36.037468776019985,3.0891,50.592839300582845,0.1284,206.0,571,571.0,1.730303,2.883838,2402,0.936066,330,0.1875,0.036764,,,,,,,,,,,,,,,,,,,,,,,,,,,,,0.07377,45.0,0.104167,0.007681,,,,,48,,126.0,39,610,layer5_order_arrival_manifest_v1,False,98.25,6,,,,,,,,,,,,,,,,,,,,,,,,,,,,,,,,,,,,,,,,,22.0,198,0.166667,0.023028,physical_only_legacy,3085,18,7,1.3659,1.0,0.023,129.44,,4.379
map20_r48_s4,high,935,Hungarian,1500,,,,,,,32.95452054794521,3.0848,46.63452054794521,0.1299,320.1,290,290.0,0.37323,0.394558,1825,0.47541,777,1.0,0.329944,,,,,,,,,,,,,,,,,,,,,,,,,,,,,1.02459,625.0,0.083333,0.00575,,,,,48,,834.15,320,610,layer5_order_arrival_manifest_v1,True,773.4,305,,,,,,,,,,,,,,,,,,,,,,,,,,,,,,,,,,,,,,,,,51.8,735,0.270833,0.097625,physical_only_legacy,14176,21,7,2.2115,1.0,0.0976,668.85,,4.8757
map20_r48_s4,high,935,JSQ,1500,,,,,,,31.256637168141594,2.856,45.77488938053097,0.1232,198.85,422,422.0,0.55894,0.630792,1808,0.691803,755,0.9375,0.304653,,,,,,,,,,,,,,,,,,,,,,,,,,,,,0.555738,339.0,0.0625,0.004125,,,,,48,,649.95,188,610,layer5_order_arrival_manifest_v1,True,502.5,151,,,,,,,,,,,,,,,,,,,,,,,,,,,,,,,,,,,,,,,,,50.3333,669,0.1875,0.06825,physical_only_legacy,13857,19,7,2.0653,1.0,0.0683,553.55,,4.6521
map20_r48_s4,high,935,PhaseC,1500,canonical_bfs_service_cell_v1,594,5.3636,3186,1500,70.7292,30.648488441019563,2.8831,45.02726733847066,0.1345,192.0,388,388.0,0.502591,0.520805,1687,0.636066,772,0.958333,0.35475,594,,,,,,,,,,,,,combo,,,,,,,,,,,off,,0,0.0,0.670492,409.0,0.083333,0.003486,long_risk_6d_quantile_combo_v2,1497,3186,24.9495,48,all_idle,692.1,222,610,layer5_order_arrival_manifest_v1,True,529.7,187,,,,,,,,,,,,,,,,,,,,,,,,,,,,,,,0,0,3186,1.059457,0.444844,0.007144,0.462897,0.795204,0.873164,0.954977,51.4667,745,0.1875,0.055028,physical_only_legacy,17727,17,7,2.2378,1.0,0.055,564.72,3,4.75
map20_r48_s4,high,935,ComboS1J1,1500,canonical_bfs_service_cell_v1,729,5.0727,3698,1500,109.9602,33.61820781696854,2.9349,48.280743565300284,0.1269,210.5,495,495.0,0.789474,0.88551,2098,0.811475,627,0.8125,0.199736,729,0.0,227,0.3114,729,0.328834,0.011,8,0.690388,11.320777,50,-1.130614,0.23132,combo,0.0,0,0.0,0,0.0,0.0,0.0,0.0,0,729,conversion,0.0,0,0.0,0.32459,198.0,0.0625,0.005264,long_risk_6d_quantile_combo_v2,1497,3698,24.9196,48,all_idle,551.7,115,610,layer5_order_arrival_manifest_v1,True,476.7,83,0.3104612700361131,False,0.5868661176941655,2025,3218,False,True,914,24.768019493473634,False,True,-0.010873616174952706,j_ascending,False,1497,346,84,87,3.626586506346025,WorldModelTaskAssigner.select_robots_unmodified,s1_within_context,True,phase_c_psi_dispatch_v1,0.4486636938651438,0.5239805521419175,2.149632598530394,0,0,0.3515996032384629,1.5853391684901532,0,0,3698,1.074594,0.475863,0.007144,0.497362,0.828791,0.888141,0.976887,41.8,559,0.3125,0.085125,physical_only_legacy,6687,22,7,1.7346,1.0,0.0851,894.4,3,4.5467
map20_r48_s4,high,936,Greedy,1500,,,,,,,36.52080344332855,3.3081,50.97560975609756,0.1325,242.4,313,313.0,0.261925,0.278222,1394,0.564982,1195,1.0,0.482542,,,,,,,,,,,,,,,,,,,,,,,,,,,,,0.81769,453.0,0.083333,0.007278,,,,,48,,840.0,241,554,layer5_order_arrival_manifest_v1,False,628.35,212,,,,,,,,,,,,,,,,,,,,,,,,,,,,,,,,,,,,,,,,,79.6667,1125,0.270833,0.123458,physical_only_legacy,21761,21,7,2.7379,1.0,0.1235,885.09,,5.279
map20_r48_s4,high,936,Hungarian,1500,,,,,,,27.274061990212072,2.6561,40.97226753670473,0.1192,158.8,123,123.0,0.093252,0.095497,613,0.222022,1319,1.0,0.7875,,,,,,,,,,,,,,,,,,,,,,,,,,,,,1.518051,841.0,0.083333,0.003069,,,,,48,,1223.5,431,554,layer5_order_arrival_manifest_v1,True,1158.3,410,,,,,,,,,,,,,,,,,,,,,,,,,,,,,,,,,,,,,,,,,87.9333,1288,0.229167,0.176819,physical_only_legacy,35021,20,7,3.6464,1.0,0.1768,1339.15,,5.4473
map20_r48_s4,high,936,JSQ,1500,,,,,,,23.26745718050066,2.37,37.0540184453228,0.0862,314.5,156,156.0,0.120092,0.121212,759,0.281588,1299,0.958333,0.750069,,,,,,,,,,,,,,,,,,,,,,,,,,,,,1.375451,762.0,0.083333,0.002458,,,,,48,,1237.8,398,554,layer5_order_arrival_manifest_v1,True,1082.55,364,,,,,,,,,,,,,,,,,,,,,,,,,,,,,,,,,,,,,,,,,86.6,1287,0.291667,0.212722,physical_only_legacy,29617,20,7,3.4561,1.0,0.2127,1235.28,,5.212
map20_r48_s4,high,936,PhaseC,1500,canonical_bfs_service_cell_v1,187,7.4706,1397,1500,30.8528,21.624463519313306,2.0923,35.392703862660944,0.1053,365.85,94,94.0,0.066478,0.067047,466,0.169675,1414,1.0,0.844931,187,,,,,,,,,,,,,combo,,,,,,,,,,,off,,0,0.0,1.601083,887.0,0.041667,0.000639,long_risk_6d_quantile_combo_v2,1497,1397,24.7761,48,all_idle,1353.15,460,554,layer5_order_arrival_manifest_v1,True,1192.2,427,,,,,,,,,,,,,,,,,,,,,,,,,,,,,,,0,0,1397,1.040147,0.282894,0.018805,0.16589,0.818965,0.884284,0.955371,94.2667,1402,0.1875,0.137167,physical_only_legacy,40507,16,7,3.7595,1.0,0.1372,1123.23,3,5.1684
map20_r48_s4,high,936,ComboS1J1,1500,canonical_bfs_service_cell_v1,260,6.4231,1670,1500,107.7614,22.074452554744525,2.2,36.16496350364964,0.1156,198.0,139,139.0,0.102206,0.103809,685,0.250903,1360,0.979167,0.777486,260,0.0,89,0.3423,260,0.348139,0.0038,1,0.724607,11.560093,50,-0.862766,0.233356,combo,0.0,0,0.0,0,0.0,0.0,0.0,0.0,0,260,conversion,0.0,0,0.0,1.433213,794.0,0.0625,0.00125,long_risk_6d_quantile_combo_v2,1497,1670,24.8378,48,all_idle,1300.5,415,554,layer5_order_arrival_manifest_v1,True,1128.3,379,0.8004357534444042,False,0.8877099824417733,14422,16429,False,True,1360,24.249762856839773,False,True,-0.2960397398036752,j_ascending,False,1497,1212,77,81,0.9038076152304609,WorldModelTaskAssigner.select_robots_unmodified,s1_within_context,True,phase_c_psi_dispatch_v1,0.8440728679431038,0.7196341449611029,10.974615898463593,0,0,0.3764321113177498,1.7154411764705881,0,0,1670,1.123826,0.350677,0.051421,0.171447,0.852325,0.915794,1.00309,90.6667,1339,0.1875,0.129833,physical_only_legacy,36927,17,7,3.5235,1.0,0.1298,1191.49,3,5.1072
map20_r48_s4,high,937,Greedy,1500,,,,,,,37.25900805426028,3.1919,52.251801610852056,0.1318,183.6,525,525.0,1.470588,1.966292,2359,0.922671,357,0.229167,0.037986,,,,,,,,,,,,,,,,,,,,,,,,,,,,,0.089631,51.0,0.083333,0.009111,,,,,48,,166.65,44,569,layer5_order_arrival_manifest_v1,False,85.4,7,,,,,,,,,,,,,,,,,,,,,,,,,,,,,,,,,,,,,,,,,23.8,267,0.166667,0.023681,physical_only_legacy,3517,17,7,1.3861,1.0,0.0237,98.23,,4.4445
map20_r48_s4,high,937,Hungarian,1500,,,,,,,33.02888318356868,3.1915,47.25096277278562,0.1128,205.15,294,294.0,0.30721,0.320961,1558,0.516696,957,0.958333,0.419125,,,,,,,,,,,,,,,,,,,,,,,,,,,,,0.931459,530.0,0.083333,0.00575,,,,,48,,799.8,275,569,layer5_order_arrival_manifest_v1,True,687.9,255,,,,,,,,,,,,,,,,,,,,,,,,,,,,,,,,,,,,,,,,,63.8,916,0.229167,0.102389,physical_only_legacy,18454,20,7,2.4633,1.0,0.1024,728.12,,5.0426
map20_r48_s4,high,937,JSQ,1500,,,,,,,36.21299483648881,3.1318,50.58347676419966,0.1254,224.4,530,530.0,2.304348,3.925926,2324,0.931459,230,0.25,0.030597,,,,,,,,,,,,,,,,,,,,,,,,,,,,,0.082601,47.0,0.104167,0.006722,,,,,48,,213.2,39,569,layer5_order_arrival_manifest_v1,True,203.9,8,,,,,,,,,,,,,,,,,,,,,,,,,,,,,,,,,,,,,,,,,15.3333,135,0.229167,0.023472,physical_only_legacy,2839,19,7,1.3403,1.0,0.0235,109.83,,4.3849
map20_r48_s4,high,937,PhaseC,1500,canonical_bfs_service_cell_v1,482,6.0373,2910,1500,63.6444,30.290895632864544,2.8422,44.829755736491485,0.1172,210.0,295,295.0,0.306334,0.318575,1351,0.518453,963,1.0,0.472528,482,,,,,,,,,,,,,combo,,,,,,,,,,,off,,0,0.0,0.912127,519.0,0.0625,0.003292,long_risk_6d_quantile_combo_v2,1497,2910,24.9266,48,all_idle,847.05,274,569,layer5_order_arrival_manifest_v1,True,641.4,245,,,,,,,,,,,,,,,,,,,,,,,,,,,,,,,0,0,2910,1.06141,0.428278,-0.01335,0.43848,0.825268,0.891069,0.957454,64.2,926,0.291667,0.147819,physical_only_legacy,18368,20,7,2.6491,1.0,0.1478,1128.4,3,5.0107
map20_r48_s4,high,937,ComboS1J1,1500,canonical_bfs_service_cell_v1,808,5.9257,4788,1500,114.5984,34.80340425531915,2.9485,49.117446808510635,0.1281,166.0,531,531.0,1.863158,2.615764,2350,0.933216,285,0.1875,0.032486,808,0.0,223,0.276,808,0.291247,0.0087,7,0.657359,9.676302,50,-1.487658,0.251918,combo,0.0,0,0.0,0,0.0,0.0,0.0,0.0,0,808,conversion,0.0,0,0.0,0.075571,43.0,0.104167,0.007708,long_risk_6d_quantile_combo_v2,1497,4788,24.8742,48,all_idle,138.45,38,569,layer5_order_arrival_manifest_v1,True,50.4,5,0.0444679655514673,False,0.270924185104516,61,915,False,True,609,25.078041673208205,False,True,0.07494843793565656,j_ascending,False,1497,28,7,7,5.034068136272545,WorldModelTaskAssigner.select_robots_unmodified,s1_within_context,True,phase_c_psi_dispatch_v1,0.15769607532799154,0.24582857242454598,0.6112224448897795,0,0,0.2194604541027481,1.0591133004926108,0,0,4788,1.128023,0.468764,-0.01335,0.479103,0.776029,0.849169,0.952775,19.0,203,0.145833,0.020306,physical_only_legacy,2994,16,7,1.3408,1.0,0.0203,257.56,3,4.293
map20_r48_s4,high,938,Greedy,1500,,,,,,,37.91132795927026,3.1499,52.07382265591854,0.1283,219.8,525,525.0,1.370757,1.732673,2357,0.930851,383,0.291667,0.044611,,,,,,,,,,,,,,,,,,,,,,,,,,,,,0.079787,45.0,0.104167,0.010319,,,,,48,,168.3,39,564,layer5_order_arrival_manifest_v1,False,183.0,6,,,,,,,,,,,,,,,,,,,,,,,,,,,,,,,,,,,,,,,,,25.5333,303,0.208333,0.024444,physical_only_legacy,4046,20,7,1.4547,1.0,0.0244,110.08,,4.4551
map20_r48_s4,high,938,Hungarian,1500,,,,,,,37.646067415730336,3.1443,51.78694900605013,0.1263,175.0,501,501.0,1.143836,1.522796,2314,0.888298,438,0.4375,0.056139,,,,,,,,,,,,,,,,,,,,,,,,,,,,,0.205674,116.0,0.083333,0.010153,,,,,48,,188.6,63,564,layer5_order_arrival_manifest_v1,True,149.4,53,,,,,,,,,,,,,,,,,,,,,,,,,,,,,,,,,,,,,,,,,29.2,329,0.1875,0.031903,physical_only_legacy,4289,19,7,1.5176,1.0,0.0319,150.75,,4.4891
map20_r48_s4,high,938,JSQ,1500,,,,,,,31.901123595505616,2.9693,45.784269662921346,0.1172,184.2,393,393.0,0.482801,0.511719,1780,0.696809,814,0.958333,0.318931,,,,,,,,,,,,,,,,,,,,,,,,,,,,,0.537234,303.0,0.104167,0.005431,,,,,48,,681.0,171,564,layer5_order_arrival_manifest_v1,True,475.05,132,,,,,,,,,,,,,,,,,,,,,,,,,,,,,,,,,,,,,,,,,54.2667,768,0.208333,0.075903,physical_only_legacy,14333,20,7,2.1073,1.0,0.0759,653.47,,4.7314
map20_r48_s4,high,938,PhaseC,1500,canonical_bfs_service_cell_v1,727,5.9862,4352,1500,93.7365,34.5261893320519,2.9085,48.875540605478136,0.1326,190.0,471,471.0,0.763371,0.907514,2081,0.835106,617,0.791667,0.163681,727,,,,,,,,,,,,,combo,,,,,,,,,,,off,,0,0.0,0.271277,153.0,0.104167,0.009014,long_risk_6d_quantile_combo_v2,1497,4352,24.85,48,all_idle,398.4,93,564,layer5_order_arrival_manifest_v1,True,306.15,60,,,,,,,,,,,,,,,,,,,,,,,,,,,,,,,0,0,4352,1.04074,0.478792,0.038713,0.450106,0.82663,0.88567,0.980356,41.1333,519,0.208333,0.034431,physical_only_legacy,8600,20,7,1.6886,1.0,0.0344,347.99,3,4.4655
map20_r48_s4,high,938,ComboS1J1,1500,canonical_bfs_service_cell_v1,802,6.2768,5034,1500,120.9005,34.96325118893212,2.8724,49.01859057501081,0.1253,191.8,522,522.0,1.66242,1.984791,2313,0.925532,314,0.375,0.046542,802,0.0,221,0.2756,802,0.281623,0.0062,5,0.680175,10.315486,50,-1.523947,0.277222,combo,0.0,0,0.0,0,0.0,0.0,0.0,0.0,0,802,conversion,0.0,0,0.0,0.083333,47.0,0.083333,0.008514,long_risk_6d_quantile_combo_v2,1497,5034,24.983,48,all_idle,165.2,42,564,layer5_order_arrival_manifest_v1,True,132.4,5,0.04863480299853924,False,0.26828075575540516,124,986,False,True,644,25.096537731877117,False,True,0.06926169490652812,j_ascending,False,1497,54,14,14,5.4769539078156315,WorldModelTaskAssigner.select_robots_unmodified,s1_within_context,True,phase_c_psi_dispatch_v1,0.15845777937697178,0.2369818384655228,0.6586506346025384,0,0,0.21845711010147423,1.0900621118012421,0,0,5034,1.070057,0.482759,0.066914,0.450885,0.833575,0.888737,0.97023,20.9333,263,0.166667,0.024444,physical_only_legacy,3457,20,7,1.3928,1.0,0.0244,324.19,3,4.2823
map20_r48_s4,high,939,Greedy,1500,,,,,,,27.517287234042552,2.6792,41.79122340425532,0.1374,204.4,155,155.0,0.119323,0.121664,752,0.290262,1299,1.0,0.731236,,,,,,,,,,,,,,,,,,,,,,,,,,,,,1.357678,725.0,0.083333,0.002194,,,,,48,,1206.3,379,534,layer5_order_arrival_manifest_v1,False,995.25,346,,,,,,,,,,,,,,,,,,,,,,,,,,,,,,,,,,,,,,,,,86.6,1274,0.229167,0.155681,physical_only_legacy,33092,18,7,3.3988,1.0,0.1557,756.58,,5.332
map20_r48_s4,high,939,Hungarian,1500,,,,,,,30.032208588957054,2.9005,43.94938650306749,0.0891,205.5,111,111.0,0.080435,0.081678,652,0.207865,1380,1.0,0.769222,,,,,,,,,,,,,,,,,,,,,,,,,,,,,1.550562,828.0,0.125,0.002764,,,,,48,,1220.7,423,534,layer5_order_arrival_manifest_v1,True,1169.4,405,,,,,,,,,,,,,,,,,,,,,,,,,,,,,,,,,,,,,,,,,92.0,1359,0.291667,0.176639,physical_only_legacy,34022,21,7,3.6295,1.0,0.1766,1719.99,,5.5308
map20_r48_s4,high,939,JSQ,1500,,,,,,,20.133333333333333,1.9401,33.88974358974359,0.1103,140.6,89,89.0,0.062107,0.062238,390,0.166667,1433,1.0,0.874167,,,,,,,,,,,,,,,,,,,,,,,,,,,,,1.602996,856.0,0.083333,0.002042,,,,,48,,1379.4,445,534,layer5_order_arrival_manifest_v1,True,1221.0,411,,,,,,,,,,,,,,,,,,,,,,,,,,,,,,,,,,,,,,,,,95.5333,1430,0.1875,0.121514,physical_only_legacy,43289,16,7,3.9501,1.0,0.1215,899.14,,5.1769
map20_r48_s4,high,939,PhaseC,1500,canonical_bfs_service_cell_v1,134,10.2836,1378,1500,29.8765,17.205211726384366,1.6321,30.879478827361563,0.1418,119.4,67,67.0,0.046952,0.046952,307,0.125468,1427,1.0,0.893069,134,,,,,,,,,,,,,combo,,,,,,,,,,,off,,0,0.0,1.685393,900.0,0.083333,0.001514,long_risk_6d_quantile_combo_v2,1497,1378,24.864,48,all_idle,1419.3,467,534,layer5_order_arrival_manifest_v1,True,1243.2,433,,,,,,,,,,,,,,,,,,,,,,,,,,,,,,,0,0,1378,1.089867,0.309672,0.060752,0.207994,0.778055,0.90311,1.012711,95.1333,1427,0.3125,0.259833,physical_only_legacy,34713,21,7,3.9605,1.0,0.2598,1780.43,3,5.1979
map20_r48_s4,high,939,ComboS1J1,1500,canonical_bfs_service_cell_v1,305,6.2787,1915,1500,105.6383,26.259756097560974,2.5743,40.40365853658537,0.1245,212.05,178,178.0,0.137664,0.139498,820,0.333333,1293,1.0,0.709167,305,0.0,117,0.3836,305,0.397394,0.0164,5,0.768568,12.268017,50,-1.011361,0.286267,combo,0.0,0,0.0,0,0.0,0.0,0.0,0.0,0,305,conversion,0.0,0,0.0,1.271536,679.0,0.083333,0.002444,long_risk_6d_quantile_combo_v2,1497,1915,24.7591,48,all_idle,1194.75,356,534,layer5_order_arrival_manifest_v1,True,1001.7,323,0.7361239264901535,False,0.8574485115098692,11781,12960,False,True,1272,24.32874537295656,False,True,-0.2931636669639189,j_ascending,False,1497,1097,78,80,1.1910487641950567,WorldModelTaskAssigner.select_robots_unmodified,s1_within_context,True,phase_c_psi_dispatch_v1,0.7967862190000193,0.6084327600153313,8.657314629258517,0,0,0.3988123440568876,2.639937106918239,0,0,1915,1.072108,0.429098,0.060752,0.270304,0.863188,0.909584,0.978773,86.2,1276,0.270833,0.189569,physical_only_legacy,29120,21,7,3.3953,1.0,0.1896,1256.52,3,5.2989
map20_r48_s4,high,940,Greedy,1500,,,,,,,35.68921389396709,2.9662,50.289305301645335,0.1234,191.9,523,523.0,1.24228,1.502874,2188,0.878992,421,0.9375,0.115569,,,,,,,,,,,,,,,,,,,,,,,,,,,,,0.184874,110.0,0.125,0.007542,,,,,48,,299.7,72,595,layer5_order_arrival_manifest_v1,False,200.25,38,,,,,,,,,,,,,,,,,,,,,,,,,,,,,,,,,,,,,,,,,28.0667,348,0.270833,0.051583,physical_only_legacy,4151,19,7,1.4879,1.0,0.0516,360.21,,4.402
map20_r48_s4,high,940,Hungarian,1500,,,,,,,33.65122156697557,2.9194,47.26284751474305,0.1262,143.55,570,570.0,1.965517,2.938144,2374,0.957983,290,0.229167,0.034847,,,,,,,,,,,,,,,,,,,,,,,,,,,,,0.042017,25.0,0.083333,0.008083,,,,,48,,111.0,25,595,layer5_order_arrival_manifest_v1,True,0.0,0,,,,,,,,,,,,,,,,,,,,,,,,,,,,,,,,,,,,,,,,,19.3333,194,0.166667,0.021153,physical_only_legacy,2945,19,7,1.3516,1.0,0.0212,76.56,,4.2829
map20_r48_s4,high,940,JSQ,1500,,,,,,,34.955422203171885,2.8904,49.35833690527218,0.1279,169.5,566,566.0,2.160305,3.162011,2333,0.951261,262,0.1875,0.029361,,,,,,,,,,,,,,,,,,,,,,,,,,,,,0.05042,30.0,0.083333,0.005639,,,,,48,,103.8,29,595,layer5_order_arrival_manifest_v1,True,12.0,1,,,,,,,,,,,,,,,,,,,,,,,,,,,,,,,,,,,,,,,,,17.4667,179,0.208333,0.016722,physical_only_legacy,2914,16,7,1.32,1.0,0.0167,81.26,,4.2499
map20_r48_s4,high,940,PhaseC,1500,canonical_bfs_service_cell_v1,465,6.1312,2851,1500,62.4372,29.254615384615384,2.6617,43.45538461538462,0.1264,232.8,303,303.0,0.307614,0.320635,1300,0.509244,985,1.0,0.5015,465,,,,,,,,,,,,,combo,,,,,,,,,,,off,,0,0.0,0.921008,548.0,0.104167,0.002847,long_risk_6d_quantile_combo_v2,1497,2851,24.7867,48,all_idle,909.9,292,595,layer5_order_arrival_manifest_v1,True,677.25,256,,,,,,,,,,,,,,,,,,,,,,,,,,,,,,,0,0,2851,1.01507,0.404454,0.036405,0.346116,0.796461,0.867528,0.934832,65.6667,945,0.145833,0.069097,physical_only_legacy,25299,16,7,2.6478,1.0,0.0691,683.1,3,4.8502
map20_r48_s4,high,940,ComboS1J1,1500,canonical_bfs_service_cell_v1,798,5.4749,4369,1500,110.0223,36.554310344827584,2.9258,50.83060344827586,0.1261,198.6,565,565.0,1.614286,2.032374,2320,0.94958,350,0.208333,0.040361,798,0.0,223,0.2794,798,0.288232,0.0063,5,0.681926,10.353333,50,-1.300829,0.235276,combo,0.0,0,0.0,0,0.0,0.0,0.0,0.0,0,798,conversion,0.0,0,0.0,0.055462,33.0,0.104167,0.009403,long_risk_6d_quantile_combo_v2,1497,4369,24.8077,48,all_idle,180.0,30,595,layer5_order_arrival_manifest_v1,True,113.7,3,0.07157533652712947,False,0.28033629822444084,88,1037,False,True,704,24.774150596137837,False,True,0.06068510479888606,j_ascending,False,1497,40,12,12,4.859051436205744,WorldModelTaskAssigner.select_robots_unmodified,s1_within_context,True,phase_c_psi_dispatch_v1,0.1759558173757845,0.25310411040734937,0.6927187708750835,0,0,0.22017773394198978,1.140625,0,0,4369,1.043025,0.482902,0.026121,0.499783,0.814795,0.86704,0.930784,23.3333,278,0.125,0.022486,physical_only_legacy,3782,18,7,1.4194,1.0,0.0225,270.28,3,4.3212
map20_r48_s4,high,941,Greedy,1500,,,,,,,23.794701986754966,2.2877,37.75165562913907,0.1256,171.0,131,131.0,0.097325,0.099017,604,0.243494,1346,1.0,0.788931,,,,,,,,,,,,,,,,,,,,,,,,,,,,,1.460967,786.0,0.0625,0.001444,,,,,48,,1277.4,407,538,layer5_order_arrival_manifest_v1,False,1080.3,379,,,,,,,,,,,,,,,,,,,,,,,,,,,,,,,,,,,,,,,,,89.7333,1323,0.1875,0.131194,physical_only_legacy,37719,20,7,3.5835,1.0,0.1312,1209.61,,5.1925
map20_r48_s4,high,941,Hungarian,1500,,,,,,,28.50516795865633,2.742,42.10594315245478,0.1294,127.0,514,514.0,6.119048,7.041096,2322,0.95539,84,0.145833,0.011819,,,,,,,,,,,,,,,,,,,,,,,,,,,,,0.04461,24.0,0.0625,0.004069,,,,,48,,82.65,24,538,layer5_order_arrival_manifest_v1,True,0.0,0,,,,,,,,,,,,,,,,,,,,,,,,,,,,,,,,,,,,,,,,,5.6,73,0.145833,0.01275,physical_only_legacy,1214,16,7,1.1098,1.0,0.0128,68.66,,4.068
map20_r48_s4,high,941,JSQ,1500,,,,,,,22.282517482517484,2.1988,37.27272727272727,0.1126,163.9,142,142.0,0.106049,0.107332,715,0.263941,1339,1.0,0.758014,,,,,,,,,,,,,,,,,,,,,,,,,,,,,1.412639,760.0,0.0625,0.001375,,,,,48,,1282.5,396,538,layer5_order_arrival_manifest_v1,True,1076.55,364,,,,,,,,,,,,,,,,,,,,,,,,,,,,,,,,,,,,,,,,,89.2667,1323,0.1875,0.13125,physical_only_legacy,35496,20,7,3.4374,1.0,0.1312,1231.79,,5.062
map20_r48_s4,high,941,PhaseC,1500,canonical_bfs_service_cell_v1,773,11.1759,8639,1500,173.4301,30.841129744042366,2.9034,44.705648720211826,0.1306,155.35,514,514.0,2.763441,4.247934,2266,0.95539,186,0.229167,0.025792,773,,,,,,,,,,,,,combo,,,,,,,,,,,off,,0,0.0,0.04461,24.0,0.083333,0.005667,long_risk_6d_quantile_combo_v2,1497,8639,24.8164,48,all_idle,86.55,24,538,layer5_order_arrival_manifest_v1,True,0.0,0,,,,,,,,,,,,,,,,,,,,,,,,,,,,,,,0,0,8639,1.027953,0.48298,0.029707,0.467545,0.786078,0.849977,0.931591,12.4,121,0.166667,0.023847,physical_only_legacy,1890,19,7,1.2102,1.0,0.0238,417.78,3,4.2112
map20_r48_s4,high,941,ComboS1J1,1500,canonical_bfs_service_cell_v1,780,11.7923,9198,1500,193.7168,29.943810359964882,2.8233,43.359086918349426,0.1301,163.0,511,511.0,4.154472,7.514706,2278,0.949814,123,0.208333,0.019417,780,0.0,173,0.2218,780,0.227128,0.0128,10,0.653635,8.120363,50,-2.361927,0.194207,combo,0.0,0,0.0,0,0.0,0.0,0.0,0.0,0,780,conversion,0.0,0,0.0,0.052045,28.0,0.104167,0.006014,long_risk_6d_quantile_combo_v2,1497,9198,24.7869,48,all_idle,97.2,27,538,layer5_order_arrival_manifest_v1,True,72.0,1,0.02783218486777203,False,0.23455262501559082,22,810,False,True,544,24.961371842758073,False,True,0.0908735751503321,j_ascending,False,1497,8,2,2,10.822311289245157,WorldModelTaskAssigner.select_robots_unmodified,s1_within_context,True,phase_c_psi_dispatch_v1,0.13119240494168144,0.22283093546873625,0.5410821643286573,0,0,0.22130102471528965,1.0386029411764706,0,0,9198,1.044752,0.478885,0.029707,0.468655,0.733016,0.827299,0.931335,8.2,68,0.270833,0.020097,physical_only_legacy,1646,19,7,1.1965,1.0,0.0201,410.75,3,4.1601
map20_r48_s4,high,942,Greedy,1500,,,,,,,32.68683510638298,2.9175,46.693484042553195,0.1278,195.5,331,331.0,0.379587,0.402187,1504,0.624528,872,1.0,0.402097,,,,,,,,,,,,,,,,,,,,,,,,,,,,,0.690566,366.0,0.125,0.006625,,,,,48,,747.3,199,530,layer5_order_arrival_manifest_v1,False,506.4,167,,,,,,,,,,,,,,,,,,,,,,,,,,,,,,,,,,,,,,,,,58.1333,823,0.25,0.109722,physical_only_legacy,17524,20,7,2.4413,1.0,0.1097,587.64,,4.917
map20_r48_s4,high,942,Hungarian,1500,,,,,,,25.38235294117647,2.4604,38.9204152249135,0.1155,125.05,260,260.0,0.239411,0.246679,1156,0.490566,1086,1.0,0.576292,,,,,,,,,,,,,,,,,,,,,,,,,,,,,0.950943,504.0,0.104167,0.002625,,,,,48,,1008.3,270,530,layer5_order_arrival_manifest_v1,True,682.05,234,,,,,,,,,,,,,,,,,,,,,,,,,,,,,,,,,,,,,,,,,72.4,1054,0.1875,0.104833,physical_only_legacy,27059,17,7,2.8788,1.0,0.1048,953.72,,4.8899
map20_r48_s4,high,942,JSQ,1500,,,,,,,31.4980959634425,2.836,45.15841584158416,0.1144,177.5,306,306.0,0.325879,0.337748,1313,0.577358,939,1.0,0.455611,,,,,,,,,,,,,,,,,,,,,,,,,,,,,0.779245,413.0,0.083333,0.004514,,,,,48,,742.2,224,530,layer5_order_arrival_manifest_v1,True,574.8,189,,,,,,,,,,,,,,,,,,,,,,,,,,,,,,,,,,,,,,,,,62.6,906,0.208333,0.102667,physical_only_legacy,16654,19,7,2.12,1.0,0.1027,975.75,,4.6951
map20_r48_s4,high,942,PhaseC,1500,canonical_bfs_service_cell_v1,773,9.9625,7701,1500,156.3854,31.749339207048457,2.7554,45.98237885462555,0.1346,151.65,508,508.0,1.902622,3.235669,2270,0.958491,267,0.166667,0.027542,773,,,,,,,,,,,,,combo,,,,,,,,,,,off,,0,0.0,0.041509,22.0,0.083333,0.005875,long_risk_6d_quantile_combo_v2,1497,7701,24.8422,48,all_idle,80.4,22,530,layer5_order_arrival_manifest_v1,True,0.0,0,,,,,,,,,,,,,,,,,,,,,,,,,,,,,,,0,0,7701,1.051242,0.465362,0.010412,0.459834,0.780173,0.855657,0.926421,17.8,157,0.145833,0.017486,physical_only_legacy,2511,17,7,1.2451,1.0,0.0175,314.07,3,4.1523
map20_r48_s4,high,942,ComboS1J1,1500,canonical_bfs_service_cell_v1,473,7.0085,3315,1500,121.9206,24.845283018867924,2.4195,39.324528301886794,0.113,234.55,290,290.0,0.258698,0.2723,1325,0.54717,1121,0.916667,0.518444,473,0.0,195,0.4123,473,0.419076,0.0148,7,0.726075,11.93319,50,-1.179521,0.159429,combo,0.0,0,0.0,0,0.0,0.0,0.0,0.0,0,473,conversion,0.0,0,0.0,0.837736,444.0,0.104167,0.004778,long_risk_6d_quantile_combo_v2,1497,3315,24.746,48,all_idle,1011.7,240,530,layer5_order_arrival_manifest_v1,True,772.65,204,0.6601268738581861,False,0.7977230024961989,7995,9510,False,True,1162,24.380164118339394,False,True,-0.2202089405829957,j_ascending,False,1497,820,102,107,3.571810287241149,WorldModelTaskAssigner.select_robots_unmodified,s1_within_context,True,phase_c_psi_dispatch_v1,0.7289249381772025,0.6241179546958264,6.352705410821644,0,0,0.3933140404925894,2.142857142857143,0,0,3315,1.064435,0.442291,0.010412,0.397395,0.838062,0.898687,0.963788,74.7333,1065,0.208333,0.118694,physical_only_legacy,21975,18,7,2.6055,1.0,0.1187,975.71,3,4.7441
map20_r48_s4,high,943,Greedy,1500,,,,,,,37.367094206103495,3.2839,51.69880583812473,0.1252,210.6,518,518.0,0.883959,1.011719,2261,0.908772,586,0.666667,0.107833,,,,,,,,,,,,,,,,,,,,,,,,,,,,,0.117544,67.0,0.083333,0.010819,,,,,48,,340.95,52,570,layer5_order_arrival_manifest_v1,False,308.7,15,,,,,,,,,,,,,,,,,,,,,,,,,,,,,,,,,,,,,,,,,39.0667,512,0.166667,0.040014,physical_only_legacy,6155,18,7,1.5901,1.0,0.04,227.72,,4.6022
map20_r48_s4,high,943,Hungarian,1500,,,,,,,31.81448467966574,3.1134,45.594986072423396,0.132,162.05,400,400.0,0.449944,0.485437,1795,0.701754,889,0.895833,0.331556,,,,,,,,,,,,,,,,,,,,,,,,,,,,,0.545614,311.0,0.083333,0.005972,,,,,48,,657.9,170,570,layer5_order_arrival_manifest_v1,True,411.0,141,,,,,,,,,,,,,,,,,,,,,,,,,,,,,,,,,,,,,,,,,59.2667,824,0.145833,0.05025,physical_only_legacy,16951,18,7,2.1972,1.0,0.0503,381.24,,4.8375
map20_r48_s4,high,943,JSQ,1500,,,,,,,34.815471045808124,3.0677,48.45375972342264,0.1248,159.2,539,539.0,1.716561,2.138889,2314,0.945614,314,0.520833,0.041042,,,,,,,,,,,,,,,,,,,,,,,,,,,,,0.05614,32.0,0.083333,0.008694,,,,,48,,142.5,31,570,layer5_order_arrival_manifest_v1,True,3.0,1,,,,,,,,,,,,,,,,,,,,,,,,,,,,,,,,,,,,,,,,,20.9333,252,0.1875,0.028486,physical_only_legacy,3193,20,7,1.3978,1.0,0.0285,151.73,,4.3861
map20_r48_s4,high,943,PhaseC,1500,canonical_bfs_service_cell_v1,297,6.4579,1918,1500,42.3862,25.47924528301887,2.4782,39.422641509433966,0.1374,199.45,174,174.0,0.136471,0.136471,795,0.305263,1275,1.0,0.723333,297,,,,,,,,,,,,,combo,,,,,,,,,,,off,,0,0.0,1.335088,761.0,0.083333,0.001861,long_risk_6d_quantile_combo_v2,1497,1918,24.8536,48,all_idle,1128.0,396,570,layer5_order_arrival_manifest_v1,True,1000.6,365,,,,,,,,,,,,,,,,,,,,,,,,,,,,,,,0,0,1918,1.014698,0.349144,0.01131,0.168568,0.834587,0.876625,0.950439,85.0,1275,0.166667,0.073722,physical_only_legacy,37186,14,7,3.3655,1.0,0.0737,866.7,3,5.1329
map20_r48_s4,high,943,ComboS1J1,1500,canonical_bfs_service_cell_v1,610,5.5475,3384,1500,109.6293,32.817867435158504,3.1137,47.30259365994236,0.1305,256.55,392,392.0,0.528302,0.54902,1735,0.687719,742,1.0,0.326681,610,0.0,199,0.3262,610,0.343834,0.0033,2,0.682388,10.690734,50,-1.222254,0.221334,combo,0.0,0,0.0,0,0.0,0.0,0.0,0.0,0,610,conversion,0.0,0,0.0,0.561404,320.0,0.083333,0.004625,long_risk_6d_quantile_combo_v2,1497,3384,24.8667,48,all_idle,652.8,178,570,layer5_order_arrival_manifest_v1,True,473.85,142,0.4149801386073839,False,0.650921820343729,1949,3040,False,True,945,24.498836000366186,False,True,-0.10999226931666384,j_ascending,False,1497,458,66,66,2.8570474281897127,WorldModelTaskAssigner.select_robots_unmodified,s1_within_context,True,phase_c_psi_dispatch_v1,0.5329509794755568,0.502308928892384,2.0307281229124916,0,0,0.34360849142540245,1.6497354497354497,0,0,3384,1.078434,0.471109,0.038835,0.501454,0.836364,0.900522,0.971505,49.4667,714,0.208333,0.058819,physical_only_legacy,15953,17,7,2.1266,1.0,0.0588,748.39,3,4.8095
map20_r48_s4,high,944,Greedy,1500,,,,,,,21.62769784172662,2.0285,35.21582733812949,0.1617,156.0,101,101.0,0.077395,0.077395,556,0.196881,1305,1.0,0.790764,,,,,,,,,,,,,,,,,,,,,,,,,,,,,1.538012,789.0,0.0625,0.001167,,,,,48,,1264.35,412,513,layer5_order_arrival_manifest_v1,False,1075.2,377,,,,,,,,,,,,,,,,,,,,,,,,,,,,,,,,,,,,,,,,,87.0,1305,0.229167,0.148736,physical_only_legacy,36461,16,7,3.5826,1.0,0.1487,1410.16,,5.1159
map20_r48_s4,high,944,Hungarian,1500,,,,,,,28.095736122284794,2.8054,41.49959774738536,0.1125,169.4,277,277.0,0.244268,0.252277,1243,0.539961,1134,1.0,0.528139,,,,,,,,,,,,,,,,,,,,,,,,,,,,,0.836257,429.0,0.104167,0.005819,,,,,48,,923.25,236,513,layer5_order_arrival_manifest_v1,True,568.8,193,,,,,,,,,,,,,,,,,,,,,,,,,,,,,,,,,,,,,,,,,75.6,1098,0.1875,0.080236,physical_only_legacy,26396,18,7,2.7898,1.0,0.0802,790.45,,4.9904
map20_r48_s4,high,944,JSQ,1500,,,,,,,27.96472743930371,2.6879,41.20613834173156,0.1381,154.2,489,489.0,2.126087,3.0,2183,0.953216,230,0.229167,0.034444,,,,,,,,,,,,,,,,,,,,,,,,,,,,,0.046784,24.0,0.083333,0.005625,,,,,48,,80.55,24,513,layer5_order_arrival_manifest_v1,True,0.0,0,,,,,,,,,,,,,,,,,,,,,,,,,,,,,,,,,,,,,,,,,15.3333,163,0.208333,0.026319,physical_only_legacy,2064,19,7,1.1655,1.0,0.0263,133.36,,4.0911
map20_r48_s4,high,944,PhaseC,1500,canonical_bfs_service_cell_v1,748,12.4104,9283,1500,184.6294,30.558363970588236,2.9179,44.021599264705884,0.1367,184.7,487,487.0,1.367978,1.565916,2176,0.949318,356,0.291667,0.042708,748,,,,,,,,,,,,,combo,,,,,,,,,,,off,,0,0.0,0.050682,26.0,0.104167,0.007708,long_risk_6d_quantile_combo_v2,1497,9283,24.7545,48,all_idle,116.25,26,513,layer5_order_arrival_manifest_v1,True,0.0,0,,,,,,,,,,,,,,,,,,,,,,,,,,,,,,,0,0,9283,1.115658,0.440144,-0.005526,0.405798,0.757366,0.839676,0.946961,23.7333,311,0.25,0.025361,physical_only_legacy,3433,21,7,1.3246,1.0,0.0254,399.96,3,4.2833
map20_r48_s4,high,944,ComboS1J1,1500,canonical_bfs_service_cell_v1,737,12.3243,9083,1500,189.7162,32.125,2.9736,45.19309701492537,0.1316,178.2,485,485.0,1.24359,1.616667,2144,0.945419,390,0.270833,0.045833,737,0.0,219,0.2972,737,0.305369,0.0095,7,0.6932,9.027246,50,-2.376913,0.21886,combo,0.0,0,0.0,0,0.0,0.0,0.0,0.0,0,737,conversion,0.0,0,0.0,0.054581,28.0,0.125,0.011931,long_risk_6d_quantile_combo_v2,1497,9083,24.7567,48,all_idle,126.9,28,513,layer5_order_arrival_manifest_v1,True,0.0,0,0.02625987676582175,False,0.23583861838516337,10,752,False,True,520,25.1064390481378,False,True,0.08957964369724582,j_ascending,False,1497,2,1,1,11.492317969271877,WorldModelTaskAssigner.select_robots_unmodified,s1_within_context,True,phase_c_psi_dispatch_v1,0.13104924757549252,0.214600943467342,0.5023380093520374,0,0,0.22665683907813372,1.025,0,0,9083,1.124583,0.468953,-0.005526,0.437123,0.799941,0.890539,0.996932,26.0,300,0.229167,0.029792,physical_only_legacy,3621,21,7,1.4203,1.0,0.0298,417.61,3,4.3584
map20_r48_s4,high,945,Greedy,1500,,,,,,,37.19775280898877,3.1994,51.72977528089888,0.121,214.05,400,400.0,0.485437,0.527009,1780,0.731261,824,1.0,0.291194,,,,,,,,,,,,,,,,,,,,,,,,,,,,,0.480804,263.0,0.104167,0.008944,,,,,48,,581.1,147,547,layer5_order_arrival_manifest_v1,False,417.75,116,,,,,,,,,,,,,,,,,,,,,,,,,,,,,,,,,,,,,,,,,54.9333,759,0.3125,0.06675,physical_only_legacy,14506,21,7,2.1292,1.0,0.0667,444.94,,4.8521
map20_r48_s4,high,945,Hungarian,1500,,,,,,,31.29527559055118,2.9525,45.24015748031496,0.1028,202.05,350,350.0,0.376344,0.394589,1524,0.639854,930,0.979167,0.420653,,,,,,,,,,,,,,,,,,,,,,,,,,,,,0.654479,358.0,0.104167,0.006458,,,,,48,,777.6,197,547,layer5_order_arrival_manifest_v1,True,555.0,161,,,,,,,,,,,,,,,,,,,,,,,,,,,,,,,,,,,,,,,,,62.0,887,0.270833,0.103972,physical_only_legacy,18635,19,7,2.4852,1.0,0.104,842.11,,4.9257
map20_r48_s4,high,945,JSQ,1500,,,,,,,37.266637089618456,3.0504,51.338952972493345,0.1241,171.05,520,520.0,1.108742,1.677419,2254,0.95064,469,0.25,0.048694,,,,,,,,,,,,,,,,,,,,,,,,,,,,,0.051188,28.0,0.125,0.010875,,,,,48,,109.2,27,547,layer5_order_arrival_manifest_v1,True,36.0,1,,,,,,,,,,,,,,,,,,,,,,,,,,,,,,,,,,,,,,,,,31.2667,310,0.1875,0.028514,physical_only_legacy,4196,18,7,1.4915,1.0,0.0285,124.45,,4.4236
map20_r48_s4,high,945,PhaseC,1500,canonical_bfs_service_cell_v1,495,6.6404,3287,1500,70.1016,34.54493170381021,2.9692,48.466570812365205,0.1218,184.5,311,311.0,0.361208,0.391195,1391,0.568556,861,1.0,0.424236,495,,,,,,,,,,,,,combo,,,,,,,,,,,off,,0,0.0,0.79159,433.0,0.104167,0.007847,long_risk_6d_quantile_combo_v2,1497,3287,24.8403,48,all_idle,673.25,236,547,layer5_order_arrival_manifest_v1,True,561.6,197,,,,,,,,,,,,,,,,,,,,,,,,,,,,,,,0,0,3287,1.022174,0.417071,0.019517,0.418471,0.792386,0.863248,0.94959,57.4,795,0.208333,0.086875,physical_only_legacy,16120,20,7,1.9751,1.0,0.0869,762.98,3,4.6809
map20_r48_s4,high,945,ComboS1J1,1500,canonical_bfs_service_cell_v1,520,5.6038,2914,1500,104.5342,31.752901023890786,2.9136,46.043003412969284,0.1156,179.1,335,335.0,0.356004,0.37514,1465,0.612431,941,1.0,0.432458,520,0.0,196,0.3769,520,0.390829,0.0096,5,0.711283,11.068089,50,-1.154477,0.204203,combo,0.0,0,0.0,0,0.0,0.0,0.0,0.0,0,520,conversion,0.0,0,0.0,0.703839,385.0,0.104167,0.007292,long_risk_6d_quantile_combo_v2,1497,2914,24.8266,48,all_idle,847.5,212,547,layer5_order_arrival_manifest_v1,True,618.0,173,0.6062946349964545,False,0.7489180393240112,3214,5335,False,True,976,24.51741865733028,False,True,-0.1750707238126017,j_ascending,False,1497,576,51,51,2.8490313961255844,WorldModelTaskAssigner.select_robots_unmodified,s1_within_context,True,phase_c_psi_dispatch_v1,0.6776063371602312,0.6239319338319228,3.5637942551770205,0,0,0.38113929286333814,1.4077868852459017,0,0,2914,1.075747,0.417961,0.002006,0.400308,0.846568,0.89661,0.964943,62.7333,893,0.1875,0.088375,physical_only_legacy,20471,20,7,2.5236,1.0,0.0884,784.55,3,4.9226
map20_r48_s4,high,946,Greedy,1500,,,,,,,27.572956455309395,2.7465,42.011459129106186,0.1291,238.3,275,275.0,0.236865,0.238923,1309,0.505515,1161,0.958333,0.546847,,,,,,,,,,,,,,,,,,,,,,,,,,,,,0.930147,506.0,0.083333,0.003931,,,,,48,,1057.8,269,544,layer5_order_arrival_manifest_v1,False,915.6,237,,,,,,,,,,,,,,,,,,,,,,,,,,,,,,,,,,,,,,,,,77.4,1151,0.208333,0.11,physical_only_legacy,24450,18,7,2.7396,1.0,0.11,703.84,,4.9822
map20_r48_s4,high,946,Hungarian,1500,,,,,,,36.365280289330926,3.219,50.225135623869804,0.1274,165.0,506,506.0,0.996063,1.2019,2212,0.930147,508,0.583333,0.076028,,,,,,,,,,,,,,,,,,,,,,,,,,,,,0.073529,40.0,0.125,0.012403,,,,,48,,243.45,38,544,layer5_order_arrival_manifest_v1,True,8.7,2,,,,,,,,,,,,,,,,,,,,,,,,,,,,,,,,,,,,,,,,,33.8667,421,0.291667,0.039417,physical_only_legacy,4836,20,7,1.5755,1.0,0.0394,195.09,,4.5641
map20_r48_s4,high,946,JSQ,1500,,,,,,,23.429569266589056,2.349,37.741559953434226,0.1332,177.4,173,173.0,0.137193,0.138956,859,0.318015,1261,0.958333,0.711014,,,,,,,,,,,,,,,,,,,,,,,,,,,,,1.306985,711.0,0.083333,0.001125,,,,,48,,1213.5,371,544,layer5_order_arrival_manifest_v1,True,1035.3,340,,,,,,,,,,,,,,,,,,,,,,,,,,,,,,,,,,,,,,,,,84.0667,1245,0.145833,0.089347,physical_only_legacy,35503,14,7,3.2639,1.0,0.0893,821.13,,5.029
map20_r48_s4,high,946,PhaseC,1500,canonical_bfs_service_cell_v1,748,10.004,7483,1500,152.0687,32.8092807424594,3.005,46.57308584686775,0.1299,159.8,505,505.0,1.311688,1.877323,2155,0.928309,385,0.541667,0.068681,748,,,,,,,,,,,,,combo,,,,,,,,,,,off,,0,0.0,0.075368,41.0,0.083333,0.008042,long_risk_6d_quantile_combo_v2,1497,7483,24.8261,48,all_idle,192.9,39,544,layer5_order_arrival_manifest_v1,True,20.4,2,,,,,,,,,,,,,,,,,,,,,,,,,,,,,,,0,0,7483,1.04782,0.587458,0.035388,0.61857,0.882911,0.927181,0.987399,25.6667,269,0.166667,0.03475,physical_only_legacy,3571,18,7,1.3784,1.0,0.0347,493.33,3,4.3564
map20_r48_s4,high,946,ComboS1J1,1500,canonical_bfs_service_cell_v1,753,9.6853,7293,1500,158.7204,34.06599908966773,3.05,47.83659535730542,0.1321,161.0,515,515.0,1.52819,2.452381,2197,0.946691,337,0.1875,0.033972,753,0.0,173,0.2297,753,0.245732,0.0133,10,0.683646,9.553779,50,-2.054977,0.242466,combo,0.0,0,0.0,0,0.0,0.0,0.0,0.0,0,753,conversion,0.0,0,0.0,0.053309,29.0,0.083333,0.008694,long_risk_6d_quantile_combo_v2,1497,7293,24.8033,48,all_idle,109.2,29,544,layer5_order_arrival_manifest_v1,True,0.0,0,0.029329844422871697,False,0.21314500382766252,36,813,False,True,568,24.80428134465039,False,True,0.10542984111293435,j_ascending,False,1497,12,4,4,8.780227120908483,WorldModelTaskAssigner.select_robots_unmodified,s1_within_context,True,phase_c_psi_dispatch_v1,0.12123742412526728,0.23602417831482117,0.5430861723446894,0,0,0.21731035216158168,1.0528169014084507,0,0,7293,1.044858,0.505334,0.010096,0.505576,0.792388,0.888559,0.96989,22.4667,210,0.166667,0.021069,physical_only_legacy,3170,18,7,1.3947,1.0,0.0211,326.4,3,4.3755
map20_r48_s4,high,947,Greedy,1500,,,,,,,32.37579617834395,3.0577,46.939490445859875,0.1212,227.85,344,344.0,0.369892,0.391354,1570,0.625455,930,0.9375,0.404083,,,,,,,,,,,,,,,,,,,,,,,,,,,,,0.696364,383.0,0.104167,0.006639,,,,,48,,772.5,206,550,layer5_order_arrival_manifest_v1,False,549.6,177,,,,,,,,,,,,,,,,,,,,,,,,,,,,,,,,,,,,,,,,,62.0,879,0.270833,0.116097,physical_only_legacy,16994,19,7,2.4164,1.0,0.1161,939.01,,4.9744
map20_r48_s4,high,947,Hungarian,1500,,,,,,,31.811033883579498,3.0244,45.631190269331015,0.1261,137.0,520,520.0,1.992337,2.826087,2302,0.945455,261,0.208333,0.028528,,,,,,,,,,,,,,,,,,,,,,,,,,,,,0.054545,30.0,0.083333,0.00625,,,,,48,,102.3,30,550,layer5_order_arrival_manifest_v1,True,0.0,0,,,,,,,,,,,,,,,,,,,,,,,,,,,,,,,,,,,,,,,,,17.4,184,0.208333,0.017042,physical_only_legacy,2594,18,7,1.2697,1.0,0.017,80.73,,4.2902
map20_r48_s4,high,947,JSQ,1500,,,,,,,33.74988933156264,3.0625,47.90438247011952,0.1356,177.0,520,520.0,1.850534,2.251082,2259,0.945455,281,0.25,0.035472,,,,,,,,,,,,,,,,,,,,,,,,,,,,,0.054545,30.0,0.083333,0.008444,,,,,48,,106.65,30,550,layer5_order_arrival_manifest_v1,True,0.0,0,,,,,,,,,,,,,,,,,,,,,,,,,,,,,,,,,,,,,,,,,18.7333,231,0.145833,0.024569,physical_only_legacy,3195,19,7,1.3644,1.0,0.0246,133.14,,4.3736
map20_r48_s4,high,947,PhaseC,1500,canonical_bfs_service_cell_v1,343,6.0262,2067,1500,46.1546,25.320128479657388,2.5091,39.94860813704497,0.1465,360.65,204,204.0,0.166259,0.170569,934,0.370909,1227,1.0,0.661181,343,,,,,,,,,,,,,combo,,,,,,,,,,,off,,0,0.0,1.194545,657.0,0.104167,0.003264,long_risk_6d_quantile_combo_v2,1497,2067,24.9134,48,all_idle,1170.0,346,550,layer5_order_arrival_manifest_v1,True,925.5,311,,,,,,,,,,,,,,,,,,,,,,,,,,,,,,,0,0,2067,1.074278,0.376757,0.050623,0.219947,0.859159,0.907435,0.977691,81.8,1196,0.208333,0.136389,physical_only_legacy,29318,16,7,3.1044,1.0,0.1364,982.78,3,5.0896
map20_r48_s4,high,947,ComboS1J1,1500,canonical_bfs_service_cell_v1,553,5.3309,2948,1500,106.6874,30.879872204472843,3.0044,45.26837060702876,0.1191,200.2,369,369.0,0.418842,0.431075,1565,0.670909,881,0.958333,0.399833,553,0.0,195,0.3526,553,0.36182,0.0036,2,0.714764,11.732513,50,-1.050252,0.264191,combo,0.0,0,0.0,0,0.0,0.0,0.0,0.0,0,553,conversion,0.0,0,0.0,0.598182,329.0,0.104167,0.004931,long_risk_6d_quantile_combo_v2,1497,2948,24.8826,48,all_idle,849.0,181,550,layer5_order_arrival_manifest_v1,True,690.9,148,0.480361893980488,False,0.6914100264269913,3784,5161,False,True,1089,24.357144160690495,False,True,-0.0359409388103431,j_ascending,False,1497,675,109,115,2.8750835003340014,WorldModelTaskAssigner.select_robots_unmodified,s1_within_context,True,phase_c_psi_dispatch_v1,0.5858859602037395,0.6753661674738791,3.447561790247161,0,0,0.42452387531291397,1.758494031221304,0,0,2948,1.077078,0.451619,0.050048,0.467479,0.851615,0.906904,0.98062,58.7333,856,0.333333,0.133306,physical_only_legacy,14311,20,7,2.3148,1.0,0.1333,962.01,3,4.9121
map20_r48_s4,high,948,Greedy,1500,,,,,,,22.50865800865801,2.1438,36.865800865800864,0.1348,235.2,93,93.0,0.070083,0.070348,462,0.173184,1327,1.0,0.828722,,,,,,,,,,,,,,,,,,,,,,,,,,,,,1.588454,853.0,0.0625,0.000639,,,,,48,,1331.55,444,537,layer5_order_arrival_manifest_v1,False,1165.8,409,,,,,,,,,,,,,,,,,,,,,,,,,,,,,,,,,,,,,,,,,88.4667,1322,0.354167,0.258486,physical_only_legacy,31267,21,7,3.5856,1.0,0.2585,2408.98,,5.258
map20_r48_s4,high,948,Hungarian,1500,,,,,,,25.34433962264151,2.4634,39.136792452830186,0.1088,214.0,91,91.0,0.069732,0.070162,636,0.16946,1305,1.0,0.773819,,,,,,,,,,,,,,,,,,,,,,,,,,,,,1.61825,869.0,0.083333,0.001972,,,,,48,,1301.25,446,537,layer5_order_arrival_manifest_v1,True,1226.7,423,,,,,,,,,,,,,,,,,,,,,,,,,,,,,,,,,,,,,,,,,87.0,1297,0.291667,0.215181,physical_only_legacy,31435,20,7,3.5382,1.0,0.2152,1634.63,,5.3248
map20_r48_s4,high,948,JSQ,1500,,,,,,,32.7194043741275,3.0394,46.214983713355046,0.1281,209.0,513,513.0,1.158014,1.453258,2149,0.955307,443,0.333333,0.052875,,,,,,,,,,,,,,,,,,,,,,,,,,,,,0.044693,24.0,0.083333,0.006972,,,,,48,,143.4,24,537,layer5_order_arrival_manifest_v1,True,0.0,0,,,,,,,,,,,,,,,,,,,,,,,,,,,,,,,,,,,,,,,,,29.5333,353,0.208333,0.023458,physical_only_legacy,4107,20,7,1.427,1.0,0.0235,114.05,,4.3847
map20_r48_s4,high,948,PhaseC,1500,canonical_bfs_service_cell_v1,208,7.3558,1530,1500,33.6712,23.977315689981097,2.2735,38.48960302457467,0.1043,204.7,108,108.0,0.080717,0.081142,529,0.201117,1338,1.0,0.801347,208,,,,,,,,,,,,,combo,,,,,,,,,,,off,,0,0.0,1.536313,825.0,0.083333,0.002236,long_risk_6d_quantile_combo_v2,1497,1530,24.8208,48,all_idle,1327.0,429,537,layer5_order_arrival_manifest_v1,True,1161.75,396,,,,,,,,,,,,,,,,,,,,,,,,,,,,,,,0,0,1530,1.055431,0.228357,-0.063025,0.156054,0.653354,0.877502,1.000155,89.2,1331,0.375,0.294986,physical_only_legacy,26135,24,7,3.456,1.0,0.295,1897.57,3,5.264
map20_r48_s4,high,948,ComboS1J1,1500,canonical_bfs_service_cell_v1,723,12.4371,8992,1500,193.1894,32.81374407582938,3.1981,46.67962085308057,0.1297,242.4,513,513.0,1.449153,1.598131,2110,0.955307,354,0.416667,0.060611,723,0.0,179,0.2476,723,0.26126,0.0041,3,0.676791,9.148029,50,-2.253408,0.163085,combo,0.0,0,0.0,0,0.0,0.0,0.0,0.0,0,723,conversion,0.0,0,0.0,0.044693,24.0,0.083333,0.007417,long_risk_6d_quantile_combo_v2,1497,8992,24.8327,48,all_idle,118.5,24,537,layer5_order_arrival_manifest_v1,True,0.0,0,0.09008760061697987,False,0.31867928377015103,190,1018,False,True,654,24.38077463879498,False,True,0.0386144858852584,j_ascending,False,1497,80,19,19,11.392117568470274,WorldModelTaskAssigner.select_robots_unmodified,s1_within_context,True,phase_c_psi_dispatch_v1,0.20438344219356527,0.24317890112352336,0.6800267201068805,0,0,0.24281695503412154,1.198776758409786,0,0,8992,1.067298,0.46289,-0.063025,0.446282,0.760767,0.846403,0.953967,23.6,321,0.208333,0.025681,physical_only_legacy,4095,21,7,1.4044,1.0,0.0257,439.72,3,4.4566
map20_r48_s4,high,949,Greedy,1500,,,,,,,31.563225412339644,3.0138,46.21075137446549,0.1176,255.3,360,360.0,0.430108,0.448319,1637,0.638298,837,0.958333,0.394597,,,,,,,,,,,,,,,,,,,,,,,,,,,,,0.666667,376.0,0.104167,0.004208,,,,,48,,809.55,204,564,layer5_order_arrival_manifest_v1,False,613.35,172,,,,,,,,,,,,,,,,,,,,,,,,,,,,,,,,,,,,,,,,,55.8,803,0.270833,0.092153,physical_only_legacy,17483,17,7,2.2802,1.0,0.0922,621.72,,4.8567
map20_r48_s4,high,949,Hungarian,1500,,,,,,,31.929992044550517,2.9692,45.993635640413686,0.1231,158.0,281,281.0,0.27877,0.286442,1257,0.498227,1008,1.0,0.523389,,,,,,,,,,,,,,,,,,,,,,,,,,,,,0.962766,543.0,0.083333,0.003819,,,,,48,,857.4,283,564,layer5_order_arrival_manifest_v1,True,783.3,260,,,,,,,,,,,,,,,,,,,,,,,,,,,,,,,,,,,,,,,,,67.2,981,0.1875,0.08675,physical_only_legacy,25184,15,7,2.7798,1.0,0.0868,910.47,,5.0844
map20_r48_s4,high,949,JSQ,1500,,,,,,,29.06891495601173,2.8777,43.51392961876833,0.1354,200.5,311,311.0,0.313508,0.325314,1364,0.551418,992,0.9375,0.514194,,,,,,,,,,,,,,,,,,,,,,,,,,,,,0.849291,479.0,0.083333,0.003333,,,,,48,,961.8,253,564,layer5_order_arrival_manifest_v1,True,845.25,226,,,,,,,,,,,,,,,,,,,,,,,,,,,,,,,,,,,,,,,,,66.1333,956,0.166667,0.060389,physical_only_legacy,26380,15,7,2.6737,1.0,0.0604,507.64,,4.9715
map20_r48_s4,high,949,PhaseC,1500,canonical_bfs_service_cell_v1,295,8.4102,2481,1500,52.6534,27.56763590391909,2.6215,41.64348925410872,0.1015,180.05,172,172.0,0.153709,0.153709,791,0.304965,1119,1.0,0.694528,295,,,,,,,,,,,,,combo,,,,,,,,,,,off,,0,0.0,1.333333,752.0,0.083333,0.002528,long_risk_6d_quantile_combo_v2,1497,2481,24.8396,48,all_idle,1128.75,392,564,layer5_order_arrival_manifest_v1,True,1017.45,360,,,,,,,,,,,,,,,,,,,,,,,,,,,,,,,0,0,2481,1.108762,0.416125,0.054859,0.372356,0.79115,0.861678,0.956415,74.6,1119,0.145833,0.094764,physical_only_legacy,27352,15,7,2.4175,1.0,0.0948,1113.37,3,4.7158
map20_r48_s4,high,949,ComboS1J1,1500,canonical_bfs_service_cell_v1,478,5.5272,2642,1500,115.118,29.247576435495898,2.8652,43.939597315436245,0.1181,268.0,298,298.0,0.300101,0.308808,1341,0.528369,993,0.958333,0.510514,478,0.0,145,0.3033,478,0.310182,0.0126,6,0.700288,10.878013,50,-1.064271,0.224356,combo,0.0,0,0.0,0,0.0,0.0,0.0,0.0,0,478,conversion,0.0,0,0.0,0.897163,506.0,0.083333,0.003361,long_risk_6d_quantile_combo_v2,1497,2642,24.8558,48,all_idle,935.25,266,564,layer5_order_arrival_manifest_v1,True,834.45,240,0.6536648515181538,False,0.8263638466012445,8735,10414,False,True,1206,24.233213850570408,False,True,-0.25866555377050027,j_ascending,False,1497,875,101,108,1.905811623246493,WorldModelTaskAssigner.select_robots_unmodified,s1_within_context,True,phase_c_psi_dispatch_v1,0.740014349059706,0.5822633042425741,6.956579826319305,0,0,0.38043428633583126,1.9162520729684909,0,0,2642,1.07352,0.477867,0.054859,0.510601,0.853662,0.904136,0.977542,66.2,965,0.166667,0.059764,physical_only_legacy,26230,17,7,2.6661,1.0,0.0598,793.68,3,4.9436
map20_r48_s4,low,900,Greedy,1500,,,,,,,29.76403138201569,2.7144,43.314423657211826,0.133,146.5,376,376.0,0.565414,0.598726,1657,0.786611,665,1.0,0.317333,,,,,,,,,,,,,,,,,,,,,,,,,,,,,0.359833,172.0,0.104167,0.004972,,,,,48,,627.75,102,478,layer5_order_arrival_manifest_v1,False,372.75,70,,,,,,,,,,,,,,,,,,,,,,,,,,,,,,,,,,,,,,,,,44.3333,628,0.166667,0.036361,physical_only_legacy,17431,17,7,2.1237,1.0,0.0364,245.54,,4.5884
map20_r48_s4,low,900,Hungarian,1500,,,,,,,27.250346740638,2.5486,40.81761442441054,0.132,119.0,329,329.0,0.455679,0.458217,1442,0.688285,722,1.0,0.409417,,,,,,,,,,,,,,,,,,,,,,,,,,,,,0.539749,258.0,0.104167,0.00225,,,,,48,,754.2,149,478,layer5_order_arrival_manifest_v1,True,488.6,109,,,,,,,,,,,,,,,,,,,,,,,,,,,,,,,,,,,,,,,,,48.1333,718,0.166667,0.064944,physical_only_legacy,16937,16,7,2.1382,1.0,0.0649,582.28,,4.5403
map20_r48_s4,low,900,JSQ,1500,,,,,,,30.833822091886606,2.7792,44.216520039100686,0.1365,146.7,467,467.0,2.457895,3.677165,2046,0.976987,190,0.1875,0.026931,,,,,,,,,,,,,,,,,,,,,,,,,,,,,0.023013,11.0,0.104167,0.007139,,,,,48,,52.5,11,478,layer5_order_arrival_manifest_v1,True,0.0,0,,,,,,,,,,,,,,,,,,,,,,,,,,,,,,,,,,,,,,,,,12.6667,127,0.166667,0.017319,physical_only_legacy,2450,17,7,1.1687,1.0,0.0173,77.36,,4.1278
map20_r48_s4,low,900,PhaseC,1500,canonical_bfs_service_cell_v1,655,11.1634,7312,1500,148.2213,28.453768038482096,2.6028,42.12025654730091,0.1323,149.5,426,426.0,0.762075,0.830409,1871,0.891213,559,0.916667,0.204639,655,,,,,,,,,,,,,combo,,,,,,,,,,,off,,0,0.0,0.15272,73.0,0.083333,0.005778,long_risk_6d_quantile_combo_v2,1497,7312,24.9438,48,all_idle,486.8,52,478,layer5_order_arrival_manifest_v1,True,170.0,21,,,,,,,,,,,,,,,,,,,,,,,,,,,,,,,0,0,7312,1.079506,0.452047,0.010994,0.43124,0.818081,0.88444,0.979034,37.2667,513,0.229167,0.065931,physical_only_legacy,8443,18,7,1.7214,1.0,0.0659,800.6,3,4.3603
map20_r48_s4,low,900,ComboS1J1,1500,canonical_bfs_service_cell_v1,305,8.8623,2703,1500,122.1535,19.714285714285715,2.0192,33.75457875457875,0.1187,489.35,174,174.0,0.135725,0.135725,819,0.364017,1282,0.979167,0.715194,305,0.0,120,0.3934,305,0.393847,0.0,0,0.716712,10.688702,50,-1.183133,0.170059,combo,0.0,0,0.0,0,0.0,0.0,0.0,0.0,0,305,conversion,0.0,0,0.0,1.207113,577.0,0.083333,0.001611,long_risk_6d_quantile_combo_v2,1497,2703,24.9579,48,all_idle,1237.8,304,478,layer5_order_arrival_manifest_v1,True,1048.2,273,0.7652467852292908,False,0.8589888745179342,13322,15602,False,True,1300,24.475119453496657,False,True,-0.23167316498430268,j_ascending,False,1497,1094,108,110,2.664662658650635,WorldModelTaskAssigner.select_robots_unmodified,s1_within_context,True,phase_c_psi_dispatch_v1,0.812117829873621,0.6587065666593557,10.422177688710756,0,0,0.5021827631192934,2.210769230769231,0,0,2703,1.054126,0.376292,0.010994,0.308152,0.812457,0.857971,0.947373,85.4667,1282,0.166667,0.091361,physical_only_legacy,35200,14,7,3.318,1.0,0.0914,1016.11,3,4.8787
map20_r48_s4,low,901,Greedy,1500,,,,,,,33.29470922606034,3.0127,46.67512024486226,0.1232,156.0,515,515.0,2.019608,2.95977,2287,0.946691,255,0.208333,0.029861,,,,,,,,,,,,,,,,,,,,,,,,,,,,,0.056985,31.0,0.083333,0.006778,,,,,48,,116.6,29,544,layer5_order_arrival_manifest_v1,False,54.75,2,,,,,,,,,,,,,,,,,,,,,,,,,,,,,,,,,,,,,,,,,17.0,174,0.145833,0.018389,physical_only_legacy,2908,17,7,1.3447,1.0,0.0184,96.17,,4.3202
map20_r48_s4,low,901,Hungarian,1500,,,,,,,26.942156003505698,2.6097,39.74057843996494,0.1358,140.2,237,237.0,0.228544,0.232125,1141,0.435662,1037,1.0,0.562875,,,,,,,,,,,,,,,,,,,,,,,,,,,,,1.080882,588.0,0.0625,0.001806,,,,,48,,943.5,307,544,layer5_order_arrival_manifest_v1,True,825.0,281,,,,,,,,,,,,,,,,,,,,,,,,,,,,,,,,,,,,,,,,,69.1333,1021,0.145833,0.061083,physical_only_legacy,29141,14,7,2.8437,1.0,0.0611,526.86,,4.9236
map20_r48_s4,low,901,JSQ,1500,,,,,,,29.77292576419214,2.866,42.9315866084425,0.1426,151.0,311,311.0,0.342134,0.357471,1374,0.571691,909,1.0,0.468556,,,,,,,,,,,,,,,,,,,,,,,,,,,,,0.783088,426.0,0.083333,0.003472,,,,,48,,832.0,233,544,layer5_order_arrival_manifest_v1,True,613.4,193,,,,,,,,,,,,,,,,,,,,,,,,,,,,,,,,,,,,,,,,,60.6,870,0.145833,0.076375,physical_only_legacy,22998,15,7,2.6559,1.0,0.0764,816.73,,4.98
map20_r48_s4,low,901,PhaseC,1500,canonical_bfs_service_cell_v1,718,10.2841,7384,1500,150.7743,29.47235693501455,2.7506,43.17749757516974,0.1279,152.0,475,475.0,1.155718,1.214834,2062,0.873162,411,0.895833,0.130056,718,,,,,,,,,,,,,combo,,,,,,,,,,,off,,0,0.0,0.1875,102.0,0.083333,0.004292,long_risk_6d_quantile_combo_v2,1497,7384,24.9769,48,all_idle,389.6,69,544,layer5_order_arrival_manifest_v1,True,235.8,33,,,,,,,,,,,,,,,,,,,,,,,,,,,,,,,0,0,7384,1.095986,0.432454,-0.029533,0.405492,0.752204,0.834101,0.956737,27.4,391,0.25,0.054181,physical_only_legacy,4999,19,7,1.5195,1.0,0.0542,675.27,3,4.3172
map20_r48_s4,low,901,ComboS1J1,1500,canonical_bfs_service_cell_v1,766,11.3329,8681,1500,184.5375,31.03494623655914,2.745,44.47715053763441,0.1272,140.4,513,513.0,3.128049,5.234694,2232,0.943015,164,0.25,0.020931,766,0.0,211,0.2755,766,0.286657,0.0144,11,0.648751,7.438797,50,-2.306433,0.161865,combo,0.0,0,0.0,0,0.0,0.0,0.0,0.0,0,766,conversion,0.0,0,0.0,0.064338,35.0,0.083333,0.005264,long_risk_6d_quantile_combo_v2,1497,8681,24.8558,48,all_idle,135.0,31,544,layer5_order_arrival_manifest_v1,True,92.55,4,0.02135708857512731,False,0.20968799245653666,23,782,False,True,537,25.173078596356085,False,True,0.10455698977190218,j_ascending,False,1497,9,0,0,10.392785571142285,WorldModelTaskAssigner.select_robots_unmodified,s1_within_context,True,phase_c_psi_dispatch_v1,0.1155225405158319,0.2280124066364201,0.5223780895123581,0,0,0.21214665393904805,1.042830540037244,0,0,8681,1.039723,0.399167,-0.029533,0.382292,0.667548,0.781102,0.897405,10.9333,98,0.145833,0.016069,physical_only_legacy,1912,16,7,1.1969,1.0,0.0161,364.46,3,4.1142
map20_r48_s4,low,902,Greedy,1500,,,,,,,25.167320261437908,2.4527,38.85751633986928,0.161,141.15,160,160.0,0.13468,0.134794,765,0.421053,1188,1.0,0.709667,,,,,,,,,,,,,,,,,,,,,,,,,,,,,1.068421,406.0,0.104167,0.002069,,,,,48,,1210.05,220,380,layer5_order_arrival_manifest_v1,False,887.5,186,,,,,,,,,,,,,,,,,,,,,,,,,,,,,,,,,,,,,,,,,79.2,1187,0.229167,0.118583,physical_only_legacy,33694,17,7,3.3822,1.0,0.1186,929.06,,5.1971
map20_r48_s4,low,902,Hungarian,1500,,,,,,,23.469142857142856,2.5748,37.07485714285714,0.1294,124.25,366,366.0,4.88,6.535714,1750,0.963158,75,0.145833,0.008361,,,,,,,,,,,,,,,,,,,,,,,,,,,,,0.036842,14.0,0.083333,0.002611,,,,,48,,85.25,14,380,layer5_order_arrival_manifest_v1,True,0.0,0,,,,,,,,,,,,,,,,,,,,,,,,,,,,,,,,,,,,,,,,,5.0,56,0.145833,0.008056,physical_only_legacy,787,18,7,0.8464,1.0,0.0081,46.51,,3.8481
map20_r48_s4,low,902,JSQ,1500,,,,,,,24.46975692481628,2.6235,38.10175240248728,0.1314,133.0,368,368.0,4.54321,7.36,1769,0.968421,81,0.145833,0.008944,,,,,,,,,,,,,,,,,,,,,,,,,,,,,0.031579,12.0,0.0625,0.002819,,,,,48,,84.5,12,380,layer5_order_arrival_manifest_v1,True,0.0,0,,,,,,,,,,,,,,,,,,,,,,,,,,,,,,,,,,,,,,,,,5.4,50,0.104167,0.008611,physical_only_legacy,854,17,7,0.879,1.0,0.0086,44.57,,3.8913
map20_r48_s4,low,902,PhaseC,1500,canonical_bfs_service_cell_v1,600,21.4983,12899,1500,251.7439,24.726500566251417,2.6674,38.60305775764439,0.139,155.95,368,368.0,3.68,5.257143,1766,0.968421,100,0.166667,0.011972,600,,,,,,,,,,,,,combo,,,,,,,,,,,off,,0,0.0,0.031579,12.0,0.0625,0.003028,long_risk_6d_quantile_combo_v2,1497,12899,24.8653,48,all_idle,69.0,12,380,layer5_order_arrival_manifest_v1,True,0.0,0,,,,,,,,,,,,,,,,,,,,,,,,,,,,,,,0,0,12899,1.049273,0.320434,0.016322,0.271016,0.616667,0.751518,0.951415,6.6667,70,0.125,0.010208,physical_only_legacy,1015,16,7,0.9137,1.0,0.0102,438.19,3,3.9398
map20_r48_s4,low,902,ComboS1J1,1500,canonical_bfs_service_cell_v1,599,22.0518,13209,1500,263.2949,23.858757062146893,2.6418,37.57683615819209,0.1403,139.0,370,370.0,7.4,8.222222,1770,0.973684,50,0.166667,0.009083,599,0.0,136,0.227,599,0.229259,0.01,6,0.614577,5.290646,50,-2.930955,0.165174,combo,0.0,0,0.0,0,0.0,0.0,0.0,0.0,0,599,conversion,0.0,0,0.0,0.026316,10.0,0.083333,0.002708,long_risk_6d_quantile_combo_v2,1497,13209,24.7867,48,all_idle,55.5,10,380,layer5_order_arrival_manifest_v1,True,0.0,0,0.007660339822412445,False,0.2099835564951869,8,602,False,True,375,25.01031308124463,False,True,0.10067475313058945,j_ascending,False,1497,2,0,0,22.688042752171008,WorldModelTaskAssigner.select_robots_unmodified,s1_within_context,True,phase_c_psi_dispatch_v1,0.10882194815879977,0.19105264645663902,0.4021376085504342,0,0,0.2279407561221392,1.0133333333333334,0,0,13209,1.062335,0.293112,0.016322,0.25498,0.524405,0.683302,0.897273,3.3333,45,0.125,0.009222,physical_only_legacy,810,17,7,0.8562,1.0,0.0092,439.74,3,3.8985
map20_r48_s4,low,903,Greedy,1500,,,,,,,29.73841059602649,2.7347,43.966414380321666,0.1269,137.0,482,482.0,1.178484,1.430267,2114,0.918095,409,0.75,0.141833,,,,,,,,,,,,,,,,,,,,,,,,,,,,,0.106667,56.0,0.0625,0.003653,,,,,48,,379.5,43,525,layer5_order_arrival_manifest_v1,False,88.0,13,,,,,,,,,,,,,,,,,,,,,,,,,,,,,,,,,,,,,,,,,27.2667,337,0.1875,0.040806,physical_only_legacy,6440,17,7,1.5338,1.0,0.0408,340.89,,4.302
map20_r48_s4,low,903,Hungarian,1500,,,,,,,31.00916590284143,2.8086,44.8295142071494,0.1305,139.0,514,514.0,2.954023,4.942308,2182,0.979048,174,0.229167,0.022417,,,,,,,,,,,,,,,,,,,,,,,,,,,,,0.020952,11.0,0.125,0.005833,,,,,48,,67.5,11,525,layer5_order_arrival_manifest_v1,True,0.0,0,,,,,,,,,,,,,,,,,,,,,,,,,,,,,,,,,,,,,,,,,11.6,104,0.1875,0.014792,physical_only_legacy,2103,17,7,1.187,1.0,0.0148,67.41,,4.1431
map20_r48_s4,low,903,JSQ,1500,,,,,,,29.606679035250465,2.7105,43.51716141001855,0.1255,137.6,489,489.0,1.244275,1.477341,2156,0.931429,393,0.625,0.104875,,,,,,,,,,,,,,,,,,,,,,,,,,,,,0.072381,38.0,0.0625,0.004222,,,,,48,,386.0,36,525,layer5_order_arrival_manifest_v1,True,39.25,2,,,,,,,,,,,,,,,,,,,,,,,,,,,,,,,,,,,,,,,,,26.2,331,0.229167,0.041319,physical_only_legacy,4364,19,7,1.4258,1.0,0.0413,336.07,,4.235
map20_r48_s4,low,903,PhaseC,1500,canonical_bfs_service_cell_v1,735,9.7959,7200,1500,146.9957,30.010823529411766,2.8679,43.98823529411764,0.132,153.0,492,492.0,1.268041,1.426087,2125,0.937143,388,0.6875,0.103903,735,,,,,,,,,,,,,combo,,,,,,,,,,,off,,0,0.0,0.062857,33.0,0.0625,0.005444,long_risk_6d_quantile_combo_v2,1497,7200,24.8583,48,all_idle,370.0,33,525,layer5_order_arrival_manifest_v1,True,0.0,0,,,,,,,,,,,,,,,,,,,,,,,,,,,,,,,0,0,7200,1.05736,0.467352,0.014063,0.462234,0.789905,0.869846,0.964078,25.8667,345,0.208333,0.042611,physical_only_legacy,4293,19,7,1.4448,1.0,0.0426,480.94,3,4.331
map20_r48_s4,low,903,ComboS1J1,1500,canonical_bfs_service_cell_v1,728,12.0769,8792,1500,186.5676,31.525658807212206,2.8875,45.28016643550624,0.1326,159.4,514,514.0,3.232704,4.145161,2163,0.979048,159,0.1875,0.021792,728,0.0,161,0.2212,728,0.23124,0.0055,4,0.661331,8.322399,50,-2.276144,0.210052,combo,0.0,0,0.0,0,0.0,0.0,0.0,0.0,0,728,conversion,0.0,0,0.0,0.020952,11.0,0.0625,0.005361,long_risk_6d_quantile_combo_v2,1497,8792,24.9081,48,all_idle,65.0,11,525,layer5_order_arrival_manifest_v1,True,0.0,0,0.03789731377807533,False,0.21671459381739946,36,749,False,True,520,25.054850198256855,False,True,0.08977013598252835,j_ascending,False,1497,16,0,0,11.830327321309285,WorldModelTaskAssigner.select_robots_unmodified,s1_within_context,True,phase_c_psi_dispatch_v1,0.12730595379773754,0.22065250921213578,0.5003340013360054,0,0,0.213499670348395,1.0596153846153846,0,0,8792,1.092506,0.437522,0.011879,0.419371,0.724199,0.808959,0.907224,10.6,124,0.1875,0.019153,physical_only_legacy,1991,18,7,1.1961,1.0,0.0192,366.09,3,4.1935
map20_r48_s4,low,904,Greedy,1500,,,,,,,32.49725622625581,3.0248,46.32672013507809,0.1282,147.8,545,545.0,3.283133,5.736842,2369,0.942907,166,0.208333,0.019931,,,,,,,,,,,,,,,,,,,,,,,,,,,,,0.062284,36.0,0.083333,0.005806,,,,,48,,82.0,33,578,layer5_order_arrival_manifest_v1,False,43.4,3,,,,,,,,,,,,,,,,,,,,,,,,,,,,,,,,,,,,,,,,,11.0667,95,0.166667,0.017556,physical_only_legacy,2051,18,7,1.2454,1.0,0.0176,75.5,,4.2809
map20_r48_s4,low,904,Hungarian,1500,,,,,,,29.50942587832048,2.724,43.289203084832906,0.1277,121.0,542,542.0,3.899281,6.948718,2334,0.937716,139,0.166667,0.017514,,,,,,,,,,,,,,,,,,,,,,,,,,,,,0.062284,36.0,0.0625,0.005319,,,,,48,,81.25,36,578,layer5_order_arrival_manifest_v1,True,0.0,0,,,,,,,,,,,,,,,,,,,,,,,,,,,,,,,,,,,,,,,,,9.2667,78,0.145833,0.014528,physical_only_legacy,1769,17,7,1.107,1.0,0.0145,73.43,,4.0578
map20_r48_s4,low,904,JSQ,1500,,,,,,,31.292461005199307,2.918,45.35571923743501,0.1288,146.0,542,542.0,3.589404,6.159091,2308,0.937716,151,0.1875,0.019347,,,,,,,,,,,,,,,,,,,,,,,,,,,,,0.065744,38.0,0.0625,0.006639,,,,,48,,148.0,36,578,layer5_order_arrival_manifest_v1,True,322.6,2,,,,,,,,,,,,,,,,,,,,,,,,,,,,,,,,,,,,,,,,,10.0667,88,0.145833,0.016806,physical_only_legacy,1881,17,7,1.1795,1.0,0.0168,84.81,,4.1944
map20_r48_s4,low,904,PhaseC,1500,canonical_bfs_service_cell_v1,373,7.2788,2715,1500,58.7305,26.855327468230694,2.5897,40.608015640273706,0.1351,183.4,213,213.0,0.191375,0.196133,1023,0.368512,1113,1.0,0.619375,373,,,,,,,,,,,,,combo,,,,,,,,,,,off,,0,0.0,1.202422,695.0,0.104167,0.003042,long_risk_6d_quantile_combo_v2,1497,2715,24.8857,48,all_idle,1011.6,365,578,layer5_order_arrival_manifest_v1,True,855.55,330,,,,,,,,,,,,,,,,,,,,,,,,,,,,,,,0,0,2715,1.015035,0.409285,0.02248,0.405304,0.799061,0.882396,0.944294,74.2,1086,0.1875,0.095736,physical_only_legacy,29849,16,7,3.0576,1.0,0.0957,778.24,3,5.0545
map20_r48_s4,low,904,ComboS1J1,1500,canonical_bfs_service_cell_v1,404,7.0693,2856,1500,124.4126,24.279319606087736,2.4299,38.116383169203225,0.111,139.6,233,233.0,0.21086,0.213175,1117,0.403114,1105,1.0,0.606194,404,0.0,186,0.4604,404,0.472597,0.0149,6,0.713432,10.835786,50,-1.308453,0.275434,combo,0.0,0,0.0,0,0.0,0.0,0.0,0.0,0,404,conversion,0.0,0,0.0,1.143599,661.0,0.0625,0.002347,long_risk_6d_quantile_combo_v2,1497,2856,24.9244,48,all_idle,998.8,345,578,layer5_order_arrival_manifest_v1,True,877.5,316,0.6864298994838901,False,0.8501056334127453,8467,10793,False,True,1180,24.508546949443172,False,True,-0.22868500842823838,j_ascending,False,1497,943,83,87,2.5437541750167,WorldModelTaskAssigner.select_robots_unmodified,s1_within_context,True,phase_c_psi_dispatch_v1,0.7682677664483154,0.7023592631950495,7.209752839011356,0,0,0.3768062528450949,2.2203389830508473,0,0,2856,1.047843,0.416518,0.030222,0.427382,0.76925,0.900196,0.973264,73.6667,1093,0.229167,0.126944,physical_only_legacy,26809,18,7,2.9297,1.0,0.1269,1376.74,3,4.9178
map20_r48_s4,low,905,Greedy,1500,,,,,,,29.6071953010279,2.8658,43.602055800293684,0.1185,225.4,283,283.0,0.28557,0.291152,1362,0.695332,991,0.958333,0.464819,,,,,,,,,,,,,,,,,,,,,,,,,,,,,0.528256,215.0,0.125,0.005431,,,,,48,,871.25,124,407,layer5_order_arrival_manifest_v1,False,565.0,91,,,,,,,,,,,,,,,,,,,,,,,,,,,,,,,,,,,,,,,,,66.0667,972,0.270833,0.127833,physical_only_legacy,19480,21,7,2.5674,1.0,0.1278,936.84,,4.963
map20_r48_s4,low,905,Hungarian,1500,,,,,,,30.513143483023,3.0085,44.552573932092,0.1502,165.25,396,396.0,1.419355,1.65,1826,0.972973,279,0.25,0.040181,,,,,,,,,,,,,,,,,,,,,,,,,,,,,0.027027,11.0,0.104167,0.006458,,,,,48,,57.5,11,407,layer5_order_arrival_manifest_v1,True,0.0,0,,,,,,,,,,,,,,,,,,,,,,,,,,,,,,,,,,,,,,,,,18.6,240,0.1875,0.02875,physical_only_legacy,2510,20,7,1.0692,1.0,0.0288,124.08,,4.2178
map20_r48_s4,low,905,JSQ,1500,,,,,,,29.090407177363698,2.8566,43.42443064182195,0.1259,180.9,312,312.0,0.314834,0.320988,1449,0.766585,991,0.958333,0.4395,,,,,,,,,,,,,,,,,,,,,,,,,,,,,0.380835,155.0,0.125,0.005444,,,,,48,,956.5,95,407,layer5_order_arrival_manifest_v1,True,526.5,60,,,,,,,,,,,,,,,,,,,,,,,,,,,,,,,,,,,,,,,,,66.0667,972,0.270833,0.119014,physical_only_legacy,18323,21,7,2.4857,1.0,0.119,866.89,,4.916
map20_r48_s4,low,905,PhaseC,1500,canonical_bfs_service_cell_v1,212,10.0236,2125,1500,44.8146,22.622920517560075,2.1847,36.20702402957486,0.1517,168.0,113,113.0,0.085219,0.085283,541,0.277641,1326,1.0,0.804,212,,,,,,,,,,,,,combo,,,,,,,,,,,off,,0,0.0,1.371007,558.0,0.083333,0.000556,long_risk_6d_quantile_combo_v2,1497,2125,24.8931,48,all_idle,1252.25,294,407,layer5_order_arrival_manifest_v1,True,1070.85,264,,,,,,,,,,,,,,,,,,,,,,,,,,,,,,,0,0,2125,1.03864,0.319356,0.045267,0.211806,0.722076,0.835431,0.934487,88.4,1325,0.229167,0.150417,physical_only_legacy,36960,17,7,3.6019,1.0,0.1504,1107.35,3,5.1954
map20_r48_s4,low,905,ComboS1J1,1500,canonical_bfs_service_cell_v1,549,9.377,5148,1500,125.3348,27.738709677419354,2.797,41.54516129032258,0.148,150.0,335,335.0,0.378104,0.405569,1550,0.823096,886,0.9375,0.381417,549,0.0,216,0.3934,549,0.390605,0.0273,15,0.698846,10.710092,50,-1.747275,0.243554,combo,0.0,0,0.0,0,0.0,0.0,0.0,0.0,0,549,conversion,0.0,0,0.0,0.280098,114.0,0.083333,0.004167,long_risk_6d_quantile_combo_v2,1497,5148,24.8249,48,all_idle,832.8,72,407,layer5_order_arrival_manifest_v1,True,239.75,42,0.34241027331242363,False,0.46470383405961246,1276,2502,False,True,721,24.58105923868871,False,True,-0.13307811479814907,j_ascending,False,1497,299,30,30,6.084836339345357,WorldModelTaskAssigner.select_robots_unmodified,s1_within_context,True,phase_c_psi_dispatch_v1,0.40355705368601685,0.19550070542243603,1.6713426853707414,0,0,0.3454571723533001,1.9209431345353676,0,0,5148,1.040457,0.471484,0.045809,0.457534,0.826502,0.886374,0.964013,59.0667,826,0.145833,0.034125,physical_only_legacy,20148,17,7,2.2511,1.0,0.0341,496.85,3,4.7062
map20_r48_s4,low,906,Greedy,1500,,,,,,,31.6115347950429,2.8981,45.11725452812202,0.1245,148.1,470,470.0,0.895238,1.010753,2098,0.914397,525,0.875,0.150097,,,,,,,,,,,,,,,,,,,,,,,,,,,,,0.108949,56.0,0.125,0.006944,,,,,48,,450.95,44,514,layer5_order_arrival_manifest_v1,False,412.5,12,,,,,,,,,,,,,,,,,,,,,,,,,,,,,,,,,,,,,,,,,35.0,465,0.1875,0.043514,physical_only_legacy,7450,21,7,1.6106,1.0,0.0435,253.17,,4.4224
map20_r48_s4,low,906,Hungarian,1500,,,,,,,32.006027397260276,2.906,45.330958904109586,0.1233,141.75,426,426.0,0.602546,0.682692,1825,0.828794,707,0.979167,0.278806,,,,,,,,,,,,,,,,,,,,,,,,,,,,,0.280156,144.0,0.083333,0.007694,,,,,48,,546.5,88,514,layer5_order_arrival_manifest_v1,True,313.75,56,,,,,,,,,,,,,,,,,,,,,,,,,,,,,,,,,,,,,,,,,47.1333,624,0.229167,0.074056,physical_only_legacy,13354,20,7,2.091,1.0,0.0741,616.89,,4.6958
map20_r48_s4,low,906,JSQ,1500,,,,,,,31.795627376425855,2.885,45.221007604562736,0.1303,177.25,480,480.0,1.108545,1.256545,2104,0.933852,433,0.75,0.11,,,,,,,,,,,,,,,,,,,,,,,,,,,,,0.068093,35.0,0.083333,0.006875,,,,,48,,396.55,34,514,layer5_order_arrival_manifest_v1,True,5.0,1,,,,,,,,,,,,,,,,,,,,,,,,,,,,,,,,,,,,,,,,,28.8667,382,0.208333,0.042681,physical_only_legacy,5283,21,7,1.4967,1.0,0.0427,293.47,,4.3638
map20_r48_s4,low,906,PhaseC,1500,canonical_bfs_service_cell_v1,706,7.8782,5562,1500,116.5916,32.90765432098765,3.0083,46.72345679012346,0.1274,198.75,470,470.0,0.831858,0.977131,2025,0.914397,565,0.833333,0.156639,706,,,,,,,,,,,,,combo,,,,,,,,,,,off,,0,0.0,0.110895,57.0,0.125,0.007528,long_risk_6d_quantile_combo_v2,1497,5562,25.0276,48,all_idle,454.55,44,514,layer5_order_arrival_manifest_v1,True,450.8,13,,,,,,,,,,,,,,,,,,,,,,,,,,,,,,,0,0,5562,1.090243,0.511179,0.011432,0.514747,0.85498,0.904638,0.982373,37.6667,481,0.1875,0.052847,physical_only_legacy,7254,20,7,1.6724,1.0,0.0528,587.99,3,4.5206
map20_r48_s4,low,906,ComboS1J1,1500,canonical_bfs_service_cell_v1,738,9.5556,7052,1500,155.3757,35.22074346030289,2.9687,48.88159706287288,0.1318,180.8,499,499.0,1.630719,2.247748,2179,0.970817,306,0.3125,0.040514,738,0.0,188,0.2547,738,0.27316,0.0122,9,0.678885,9.331155,50,-1.917963,0.261968,combo,0.0,0,0.0,0,0.0,0.0,0.0,0.0,0,738,conversion,0.0,0,0.0,0.029183,15.0,0.104167,0.009111,long_risk_6d_quantile_combo_v2,1497,7052,24.9673,48,all_idle,109.5,15,514,layer5_order_arrival_manifest_v1,True,0.0,0,0.03817242055474395,False,0.23299260613748465,65,849,False,True,556,25.118267619245344,False,True,0.08748068887551272,j_ascending,False,1497,26,9,10,9.028724114896459,WorldModelTaskAssigner.select_robots_unmodified,s1_within_context,True,phase_c_psi_dispatch_v1,0.13558251334611435,0.22667256076639195,0.5671342685370742,0,0,0.21945384367686138,1.0755395683453237,0,0,7052,1.036722,0.482462,0.011432,0.485192,0.772554,0.83296,0.904196,20.4,222,0.229167,0.027736,physical_only_legacy,3461,20,7,1.3734,1.0,0.0277,375.87,3,4.3306
map20_r48_s4,low,907,Greedy,1500,,,,,,,34.11937639198218,2.7659,47.806236080178174,0.1291,167.4,533,533.0,1.938182,2.850267,2245,0.936731,275,0.270833,0.034333,,,,,,,,,,,,,,,,,,,,,,,,,,,,,0.066784,38.0,0.104167,0.009042,,,,,48,,125.5,36,569,layer5_order_arrival_manifest_v1,False,32.8,2,,,,,,,,,,,,,,,,,,,,,,,,,,,,,,,,,,,,,,,,,18.3333,187,0.270833,0.024861,physical_only_legacy,3100,20,7,1.3478,1.0,0.0249,131.69,,4.2109
map20_r48_s4,low,907,Hungarian,1500,,,,,,,33.08448815377738,2.6665,46.927134555207864,0.1293,152.4,537,537.0,1.534286,2.418919,2237,0.943761,350,0.25,0.036944,,,,,,,,,,,,,,,,,,,,,,,,,,,,,0.056239,32.0,0.104167,0.007431,,,,,48,,116.9,32,569,layer5_order_arrival_manifest_v1,True,0.0,0,,,,,,,,,,,,,,,,,,,,,,,,,,,,,,,,,,,,,,,,,23.3333,222,0.166667,0.022722,physical_only_legacy,3097,20,7,1.3257,1.0,0.0227,112.5,,4.1482
map20_r48_s4,low,907,JSQ,1500,,,,,,,33.236086175942546,2.7395,47.16741472172352,0.1304,164.6,537,537.0,1.938628,3.196429,2228,0.943761,277,0.229167,0.029194,,,,,,,,,,,,,,,,,,,,,,,,,,,,,0.059754,34.0,0.083333,0.006819,,,,,48,,119.15,32,569,layer5_order_arrival_manifest_v1,True,101.45,2,,,,,,,,,,,,,,,,,,,,,,,,,,,,,,,,,,,,,,,,,18.4667,168,0.1875,0.023639,physical_only_legacy,2481,20,7,1.2925,1.0,0.0236,120.89,,4.17
map20_r48_s4,low,907,PhaseC,1500,canonical_bfs_service_cell_v1,396,9.0884,3599,1500,75.4206,24.83974358974359,2.3551,38.456043956043956,0.1186,246.6,252,252.0,0.235514,0.23796,1092,0.442882,1070,1.0,0.559889,396,,,,,,,,,,,,,combo,,,,,,,,,,,off,,0,0.0,1.056239,601.0,0.083333,0.003958,long_risk_6d_quantile_combo_v2,1497,3599,24.8991,48,all_idle,963.2,317,569,layer5_order_arrival_manifest_v1,True,754.25,284,,,,,,,,,,,,,,,,,,,,,,,,,,,,,,,0,0,3599,1.089037,0.452221,0.041341,0.44262,0.853449,0.910635,0.976028,71.3333,1059,0.208333,0.091833,physical_only_legacy,26309,17,7,2.8238,1.0,0.0918,1076.39,3,4.7999
map20_r48_s4,low,907,ComboS1J1,1500,canonical_bfs_service_cell_v1,767,8.7679,6725,1500,151.5725,33.55080935251799,2.7162,47.42446043165467,0.1314,172.6,529,529.0,1.902878,2.437788,2224,0.929701,278,0.229167,0.034403,767,0.0,190,0.2477,767,0.26623,0.0039,3,0.668729,9.360086,50,-1.833545,0.194666,combo,0.0,0,0.0,0,0.0,0.0,0.0,0.0,0,767,conversion,0.0,0,0.0,0.082601,47.0,0.083333,0.006458,long_risk_6d_quantile_combo_v2,1497,6725,25.0039,48,all_idle,205.25,40,569,layer5_order_arrival_manifest_v1,True,178.6,7,0.045684740690848054,False,0.2406443285557952,73,881,False,True,603,25.06619932324584,False,True,0.07779128319628496,j_ascending,False,1497,31,4,4,8.651302605210422,WorldModelTaskAssigner.select_robots_unmodified,s1_within_context,True,phase_c_psi_dispatch_v1,0.1431645346233215,0.23101006186948866,0.5885103540414162,0,0,0.21090157376972285,1.1044776119402986,0,0,6725,1.04032,0.486169,0.0413,0.466699,0.81547,0.883309,0.963577,18.5333,217,0.208333,0.023736,physical_only_legacy,2981,19,7,1.2924,1.0,0.0237,351.59,3,4.1594
map20_r48_s4,low,908,Greedy,1500,,,,,,,34.49071618037135,3.1681,48.88328912466844,0.1133,166.5,256,256.0,0.25677,0.266945,1131,0.589862,997,1.0,0.539347,,,,,,,,,,,,,,,,,,,,,,,,,,,,,0.737327,320.0,0.083333,0.003528,,,,,48,,945.9,178,434,layer5_order_arrival_manifest_v1,False,689.25,142,,,,,,,,,,,,,,,,,,,,,,,,,,,,,,,,,,,,,,,,,66.4667,959,0.291667,0.1355,physical_only_legacy,17197,17,7,2.2542,1.0,0.1355,1285.2,,4.9599
map20_r48_s4,low,908,Hungarian,1500,,,,,,,28.239388794567063,2.7158,41.59932088285229,0.1262,199.4,114,114.0,0.08565,0.086626,589,0.262673,1331,1.0,0.795431,,,,,,,,,,,,,,,,,,,,,,,,,,,,,1.423963,618.0,0.125,0.002694,,,,,48,,1246.2,320,434,layer5_order_arrival_manifest_v1,True,1143.3,298,,,,,,,,,,,,,,,,,,,,,,,,,,,,,,,,,,,,,,,,,88.7333,1316,0.166667,0.131431,physical_only_legacy,38222,18,7,3.6465,1.0,0.1314,1043.74,,5.4388
map20_r48_s4,low,908,JSQ,1500,,,,,,,30.075163398692812,2.8715,44.432461873638346,0.1122,175.65,210,210.0,0.176174,0.179181,918,0.483871,1192,1.0,0.655278,,,,,,,,,,,,,,,,,,,,,,,,,,,,,0.953917,414.0,0.0625,0.002375,,,,,48,,1133.5,224,434,layer5_order_arrival_manifest_v1,True,947.75,190,,,,,,,,,,,,,,,,,,,,,,,,,,,,,,,,,,,,,,,,,79.4667,1172,0.166667,0.100819,physical_only_legacy,30851,16,7,3.1641,1.0,0.1008,1089.03,,5.2309
map20_r48_s4,low,908,PhaseC,1500,canonical_bfs_service_cell_v1,449,7.1782,3223,1500,69.3504,29.538338658146966,2.9234,43.59744408945687,0.1268,201.2,297,297.0,0.303371,0.307772,1252,0.684332,979,1.0,0.512361,449,,,,,,,,,,,,,combo,,,,,,,,,,,off,,0,0.0,0.536866,233.0,0.083333,0.002333,long_risk_6d_quantile_combo_v2,1497,3223,25.1444,48,all_idle,993.2,137,434,layer5_order_arrival_manifest_v1,True,526.25,96,,,,,,,,,,,,,,,,,,,,,,,,,,,,,,,0,0,3223,1.037179,0.464789,0.037172,0.459454,0.817563,0.878356,0.975949,65.2667,965,0.208333,0.072806,physical_only_legacy,25701,17,7,2.72,1.0,0.0728,597.48,3,5.0213
map20_r48_s4,low,908,ComboS1J1,1500,canonical_bfs_service_cell_v1,318,7.1541,2275,1500,103.4089,27.393023255813954,2.7078,41.48720930232558,0.1044,173.0,204,204.0,0.16545,0.169014,860,0.470046,1233,0.979167,0.682292,318,0.0,120,0.3774,318,0.379353,0.0063,2,0.702028,10.641612,50,-1.211256,0.22475,combo,0.0,0,0.0,0,0.0,0.0,0.0,0.0,0,318,conversion,0.0,0,0.0,0.965438,419.0,0.0625,0.001653,long_risk_6d_quantile_combo_v2,1497,2275,25.2272,48,all_idle,1207.2,230,434,layer5_order_arrival_manifest_v1,True,996.2,189,0.6858246748969954,False,0.7854498202719324,5608,6822,False,True,1216,24.746500232906424,False,True,-0.2636956958603689,j_ascending,False,1497,946,53,54,1.6586506346025385,WorldModelTaskAssigner.select_robots_unmodified,s1_within_context,True,phase_c_psi_dispatch_v1,0.7356372475844729,0.5878247351794387,4.557114228456914,0,0,0.35605836826876547,2.0690789473684212,0,0,2275,1.035448,0.376806,0.037172,0.251087,0.810695,0.86662,0.953719,82.2,1207,0.208333,0.137931,physical_only_legacy,30698,17,7,3.2323,1.0,0.1379,1485.09,3,5.2123
map20_r48_s4,low,909,Greedy,1500,,,,,,,31.378759975445057,2.9395,45.208717004297114,0.1364,154.55,350,350.0,0.455729,0.487465,1629,0.77951,768,0.979167,0.361222,,,,,,,,,,,,,,,,,,,,,,,,,,,,,0.367483,165.0,0.104167,0.004361,,,,,48,,726.0,99,449,layer5_order_arrival_manifest_v1,False,357.5,66,,,,,,,,,,,,,,,,,,,,,,,,,,,,,,,,,,,,,,,,,51.2,718,0.25,0.105208,physical_only_legacy,14711,19,7,2.2813,1.0,0.1052,880.59,,4.852
map20_r48_s4,low,909,Hungarian,1500,,,,,,,29.36336485813838,2.7583,42.93927327028372,0.146,123.0,439,439.0,3.300752,10.452381,2009,0.977728,133,0.166667,0.027861,,,,,,,,,,,,,,,,,,,,,,,,,,,,,0.022272,10.0,0.083333,0.003944,,,,,48,,55.5,10,449,layer5_order_arrival_manifest_v1,True,0.0,0,,,,,,,,,,,,,,,,,,,,,,,,,,,,,,,,,,,,,,,,,8.8667,42,0.166667,0.030778,physical_only_legacy,1083,16,7,1.0339,1.0,0.0308,151.6,,4.0729
map20_r48_s4,low,909,JSQ,1500,,,,,,,28.305487305487304,2.7485,41.91973791973792,0.1328,152.85,264,264.0,0.259843,0.264529,1221,0.587973,1016,1.0,0.533833,,,,,,,,,,,,,,,,,,,,,,,,,,,,,0.761693,342.0,0.125,0.004125,,,,,48,,944.0,185,449,layer5_order_arrival_manifest_v1,True,712.8,157,,,,,,,,,,,,,,,,,,,,,,,,,,,,,,,,,,,,,,,,,67.7333,998,0.1875,0.0735,physical_only_legacy,26682,16,7,2.81,1.0,0.0735,619.85,,4.9856
map20_r48_s4,low,909,PhaseC,1500,canonical_bfs_service_cell_v1,677,15.1994,10290,1500,203.755,28.448795180722893,2.7466,42.4683734939759,0.1483,136.3,435,435.0,1.376582,1.629213,1992,0.96882,316,0.166667,0.036208,677,,,,,,,,,,,,,combo,,,,,,,,,,,off,,0,0.0,0.03118,14.0,0.083333,0.002764,long_risk_6d_quantile_combo_v2,1497,10290,24.9305,48,all_idle,378.75,14,449,layer5_order_arrival_manifest_v1,True,0.0,0,,,,,,,,,,,,,,,,,,,,,,,,,,,,,,,0,0,10290,1.014388,0.459784,0.040145,0.436811,0.739743,0.793073,0.894758,21.0667,267,0.166667,0.037764,physical_only_legacy,940,16,7,0.9774,1.0,0.0378,726.57,3,4.048
map20_r48_s4,low,909,ComboS1J1,1500,canonical_bfs_service_cell_v1,683,13.4934,9216,1500,192.1996,31.187376725838263,2.9041,45.222879684418146,0.1392,144.15,438,438.0,2.591716,3.47619,2028,0.975501,169,0.375,0.026014,683,0.0,136,0.1991,683,0.208323,0.0059,4,0.651533,7.560246,50,-2.312569,0.244903,combo,0.0,0,0.0,0,0.0,0.0,0.0,0.0,0,683,conversion,0.0,0,0.0,0.024499,11.0,0.083333,0.006236,long_risk_6d_quantile_combo_v2,1497,9216,24.8964,48,all_idle,55.0,11,449,layer5_order_arrival_manifest_v1,True,0.0,0,0.015949961345696588,False,0.21411855177287448,18,729,False,True,469,25.02713219792858,False,True,0.10267168357985074,j_ascending,False,1497,7,3,3,14.231128924515698,WorldModelTaskAssigner.select_robots_unmodified,s1_within_context,True,phase_c_psi_dispatch_v1,0.11503425655928572,0.2195952692859907,0.48697394789579157,0,0,0.21581661099228186,1.0213219616204692,0,0,9216,1.010133,0.387954,0.063211,0.358762,0.660112,0.756877,0.898652,11.2667,126,0.229167,0.020306,physical_only_legacy,1652,18,7,1.1405,1.0,0.0203,391.09,3,4.1817
map20_r48_s4,low,910,Greedy,1500,,,,,,,33.72038749449582,3.0515,47.523998238661385,0.1285,168.1,519,519.0,1.996154,3.57931,2271,0.943636,260,0.208333,0.030431,,,,,,,,,,,,,,,,,,,,,,,,,,,,,0.06,33.0,0.083333,0.006847,,,,,48,,130.0,31,550,layer5_order_arrival_manifest_v1,False,61.6,2,,,,,,,,,,,,,,,,,,,,,,,,,,,,,,,,,,,,,,,,,17.3333,145,0.1875,0.024847,physical_only_legacy,2516,20,7,1.3334,1.0,0.0248,132.55,,4.3458
map20_r48_s4,low,910,Hungarian,1500,,,,,,,28.45902731512325,2.8118,42.16189207195203,0.1315,164.5,351,351.0,0.442065,0.460026,1501,0.638182,794,1.0,0.399681,,,,,,,,,,,,,,,,,,,,,,,,,,,,,0.658182,362.0,0.104167,0.004111,,,,,48,,751.2,199,550,layer5_order_arrival_manifest_v1,True,513.9,163,,,,,,,,,,,,,,,,,,,,,,,,,,,,,,,,,,,,,,,,,52.9333,763,0.208333,0.080292,physical_only_legacy,18477,18,7,2.3512,1.0,0.0803,705.37,,4.7933
map20_r48_s4,low,910,JSQ,1500,,,,,,,34.54541366906475,3.0748,48.156924460431654,0.129,175.0,508,508.0,1.660131,2.218341,2224,0.923636,306,0.270833,0.037625,,,,,,,,,,,,,,,,,,,,,,,,,,,,,0.094545,52.0,0.104167,0.008819,,,,,48,,230.95,42,550,layer5_order_arrival_manifest_v1,True,230.55,10,,,,,,,,,,,,,,,,,,,,,,,,,,,,,,,,,,,,,,,,,20.4,229,0.208333,0.02675,physical_only_legacy,3114,21,7,1.4117,1.0,0.0268,126.64,,4.399
map20_r48_s4,low,910,PhaseC,1500,canonical_bfs_service_cell_v1,774,9.9664,7714,1500,158.6237,32.59538598047915,3.0089,46.58207630878438,0.1292,166.0,513,513.0,2.7,4.03937,2254,0.932727,190,0.208333,0.024125,774,,,,,,,,,,,,,combo,,,,,,,,,,,off,,0,0.0,0.070909,39.0,0.083333,0.005111,long_risk_6d_quantile_combo_v2,1497,7714,25.0973,48,all_idle,182.0,37,550,layer5_order_arrival_manifest_v1,True,183.65,2,,,,,,,,,,,,,,,,,,,,,,,,,,,,,,,0,0,7714,1.019718,0.474177,0.067674,0.436078,0.774985,0.850557,0.944864,12.6667,127,0.166667,0.019056,physical_only_legacy,2109,17,7,1.2445,1.0,0.0191,342.08,3,4.275
map20_r48_s4,low,910,ComboS1J1,1500,canonical_bfs_service_cell_v1,783,10.5568,8266,1500,179.7767,31.104523495827845,2.7464,44.9433465085639,0.1316,150.0,514,514.0,3.096386,5.14,2277,0.934545,166,0.208333,0.022347,783,0.0,181,0.2312,783,0.25503,0.0102,8,0.653742,8.247861,50,-2.021014,0.256563,combo,0.0,0,0.0,0,0.0,0.0,0.0,0.0,0,783,conversion,0.0,0,0.0,0.072727,40.0,0.083333,0.005458,long_risk_6d_quantile_combo_v2,1497,8266,25.1177,48,all_idle,176.5,36,550,layer5_order_arrival_manifest_v1,True,160.0,4,0.030972395308917246,False,0.22384426609342356,74,887,False,True,571,25.251827323434128,False,True,0.10081562654199844,j_ascending,False,1497,29,8,8,9.523714094856379,WorldModelTaskAssigner.select_robots_unmodified,s1_within_context,True,phase_c_psi_dispatch_v1,0.12740833070117027,0.23225393076558526,0.5925183700734803,0,0,0.224193983720752,1.0910683012259195,0,0,8266,1.054605,0.418834,0.067674,0.393081,0.675311,0.766837,0.927269,11.0667,100,0.145833,0.019708,physical_only_legacy,1957,17,7,1.2163,1.0,0.0197,350.57,3,4.1327
map20_r48_s4,low,911,Greedy,1500,,,,,,,31.058948863636363,2.9726,45.45667613636363,0.13,217.4,319,319.0,0.328866,0.348253,1408,0.728311,970,1.0,0.441667,,,,,,,,,,,,,,,,,,,,,,,,,,,,,0.47032,206.0,0.083333,0.005292,,,,,48,,809.1,119,438,layer5_order_arrival_manifest_v1,False,498.0,87,,,,,,,,,,,,,,,,,,,,,,,,,,,,,,,,,,,,,,,,,64.6667,916,0.229167,0.063375,physical_only_legacy,23073,21,7,2.5658,1.0,0.0634,471.7,,4.9625
map20_r48_s4,low,911,Hungarian,1500,,,,,,,27.546475995914196,2.6893,41.95301327885598,0.1363,167.0,220,220.0,0.175159,0.181219,979,0.502283,1256,1.0,0.632931,,,,,,,,,,,,,,,,,,,,,,,,,,,,,0.924658,405.0,0.083333,0.003444,,,,,48,,1137.7,218,438,layer5_order_arrival_manifest_v1,True,833.4,187,,,,,,,,,,,,,,,,,,,,,,,,,,,,,,,,,,,,,,,,,83.7333,1214,0.270833,0.170569,physical_only_legacy,24769,22,7,3.0452,1.0,0.1706,1131.5,,5.1741
map20_r48_s4,low,911,JSQ,1500,,,,,,,27.175231676495365,2.7126,41.70935130581297,0.1475,170.8,269,269.0,0.221582,0.225105,1187,0.614155,1214,0.979167,0.550819,,,,,,,,,,,,,,,,,,,,,,,,,,,,,0.689498,302.0,0.104167,0.004417,,,,,48,,1098.0,169,438,layer5_order_arrival_manifest_v1,True,822.0,133,,,,,,,,,,,,,,,,,,,,,,,,,,,,,,,,,,,,,,,,,80.9333,1195,0.208333,0.072208,physical_only_legacy,27845,22,7,2.8224,1.0,0.0722,562.78,,4.9872
map20_r48_s4,low,911,PhaseC,1500,canonical_bfs_service_cell_v1,251,8.3227,2089,1500,44.9196,25.851063829787233,2.5148,39.9483282674772,0.1269,267.15,144,144.0,0.113654,0.11557,658,0.328767,1267,0.979167,0.751528,251,,,,,,,,,,,,,combo,,,,,,,,,,,off,,0,0.0,1.276256,559.0,0.0625,0.001333,long_risk_6d_quantile_combo_v2,1497,2089,24.8553,48,all_idle,1211.75,294,438,layer5_order_arrival_manifest_v1,True,1074.0,265,,,,,,,,,,,,,,,,,,,,,,,,,,,,,,,0,0,2089,1.054511,0.360332,0.038376,0.217706,0.774126,0.832146,0.905516,84.4667,1246,0.1875,0.107222,physical_only_legacy,37493,18,7,3.4964,1.0,0.1072,835.99,3,5.2397
map20_r48_s4,low,911,ComboS1J1,1500,canonical_bfs_service_cell_v1,272,7.6103,2070,1500,107.107,23.54368932038835,2.3491,38.23439667128987,0.1205,216.0,141,141.0,0.109728,0.110502,721,0.321918,1285,1.0,0.742792,272,0.0,104,0.3824,272,0.391562,0.0147,4,0.7428,11.277665,50,-1.102651,0.327434,combo,0.0,0,0.0,0,0.0,0.0,0.0,0.0,0,272,conversion,0.0,0,0.0,1.287671,564.0,0.083333,0.001486,long_risk_6d_quantile_combo_v2,1497,2070,24.805,48,all_idle,1247.8,297,438,layer5_order_arrival_manifest_v1,True,1098.5,267,0.7800947834393082,False,0.8579234530695539,12473,15092,False,True,1307,24.258001770912553,False,True,-0.24685820108547918,j_ascending,False,1497,1108,76,80,1.5156980627922512,WorldModelTaskAssigner.select_robots_unmodified,s1_within_context,True,phase_c_psi_dispatch_v1,0.8190091182544778,0.7126946021873566,10.081496325985304,0,0,0.43160723215065305,2.070390206579954,0,0,2070,1.073723,0.399348,0.035578,0.242021,0.890489,0.937493,0.996176,85.6667,1276,0.25,0.197389,physical_only_legacy,29065,20,7,3.34,1.0,0.1974,1327.17,3,5.1625
map20_r48_s4,low,912,Greedy,1500,,,,,,,35.52972611890448,3.1114,49.65865063460254,0.1209,186.15,352,352.0,0.380541,0.415094,1497,0.763557,925,1.0,0.352972,,,,,,,,,,,,,,,,,,,,,,,,,,,,,0.399132,184.0,0.104167,0.009361,,,,,48,,613.0,109,461,layer5_order_arrival_manifest_v1,False,386.5,75,,,,,,,,,,,,,,,,,,,,,,,,,,,,,,,,,,,,,,,,,61.6667,848,0.333333,0.138722,physical_only_legacy,13329,20,7,2.2831,1.0,0.1387,1101.18,,4.9568
map20_r48_s4,low,912,Hungarian,1500,,,,,,,22.301204819277107,2.0718,35.61746987951807,0.0664,122.55,70,70.0,0.053394,0.053476,332,0.151844,1311,1.0,0.840944,,,,,,,,,,,,,,,,,,,,,,,,,,,,,1.629067,751.0,0.083333,0.000833,,,,,48,,1295.5,391,461,layer5_order_arrival_manifest_v1,True,1140.25,360,,,,,,,,,,,,,,,,,,,,,,,,,,,,,,,,,,,,,,,,,87.4,1309,0.291667,0.236875,physical_only_legacy,23280,18,7,2.7038,1.0,0.2369,2285.14,,4.6911
map20_r48_s4,low,912,JSQ,1500,,,,,,,32.644444444444446,2.9462,46.61441441441441,0.1356,185.4,389,389.0,0.488693,0.532877,1665,0.843818,796,0.854167,0.272375,,,,,,,,,,,,,,,,,,,,,,,,,,,,,0.251627,116.0,0.104167,0.008861,,,,,48,,577.9,72,461,layer5_order_arrival_manifest_v1,True,329.25,44,,,,,,,,,,,,,,,,,,,,,,,,,,,,,,,,,,,,,,,,,53.0667,730,0.208333,0.076972,physical_only_legacy,12661,20,7,2.038,1.0,0.077,454.8,,4.7047
map20_r48_s4,low,912,PhaseC,1500,canonical_bfs_service_cell_v1,209,10.8708,2272,1500,48.6363,24.103578154425612,2.2523,37.85122410546139,0.0894,152.85,124,124.0,0.096348,0.096724,531,0.26898,1287,1.0,0.760556,209,,,,,,,,,,,,,combo,,,,,,,,,,,off,,0,0.0,1.37744,635.0,0.083333,0.00225,long_risk_6d_quantile_combo_v2,1497,2272,25.2656,48,all_idle,1168.0,337,461,layer5_order_arrival_manifest_v1,True,980.75,298,,,,,,,,,,,,,,,,,,,,,,,,,,,,,,,0,0,2272,1.108388,0.376879,0.006035,0.257871,0.877506,0.936045,1.008729,85.8,1282,0.166667,0.108194,physical_only_legacy,37336,14,7,3.5213,1.0,0.1082,898.27,3,5.0844
map20_r48_s4,low,912,ComboS1J1,1500,canonical_bfs_service_cell_v1,399,9.812,3915,1500,135.7553,24.68040293040293,2.3882,38.76282051282051,0.1469,134.8,213,213.0,0.209234,0.21173,1092,0.462039,1018,0.979167,0.552236,399,0.0,164,0.411,399,0.415073,0.01,4,0.718083,12.659934,50,-1.555573,0.225568,combo,0.0,0,0.0,0,0.0,0.0,0.0,0.0,0,399,conversion,0.0,0,0.0,1.013015,467.0,0.104167,0.002319,long_risk_6d_quantile_combo_v2,1497,3915,24.9857,48,all_idle,1021.5,248,461,layer5_order_arrival_manifest_v1,True,798.2,219,0.6565915776321954,False,0.8073923247104396,7308,8284,False,True,1116,24.824986819304712,False,True,-0.29622089006617414,j_ascending,False,1497,827,80,82,5.480293921175685,WorldModelTaskAssigner.select_robots_unmodified,s1_within_context,True,phase_c_psi_dispatch_v1,0.7319919511713303,0.552463572786897,5.53373413493654,0,0,0.3190785494234138,2.203405017921147,0,0,3915,1.084725,0.457457,0.017381,0.43787,0.882208,0.957653,1.030528,67.8667,1006,0.333333,0.185306,physical_only_legacy,19125,16,7,2.4567,1.0,0.1853,2239.9,3,4.7546
map20_r48_s4,low,913,Greedy,1500,,,,,,,28.083086053412462,2.6893,41.612265084075176,0.1328,136.0,221,221.0,0.191176,0.191508,1011,0.555276,1156,1.0,0.6295,,,,,,,,,,,,,,,,,,,,,,,,,,,,,0.801508,319.0,0.083333,0.002986,,,,,48,,1141.0,177,398,layer5_order_arrival_manifest_v1,False,709.75,142,,,,,,,,,,,,,,,,,,,,,,,,,,,,,,,,,,,,,,,,,77.0667,1154,0.1875,0.05325,physical_only_legacy,33114,14,7,3.0533,1.0,0.0532,567.82,,5.0574
map20_r48_s4,low,913,Hungarian,1500,,,,,,,26.332574031890662,2.8279,39.875284738041,0.1555,127.0,387,387.0,5.30137,10.459459,1756,0.972362,73,0.166667,0.009389,,,,,,,,,,,,,,,,,,,,,,,,,,,,,0.027638,11.0,0.083333,0.002972,,,,,48,,52.5,11,398,layer5_order_arrival_manifest_v1,True,0.0,0,,,,,,,,,,,,,,,,,,,,,,,,,,,,,,,,,,,,,,,,,4.8667,37,0.104167,0.00875,physical_only_legacy,845,16,7,0.8177,1.0,0.0088,46.37,,3.987
map20_r48_s4,low,913,JSQ,1500,,,,,,,27.451851851851853,2.6857,41.01111111111111,0.1304,152.05,240,240.0,0.207612,0.207972,1080,0.603015,1156,1.0,0.607903,,,,,,,,,,,,,,,,,,,,,,,,,,,,,0.70603,281.0,0.0625,0.002694,,,,,48,,1186.5,158,398,layer5_order_arrival_manifest_v1,True,759.0,123,,,,,,,,,,,,,,,,,,,,,,,,,,,,,,,,,,,,,,,,,77.0667,1154,0.145833,0.052833,physical_only_legacy,31588,14,7,2.9527,1.0,0.0528,575.2,,5.0024
map20_r48_s4,low,913,PhaseC,1500,canonical_bfs_service_cell_v1,582,21.7526,12660,1500,247.6297,23.757998836532867,2.6605,37.23094822571262,0.1354,127.0,387,387.0,7.897959,38.7,1719,0.972362,49,0.125,0.006056,582,,,,,,,,,,,,,combo,,,,,,,,,,,off,,0,0.0,0.027638,11.0,0.0625,0.002361,long_risk_6d_quantile_combo_v2,1497,12660,24.9176,48,all_idle,52.5,11,398,layer5_order_arrival_manifest_v1,True,0.0,0,,,,,,,,,,,,,,,,,,,,,,,,,,,,,,,0,0,12660,0.962708,0.266341,0.01961,0.223667,0.445806,0.637624,0.828908,3.2667,10,0.125,0.008306,physical_only_legacy,601,15,7,0.7096,1.0,0.0083,415.74,3,3.8288
map20_r48_s4,low,913,ComboS1J1,1500,canonical_bfs_service_cell_v1,580,21.5759,12514,1500,252.4336,24.335276967930028,2.6778,37.68104956268222,0.1369,133.6,388,388.0,7.461538,48.5,1715,0.974874,52,0.166667,0.007472,580,0.0,85,0.1466,580,0.152054,0.0086,5,0.596222,4.925675,50,-2.888725,0.142822,combo,0.0,0,0.0,0,0.0,0.0,0.0,0.0,0,580,conversion,0.0,0,0.0,0.025126,10.0,0.0625,0.002125,long_risk_6d_quantile_combo_v2,1497,12514,24.8889,48,all_idle,47.75,10,398,layer5_order_arrival_manifest_v1,True,0.0,0,0.018344969883185874,False,0.2125432246163975,15,615,False,True,417,25.0640455789739,False,True,0.09830383422037935,j_ascending,False,1497,6,2,2,23.698062792251168,WorldModelTaskAssigner.select_robots_unmodified,s1_within_context,True,phase_c_psi_dispatch_v1,0.11544409724979177,0.1959040860001876,0.41082164328657317,0,0,0.23159177694015387,1.026378896882494,0,0,12514,1.023749,0.275569,0.01961,0.237439,0.474992,0.606003,0.851652,3.4667,8,0.104167,0.007833,physical_only_legacy,703,16,7,0.7479,1.0,0.0078,414.39,3,3.8575
map20_r48_s4,low,914,Greedy,1500,,,,,,,24.048239895697524,2.2197,37.92959582790091,0.0926,171.65,170,170.0,0.140264,0.141431,767,0.458221,1212,1.0,0.687153,,,,,,,,,,,,,,,,,,,,,,,,,,,,,0.991914,368.0,0.083333,0.001819,,,,,48,,1171.0,201,371,layer5_order_arrival_manifest_v1,False,793.5,167,,,,,,,,,,,,,,,,,,,,,,,,,,,,,,,,,,,,,,,,,80.8,1202,0.229167,0.161347,physical_only_legacy,29644,20,7,3.1963,1.0,0.1613,1067.5,,4.9619
map20_r48_s4,low,914,Hungarian,1500,,,,,,,24.56106408706167,2.5552,38.279927448609435,0.1461,126.95,362,362.0,2.681481,8.619048,1654,0.975741,135,0.166667,0.012458,,,,,,,,,,,,,,,,,,,,,,,,,,,,,0.024259,9.0,0.083333,0.003778,,,,,48,,52.0,9,371,layer5_order_arrival_manifest_v1,True,0.0,0,,,,,,,,,,,,,,,,,,,,,,,,,,,,,,,,,,,,,,,,,9.0,42,0.145833,0.010403,physical_only_legacy,1008,17,7,0.8437,1.0,0.0104,42.7,,3.8559
map20_r48_s4,low,914,JSQ,1500,,,,,,,23.627935723114955,2.2048,37.74907292954264,0.0945,139.0,172,172.0,0.141914,0.143095,809,0.463612,1212,1.0,0.675347,,,,,,,,,,,,,,,,,,,,,,,,,,,,,0.975741,362.0,0.083333,0.001819,,,,,48,,1171.3,199,371,layer5_order_arrival_manifest_v1,True,839.0,163,,,,,,,,,,,,,,,,,,,,,,,,,,,,,,,,,,,,,,,,,80.8,1202,0.229167,0.161278,physical_only_legacy,28794,20,7,3.144,1.0,0.1613,1069.73,,4.9302
map20_r48_s4,low,914,PhaseC,1500,canonical_bfs_service_cell_v1,555,21.4198,11888,1500,234.0123,28.69939024390244,2.491,42.390853658536585,0.1579,137.0,361,361.0,0.48262,0.795154,1640,0.973046,748,0.208333,0.061694,555,,,,,,,,,,,,,combo,,,,,,,,,,,off,,0,0.0,0.026954,10.0,0.0625,0.002319,long_risk_6d_quantile_combo_v2,1497,11888,25.0504,48,all_idle,53.25,10,371,layer5_order_arrival_manifest_v1,True,0.0,0,,,,,,,,,,,,,,,,,,,,,,,,,,,,,,,0,0,11888,1.054702,0.460854,0.068989,0.481252,0.716487,0.790663,0.89141,49.8667,454,0.166667,0.063792,physical_only_legacy,611,15,7,0.7423,1.0,0.0638,1011.59,3,3.8384
map20_r48_s4,low,914,ComboS1J1,1500,canonical_bfs_service_cell_v1,290,11.3862,3302,1500,113.0727,26.699742268041238,2.4291,40.61082474226804,0.0945,204.95,170,170.0,0.140148,0.147059,776,0.458221,1213,1.0,0.65375,290,0.0,136,0.469,290,0.466271,0.0241,7,0.711537,9.782394,50,-1.779905,0.294049,combo,0.0,0,0.0,0,0.0,0.0,0.0,0.0,0,290,conversion,0.0,0,0.0,0.997305,370.0,0.125,0.005431,long_risk_6d_quantile_combo_v2,1497,3302,24.9495,48,all_idle,1100.0,201,371,layer5_order_arrival_manifest_v1,True,828.0,169,0.7772415200370906,False,0.7932129169463957,8384,9525,False,True,1102,24.699674236390422,False,True,-0.31489596001645115,j_ascending,False,1497,880,15,15,4.498997995991984,WorldModelTaskAssigner.select_robots_unmodified,s1_within_context,True,phase_c_psi_dispatch_v1,0.7852272184917445,0.5356462327817215,6.362725450901803,0,0,0.40501628416886165,2.882032667876588,0,0,3302,1.03209,0.453469,0.038983,0.404649,0.825184,0.895199,0.957861,80.8667,1156,0.291667,0.168125,physical_only_legacy,21454,19,7,2.678,1.0,0.1681,1483.32,3,4.8162
map20_r48_s4,low,915,Greedy,1500,,,,,,,32.113247863247864,2.7495,45.985470085470084,0.1269,143.3,555,555.0,3.425926,6.032609,2340,0.939086,162,0.1875,0.020736,,,,,,,,,,,,,,,,,,,,,,,,,,,,,0.064298,38.0,0.083333,0.006375,,,,,48,,103.0,36,591,layer5_order_arrival_manifest_v1,False,58.25,2,,,,,,,,,,,,,,,,,,,,,,,,,,,,,,,,,,,,,,,,,10.8,92,0.166667,0.01825,physical_only_legacy,2114,16,7,1.2316,1.0,0.0182,104.62,,4.1357
map20_r48_s4,low,915,Hungarian,1500,,,,,,,31.46562228024369,2.8057,45.31505657093125,0.1311,140.0,554,554.0,2.138996,3.847222,2298,0.937394,259,0.1875,0.027458,,,,,,,,,,,,,,,,,,,,,,,,,,,,,0.064298,38.0,0.104167,0.008472,,,,,48,,117.6,37,591,layer5_order_arrival_manifest_v1,True,5.0,1,,,,,,,,,,,,,,,,,,,,,,,,,,,,,,,,,,,,,,,,,17.2667,144,0.166667,0.020292,physical_only_legacy,2470,17,7,1.2573,1.0,0.0203,99.33,,4.1829
map20_r48_s4,low,915,JSQ,1500,,,,,,,32.22782608695652,2.7718,45.92913043478261,0.1233,157.7,554,554.0,2.357447,3.668874,2300,0.937394,235,0.1875,0.024944,,,,,,,,,,,,,,,,,,,,,,,,,,,,,0.067682,40.0,0.083333,0.006347,,,,,48,,162.2,37,591,layer5_order_arrival_manifest_v1,True,61.0,3,,,,,,,,,,,,,,,,,,,,,,,,,,,,,,,,,,,,,,,,,15.6667,151,0.208333,0.019306,physical_only_legacy,2324,17,7,1.2542,1.0,0.0193,100.79,,4.1556
map20_r48_s4,low,915,PhaseC,1500,canonical_bfs_service_cell_v1,800,9.9612,7969,1500,162.492,30.70236559139785,2.7469,44.45935483870968,0.1276,137.0,557,557.0,5.863158,16.382353,2325,0.94247,95,0.145833,0.014403,800,,,,,,,,,,,,,combo,,,,,,,,,,,off,,0,0.0,0.059222,35.0,0.083333,0.005347,long_risk_6d_quantile_combo_v2,1497,7969,24.8984,48,all_idle,90.55,34,591,layer5_order_arrival_manifest_v1,True,26.0,1,,,,,,,,,,,,,,,,,,,,,,,,,,,,,,,0,0,7969,0.989516,0.427232,-0.002196,0.429016,0.713322,0.798939,0.903893,6.3333,34,0.166667,0.014528,physical_only_legacy,1676,14,7,1.1609,1.0,0.0145,326.69,3,4.0961
map20_r48_s4,low,915,ComboS1J1,1500,canonical_bfs_service_cell_v1,793,9.4502,7494,1500,166.2275,32.26684050412864,2.8556,45.96349413298566,0.1293,169.75,558,558.0,2.296296,3.465839,2301,0.944162,243,0.208333,0.0285,793,0.0,215,0.2711,793,0.289429,0.0139,11,0.655674,9.098784,50,-1.953198,0.182007,combo,0.0,0,0.0,0,0.0,0.0,0.0,0.0,0,793,conversion,0.0,0,0.0,0.05753,34.0,0.083333,0.006375,long_risk_6d_quantile_combo_v2,1497,7494,24.9104,48,all_idle,96.2,33,591,layer5_order_arrival_manifest_v1,True,35.0,1,0.04793406915284005,False,0.24783031073899398,50,887,False,True,635,25.038494336910134,False,True,0.08272272134643567,j_ascending,False,1497,21,6,6,8.462257849031396,WorldModelTaskAssigner.select_robots_unmodified,s1_within_context,True,phase_c_psi_dispatch_v1,0.1478821899459172,0.23573161961496078,0.5925183700734803,0,0,0.225478202969743,1.0614173228346457,0,0,7494,1.026577,0.470316,0.000584,0.471553,0.77587,0.857127,0.949287,16.2,161,0.145833,0.017639,physical_only_legacy,2616,17,7,1.2813,1.0,0.0176,340.83,3,4.2154
map20_r48_s4,low,916,Greedy,1500,,,,,,,26.348096348096348,2.6138,40.52369852369852,0.1056,181.3,279,279.0,0.25,0.253867,1287,0.695761,1116,0.958333,0.516306,,,,,,,,,,,,,,,,,,,,,,,,,,,,,0.516209,207.0,0.125,0.004569,,,,,48,,1113.75,122,401,layer5_order_arrival_manifest_v1,False,534.0,85,,,,,,,,,,,,,,,,,,,,,,,,,,,,,,,,,,,,,,,,,74.4,1099,0.166667,0.096375,physical_only_legacy,23270,20,7,2.6218,1.0,0.0964,1037.6,,4.8197
map20_r48_s4,low,916,Hungarian,1500,,,,,,,24.857743097238895,2.6636,38.639855942376954,0.1541,130.65,390,390.0,3.823529,8.666667,1666,0.972569,102,0.229167,0.010806,,,,,,,,,,,,,,,,,,,,,,,,,,,,,0.027431,11.0,0.083333,0.003194,,,,,48,,57.5,11,401,layer5_order_arrival_manifest_v1,True,0.0,0,,,,,,,,,,,,,,,,,,,,,,,,,,,,,,,,,,,,,,,,,6.8,45,0.229167,0.012694,physical_only_legacy,845,20,7,0.757,1.0,0.0127,52.59,,3.8771
map20_r48_s4,low,916,JSQ,1500,,,,,,,25.343184559710494,2.6683,39.00723763570567,0.1516,141.45,392,392.0,2.84058,6.42623,1658,0.977556,138,0.291667,0.014139,,,,,,,,,,,,,,,,,,,,,,,,,,,,,0.022444,9.0,0.083333,0.003361,,,,,48,,56.0,9,401,layer5_order_arrival_manifest_v1,True,0.0,0,,,,,,,,,,,,,,,,,,,,,,,,,,,,,,,,,,,,,,,,,9.2,61,0.1875,0.014444,physical_only_legacy,950,17,7,0.7959,1.0,0.0144,87.02,,3.8981
map20_r48_s4,low,916,PhaseC,1500,canonical_bfs_service_cell_v1,562,21.6815,12185,1500,239.7074,24.19471153846154,2.5822,37.88521634615385,0.1476,136.2,390,390.0,4.431818,5.652174,1664,0.972569,88,0.229167,0.011764,562,,,,,,,,,,,,,combo,,,,,,,,,,,off,,0,0.0,0.027431,11.0,0.083333,0.003764,long_risk_6d_quantile_combo_v2,1497,12185,25.0725,48,all_idle,57.5,11,401,layer5_order_arrival_manifest_v1,True,0.0,0,,,,,,,,,,,,,,,,,,,,,,,,,,,,,,,0,0,12185,1.02612,0.283826,0.01237,0.23879,0.51036,0.663296,0.888501,5.8667,69,0.1875,0.010431,physical_only_legacy,908,17,7,0.7296,1.0,0.0104,397.08,3,3.814
map20_r48_s4,low,916,ComboS1J1,1500,canonical_bfs_service_cell_v1,547,22.4132,12260,1500,248.5783,24.113846153846154,2.601,37.86092307692308,0.1474,139.45,392,392.0,5.521127,14.518519,1625,0.977556,71,0.145833,0.008944,547,0.0,131,0.2395,547,0.237096,0.0091,5,0.607872,5.327068,50,-2.943955,0.176931,combo,0.0,0,0.0,0,0.0,0.0,0.0,0.0,0,547,conversion,0.0,0,0.0,0.022444,9.0,0.083333,0.002375,long_risk_6d_quantile_combo_v2,1497,12260,25.1032,48,all_idle,51.0,9,401,layer5_order_arrival_manifest_v1,True,0.0,0,0.023682840140560185,False,0.21884219794803855,21,548,False,True,388,25.1763298958732,False,True,0.0819321813377255,j_ascending,False,1497,4,0,0,24.83366733466934,WorldModelTaskAssigner.select_robots_unmodified,s1_within_context,True,phase_c_psi_dispatch_v1,0.12126251904429936,0.1819210487560634,0.36606546426185704,0,0,0.22446835200798554,1.0283505154639174,0,0,12260,1.002287,0.296584,0.025054,0.244805,0.566908,0.709621,0.867363,4.7333,27,0.125,0.008042,physical_only_legacy,836,16,7,0.7376,1.0,0.008,408.83,3,3.8247
map20_r48_s4,low,917,Greedy,1500,,,,,,,30.10425937698665,2.8931,44.201525746980295,0.1244,148.6,345,345.0,0.382483,0.400232,1573,0.780543,902,1.0,0.373556,,,,,,,,,,,,,,,,,,,,,,,,,,,,,0.361991,160.0,0.083333,0.004083,,,,,48,,846.0,97,442,layer5_order_arrival_manifest_v1,False,314.5,63,,,,,,,,,,,,,,,,,,,,,,,,,,,,,,,,,,,,,,,,,60.1333,862,0.166667,0.078444,physical_only_legacy,16287,17,7,2.1681,1.0,0.0784,691.2,,4.7334
map20_r48_s4,low,917,Hungarian,1500,,,,,,,23.853398058252427,2.4709,38.040776699029124,0.1366,267.7,243,243.0,0.203177,0.205584,1030,0.549774,1196,0.979167,0.621431,,,,,,,,,,,,,,,,,,,,,,,,,,,,,0.823529,364.0,0.104167,0.001639,,,,,48,,1138.5,199,442,layer5_order_arrival_manifest_v1,True,793.0,165,,,,,,,,,,,,,,,,,,,,,,,,,,,,,,,,,,,,,,,,,79.7333,1182,0.208333,0.104736,physical_only_legacy,28803,17,7,2.9219,1.0,0.1047,968.33,,4.9377
map20_r48_s4,low,917,JSQ,1500,,,,,,,29.37720207253886,2.869,43.2580310880829,0.1313,141.0,431,431.0,3.078571,4.144231,1930,0.975113,140,0.333333,0.020389,,,,,,,,,,,,,,,,,,,,,,,,,,,,,0.024887,11.0,0.083333,0.005139,,,,,48,,57.5,11,442,layer5_order_arrival_manifest_v1,True,0.0,0,,,,,,,,,,,,,,,,,,,,,,,,,,,,,,,,,,,,,,,,,9.3333,104,0.1875,0.016597,physical_only_legacy,1302,17,7,1.0992,1.0,0.0166,93.26,,4.132
map20_r48_s4,low,917,PhaseC,1500,canonical_bfs_service_cell_v1,657,16.8935,11099,1500,218.8667,27.956230690010297,2.6789,42.12564366632338,0.1414,135.0,431,431.0,6.246377,11.051282,1942,0.975113,69,0.125,0.008986,657,,,,,,,,,,,,,combo,,,,,,,,,,,off,,0,0.0,0.024887,11.0,0.083333,0.002833,long_risk_6d_quantile_combo_v2,1497,11099,24.8738,48,all_idle,57.5,11,442,layer5_order_arrival_manifest_v1,True,0.0,0,,,,,,,,,,,,,,,,,,,,,,,,,,,,,,,0,0,11099,0.977674,0.360593,0.056497,0.343671,0.540502,0.641495,0.853444,4.6,39,0.125,0.010431,physical_only_legacy,935,15,7,1.0215,1.0,0.0104,375.26,3,4.0021
map20_r48_s4,low,917,ComboS1J1,1500,canonical_bfs_service_cell_v1,643,17.5537,11287,1500,230.2725,28.26448893572181,2.7363,42.16280295047418,0.137,136.0,431,431.0,16.576923,43.1,1898,0.975113,26,0.125,0.008181,643,0.0,117,0.182,643,0.194862,0.0062,4,0.616288,6.615774,50,-2.690745,0.170628,combo,0.0,0,0.0,0,0.0,0.0,0.0,0.0,0,643,conversion,0.0,0,0.0,0.024887,11.0,0.083333,0.003472,long_risk_6d_quantile_combo_v2,1497,11287,24.8527,48,all_idle,57.5,11,442,layer5_order_arrival_manifest_v1,True,0.0,0,0.02159373438119009,False,0.20481699525374422,9,664,False,True,453,24.90597457992978,False,True,0.10291880233923041,j_ascending,False,1497,2,0,0,18.00734802939212,WorldModelTaskAssigner.select_robots_unmodified,s1_within_context,True,phase_c_psi_dispatch_v1,0.1132053648174673,0.20447191655220665,0.44355377421509684,0,0,0.22777641776118832,1.0176600441501105,0,0,11287,0.983496,0.366747,0.052565,0.347485,0.55799,0.686827,0.869059,1.7333,10,0.145833,0.012153,physical_only_legacy,861,16,7,1.0308,1.0,0.0122,407.9,3,4.0327
map20_r48_s4,low,918,Greedy,1500,,,,,,,31.694501018329937,2.965,45.76374745417515,0.1063,166.7,214,214.0,0.198516,0.205769,982,0.540404,1078,1.0,0.596556,,,,,,,,,,,,,,,,,,,,,,,,,,,,,0.840909,333.0,0.104167,0.004333,,,,,48,,1039.75,182,396,layer5_order_arrival_manifest_v1,False,730.0,151,,,,,,,,,,,,,,,,,,,,,,,,,,,,,,,,,,,,,,,,,71.8667,1040,0.291667,0.159264,physical_only_legacy,25388,21,7,3.1298,1.0,0.1593,944.16,,5.313
map20_r48_s4,low,918,Hungarian,1500,,,,,,,34.27384868421053,3.146,48.22697368421053,0.1398,195.0,261,261.0,0.230362,0.236842,1216,0.659091,1133,1.0,0.503472,,,,,,,,,,,,,,,,,,,,,,,,,,,,,0.593434,235.0,0.083333,0.004972,,,,,48,,887.5,135,396,layer5_order_arrival_manifest_v1,True,480.5,100,,,,,,,,,,,,,,,,,,,,,,,,,,,,,,,,,,,,,,,,,75.5333,1102,0.270833,0.133403,physical_only_legacy,22119,20,7,2.9301,1.0,0.1334,833.1,,5.3112
map20_r48_s4,low,918,JSQ,1500,,,,,,,25.276625172890732,2.4939,39.24757952973721,0.1317,177.6,148,148.0,0.116627,0.1184,723,0.373737,1269,1.0,0.726708,,,,,,,,,,,,,,,,,,,,,,,,,,,,,1.169192,463.0,0.0625,0.001431,,,,,48,,1228.25,248,396,layer5_order_arrival_manifest_v1,True,1081.6,215,,,,,,,,,,,,,,,,,,,,,,,,,,,,,,,,,,,,,,,,,84.6,1250,0.145833,0.05675,physical_only_legacy,38935,17,7,3.4428,1.0,0.0567,635.36,,5.1568
map20_r48_s4,low,918,PhaseC,1500,canonical_bfs_service_cell_v1,302,8.7285,2636,1500,56.5037,30.13193588162762,2.8727,44.24414303329223,0.1201,180.5,176,176.0,0.149026,0.154793,811,0.444444,1181,1.0,0.670931,302,,,,,,,,,,,,,combo,,,,,,,,,,,off,,0,0.0,1.032828,409.0,0.083333,0.004403,long_risk_6d_quantile_combo_v2,1497,2636,25.1628,48,all_idle,1107.3,220,396,layer5_order_arrival_manifest_v1,True,888.0,189,,,,,,,,,,,,,,,,,,,,,,,,,,,,,,,0,0,2636,1.010704,0.426113,0.051739,0.446472,0.817556,0.889115,0.950585,78.7333,1137,0.270833,0.157889,physical_only_legacy,29710,20,7,3.332,1.0,0.1579,950.16,3,5.3804
map20_r48_s4,low,918,ComboS1J1,1500,canonical_bfs_service_cell_v1,428,9.3762,4013,1500,118.1473,30.276936026936028,2.9169,44.11952861952862,0.1044,194.6,268,268.0,0.266932,0.279458,1188,0.676768,1004,0.958333,0.498097,428,0.0,155,0.3621,428,0.377837,0.0117,5,0.73135,11.717745,50,-1.676362,0.286967,combo,0.0,0,0.0,0,0.0,0.0,0.0,0.0,0,428,conversion,0.0,0,0.0,0.560606,222.0,0.0625,0.003,long_risk_6d_quantile_combo_v2,1497,4013,25.1673,48,all_idle,941.5,128,396,layer5_order_arrival_manifest_v1,True,571.75,94,0.585295122351067,False,0.6373743593038352,4834,5792,False,True,973,24.805742562896853,False,True,-0.10363535612446123,j_ascending,False,1497,629,39,39,4.645958583834335,WorldModelTaskAssigner.select_robots_unmodified,s1_within_context,True,phase_c_psi_dispatch_v1,0.6113347408274403,0.5905784012026858,3.8690714762859053,0,0,0.4248203682032728,2.0822199383350464,0,0,4013,1.027845,0.465372,0.051739,0.472784,0.828727,0.901584,0.96818,66.9333,959,0.25,0.130472,physical_only_legacy,21377,20,7,2.7917,1.0,0.1305,1025.17,3,5.0892
map20_r48_s4,low,919,Greedy,1500,,,,,,,32.7359022556391,3.0217,46.90695488721804,0.1327,150.4,473,473.0,1.030501,1.30663,2128,0.918447,459,0.8125,0.120333,,,,,,,,,,,,,,,,,,,,,,,,,,,,,0.102913,53.0,0.125,0.007069,,,,,48,,314.65,42,515,layer5_order_arrival_manifest_v1,False,222.5,11,,,,,,,,,,,,,,,,,,,,,,,,,,,,,,,,,,,,,,,,,30.6,362,0.3125,0.060347,physical_only_legacy,5070,22,7,1.5442,1.0,0.0603,363.37,,4.476
map20_r48_s4,low,919,Hungarian,1500,,,,,,,31.93138618451553,2.8523,45.592953175707,0.1264,141.0,501,501.0,2.408654,2.982143,2157,0.972816,208,0.25,0.024847,,,,,,,,,,,,,,,,,,,,,,,,,,,,,0.027184,14.0,0.083333,0.006611,,,,,48,,133.75,14,515,layer5_order_arrival_manifest_v1,True,0.0,0,,,,,,,,,,,,,,,,,,,,,,,,,,,,,,,,,,,,,,,,,13.8667,168,0.1875,0.0225,physical_only_legacy,2118,19,7,1.2636,1.0,0.0225,103.12,,4.2069
map20_r48_s4,low,919,JSQ,1500,,,,,,,26.733383121732636,2.6749,41.41747572815534,0.1427,161.75,286,286.0,0.282888,0.291837,1339,0.55534,1011,0.979167,0.5035,,,,,,,,,,,,,,,,,,,,,,,,,,,,,0.825243,425.0,0.104167,0.002431,,,,,48,,922.0,229,515,layer5_order_arrival_manifest_v1,True,757.25,196,,,,,,,,,,,,,,,,,,,,,,,,,,,,,,,,,,,,,,,,,67.4,980,0.125,0.060861,physical_only_legacy,25424,16,7,2.653,1.0,0.0609,632.79,,4.8675
map20_r48_s4,low,919,PhaseC,1500,canonical_bfs_service_cell_v1,721,12.6311,9107,1500,182.4054,31.133395960544856,2.8184,45.359793330201974,0.1302,151.0,502,502.0,2.901734,4.254237,2129,0.974757,173,0.229167,0.021917,721,,,,,,,,,,,,,combo,,,,,,,,,,,off,,0,0.0,0.025243,13.0,0.104167,0.007347,long_risk_6d_quantile_combo_v2,1497,9107,24.8112,48,all_idle,78.0,13,515,layer5_order_arrival_manifest_v1,True,0.0,0,,,,,,,,,,,,,,,,,,,,,,,,,,,,,,,0,0,9107,1.075259,0.480202,0.050391,0.44795,0.754676,0.843127,0.964431,11.5333,118,0.1875,0.022472,physical_only_legacy,1819,19,7,1.2133,1.0,0.0225,375.03,3,4.1685
map20_r48_s4,low,919,ComboS1J1,1500,canonical_bfs_service_cell_v1,737,10.0448,7403,1500,160.7832,30.817153628652214,2.8887,44.923656927426954,0.1329,154.85,484,484.0,1.507788,1.854406,2122,0.939806,321,0.604167,0.077181,737,0.0,230,0.3121,737,0.316512,0.0176,13,0.67115,9.59805,50,-2.058855,0.233193,combo,0.0,0,0.0,0,0.0,0.0,0.0,0.0,0,737,conversion,0.0,0,0.0,0.060194,31.0,0.083333,0.006444,long_risk_6d_quantile_combo_v2,1497,7403,24.8542,48,all_idle,301.5,31,515,layer5_order_arrival_manifest_v1,True,0.0,0,0.027104025135914554,False,0.21758207070707208,31,784,False,True,536,25.050266779639493,False,True,0.10786751091293534,j_ascending,False,1497,15,5,5,9.015364061456246,WorldModelTaskAssigner.select_robots_unmodified,s1_within_context,True,phase_c_psi_dispatch_v1,0.12234304792149348,0.23027150301566843,0.5237140948563794,0,0,0.23014961465318895,1.0298507462686568,0,0,7403,1.083545,0.510588,0.083699,0.468974,0.840113,0.917439,1.003643,21.4,261,0.25,0.045528,physical_only_legacy,3190,20,7,1.4022,1.0,0.0455,537.21,3,4.3239
map20_r48_s4,low,920,Greedy,1500,,,,,,,32.01159678858162,2.9367,46.18108831400535,0.1291,152.4,525,525.0,1.581325,1.875,2242,0.934164,332,0.708333,0.084708,,,,,,,,,,,,,,,,,,,,,,,,,,,,,0.071174,40.0,0.083333,0.00625,,,,,48,,237.0,37,562,layer5_order_arrival_manifest_v1,False,176.5,3,,,,,,,,,,,,,,,,,,,,,,,,,,,,,,,,,,,,,,,,,22.1333,280,0.1875,0.029014,physical_only_legacy,4435,18,7,1.3835,1.0,0.029,210.74,,4.3182
map20_r48_s4,low,920,Hungarian,1500,,,,,,,29.8580204778157,2.849,43.95290102389078,0.1368,140.0,342,342.0,0.364995,0.382123,1465,0.608541,937,1.0,0.428319,,,,,,,,,,,,,,,,,,,,,,,,,,,,,0.72242,406.0,0.083333,0.003403,,,,,48,,823.3,220,562,layer5_order_arrival_manifest_v1,True,543.75,186,,,,,,,,,,,,,,,,,,,,,,,,,,,,,,,,,,,,,,,,,62.4667,895,0.229167,0.078417,physical_only_legacy,20853,21,7,2.4837,1.0,0.0784,560.72,,4.8815
map20_r48_s4,low,920,JSQ,1500,,,,,,,30.027649769585253,2.8641,43.87711213517665,0.1287,166.6,465,465.0,0.75487,0.815789,1953,0.827402,616,0.833333,0.229597,,,,,,,,,,,,,,,,,,,,,,,,,,,,,0.27758,156.0,0.104167,0.004639,,,,,48,,576.6,97,562,layer5_order_arrival_manifest_v1,True,426.7,59,,,,,,,,,,,,,,,,,,,,,,,,,,,,,,,,,,,,,,,,,41.0667,570,0.1875,0.049861,physical_only_legacy,10968,18,7,1.7976,1.0,0.0499,416.27,,4.5093
map20_r48_s4,low,920,PhaseC,1500,canonical_bfs_service_cell_v1,233,10.4979,2446,1500,51.2032,29.135537190082644,2.6989,43.079338842975204,0.1534,196.8,137,137.0,0.11004,0.112203,605,0.243772,1245,1.0,0.738986,233,,,,,,,,,,,,,combo,,,,,,,,,,,off,,0,0.0,1.455516,818.0,0.104167,0.003125,long_risk_6d_quantile_combo_v2,1497,2446,24.7584,48,all_idle,1137.4,425,562,layer5_order_arrival_manifest_v1,True,1032.4,393,,,,,,,,,,,,,,,,,,,,,,,,,,,,,,,0,0,2446,1.066963,0.435511,-0.029459,0.483868,0.854418,0.905899,0.972412,83.0,1221,0.208333,0.135083,physical_only_legacy,26432,18,7,2.4949,1.0,0.1351,1390.94,3,4.8853
map20_r48_s4,low,920,ComboS1J1,1500,canonical_bfs_service_cell_v1,764,9.5039,7261,1500,158.9979,33.34896063688633,2.9991,47.32861565678903,0.13,180.65,548,548.0,3.321212,4.724138,2261,0.975089,165,0.1875,0.023639,764,0.0,153,0.2003,764,0.220551,0.0065,5,0.662762,8.938966,50,-2.013127,0.219848,combo,0.0,0,0.0,0,0.0,0.0,0.0,0.0,0,764,conversion,0.0,0,0.0,0.024911,14.0,0.083333,0.006042,long_risk_6d_quantile_combo_v2,1497,7261,24.8287,48,all_idle,77.0,14,562,layer5_order_arrival_manifest_v1,True,0.0,0,0.04772226228960471,False,0.24706246037534652,27,815,False,True,568,25.021828709393215,False,True,0.07816870047642191,j_ascending,False,1497,12,3,3,8.561790247160989,WorldModelTaskAssigner.select_robots_unmodified,s1_within_context,True,phase_c_psi_dispatch_v1,0.14739236133247569,0.23100176118314267,0.5444221776887107,0,0,0.2201203624346505,1.0721830985915493,0,0,7261,1.092468,0.475252,-0.029459,0.458766,0.802658,0.876446,0.963857,11.0,116,0.1875,0.020514,physical_only_legacy,2141,20,7,1.266,1.0,0.0205,336.43,3,4.283
map20_r48_s4,low,921,Greedy,1500,,,,,,,33.41289198606272,2.8321,47.45165505226481,0.1328,160.0,521,521.0,2.198312,3.216049,2296,0.95073,237,0.270833,0.032014,,,,,,,,,,,,,,,,,,,,,,,,,,,,,0.05292,29.0,0.125,0.008611,,,,,48,,102.0,27,548,layer5_order_arrival_manifest_v1,False,43.75,2,,,,,,,,,,,,,,,,,,,,,,,,,,,,,,,,,,,,,,,,,15.8,162,0.229167,0.027431,physical_only_legacy,2737,20,7,1.2995,1.0,0.0274,110.87,,4.226
map20_r48_s4,low,921,Hungarian,1500,,,,,,,33.26836646499568,2.9757,46.95419187554019,0.1298,139.0,521,521.0,1.840989,3.36129,2314,0.95073,283,0.208333,0.028403,,,,,,,,,,,,,,,,,,,,,,,,,,,,,0.04927,27.0,0.083333,0.006986,,,,,48,,119.9,27,548,layer5_order_arrival_manifest_v1,True,0.0,0,,,,,,,,,,,,,,,,,,,,,,,,,,,,,,,,,,,,,,,,,18.8667,155,0.1875,0.019792,physical_only_legacy,2696,17,7,1.2889,1.0,0.0198,78.37,,4.2819
map20_r48_s4,low,921,JSQ,1500,,,,,,,29.88894301022893,2.7419,43.86117876278617,0.1374,150.0,466,466.0,1.122892,1.188776,2053,0.850365,415,0.791667,0.141319,,,,,,,,,,,,,,,,,,,,,,,,,,,,,0.237226,130.0,0.104167,0.006444,,,,,48,,370.95,82,548,layer5_order_arrival_manifest_v1,True,187.5,48,,,,,,,,,,,,,,,,,,,,,,,,,,,,,,,,,,,,,,,,,27.6667,392,0.270833,0.054861,physical_only_legacy,5667,20,7,1.5247,1.0,0.0549,358.22,,4.3256
map20_r48_s4,low,921,PhaseC,1500,canonical_bfs_service_cell_v1,774,9.7377,7537,1500,155.4147,31.433869526362823,2.7112,45.481680071492406,0.1359,175.75,496,496.0,1.790614,2.137931,2238,0.905109,277,0.5625,0.046194,774,,,,,,,,,,,,,combo,,,,,,,,,,,off,,0,0.0,0.124088,68.0,0.083333,0.007528,long_risk_6d_quantile_combo_v2,1497,7537,25.1065,48,all_idle,261.3,52,548,layer5_order_arrival_manifest_v1,True,155.5,16,,,,,,,,,,,,,,,,,,,,,,,,,,,,,,,0,0,7537,1.063377,0.453873,0.022915,0.433335,0.745896,0.818844,0.909664,18.4667,232,0.270833,0.02825,physical_only_legacy,2835,20,7,1.3141,1.0,0.0282,390.92,3,4.1768
map20_r48_s4,low,921,ComboS1J1,1500,canonical_bfs_service_cell_v1,379,9.686,3671,1500,126.5199,21.773294908741594,2.2429,35.25936599423631,0.1156,206.0,253,253.0,0.218858,0.219428,1041,0.461679,1156,1.0,0.620014,379,0.0,136,0.3588,379,0.381201,0.0053,2,0.732804,10.959114,50,-1.744249,0.249897,combo,0.0,0,0.0,0,0.0,0.0,0.0,0.0,0,379,conversion,0.0,0,0.0,1.0,548.0,0.083333,0.002597,long_risk_6d_quantile_combo_v2,1497,3671,24.8589,48,all_idle,1163.0,295,548,layer5_order_arrival_manifest_v1,True,843.0,253,0.6951625861169839,False,0.8244210443245584,7046,8280,False,True,1030,24.861199505518652,False,True,-0.3507953808480256,j_ascending,False,1497,755,44,45,4.132932531730127,WorldModelTaskAssigner.select_robots_unmodified,s1_within_context,True,phase_c_psi_dispatch_v1,0.7597918152207783,0.505761175242743,5.531062124248497,0,0,0.3122316935027675,2.095145631067961,0,0,3671,1.01071,0.491002,0.022915,0.465343,0.891336,0.932325,0.982114,77.0667,1153,0.145833,0.069917,physical_only_legacy,31187,16,7,3.0094,1.0,0.0699,927.91,3,4.8117
map20_r48_s4,low,922,Greedy,1500,,,,,,,31.80955829109341,3.0218,45.89427950760319,0.1216,153.75,316,316.0,0.36787,0.389163,1381,0.711712,859,1.0,0.445736,,,,,,,,,,,,,,,,,,,,,,,,,,,,,0.511261,227.0,0.104167,0.005556,,,,,48,,783.25,128,444,layer5_order_arrival_manifest_v1,False,470.5,99,,,,,,,,,,,,,,,,,,,,,,,,,,,,,,,,,,,,,,,,,57.2667,812,0.25,0.115597,physical_only_legacy,19625,20,7,2.6069,1.0,0.1156,735.27,,5.0515
map20_r48_s4,low,922,Hungarian,1500,,,,,,,21.445652173913043,2.0691,35.0804347826087,0.1513,136.5,86,86.0,0.06196,0.062094,460,0.193694,1388,1.0,0.845444,,,,,,,,,,,,,,,,,,,,,,,,,,,,,1.565315,695.0,0.0625,0.000583,,,,,48,,1300.75,358,444,layer5_order_arrival_manifest_v1,True,1235.4,337,,,,,,,,,,,,,,,,,,,,,,,,,,,,,,,,,,,,,,,,,92.5333,1385,0.208333,0.116694,physical_only_legacy,42055,15,7,3.7656,1.0,0.1167,1076.97,,5.1853
map20_r48_s4,low,922,JSQ,1500,,,,,,,30.9080824088748,3.1068,44.80507131537242,0.1423,163.35,434,434.0,2.106796,4.717391,1893,0.977477,206,0.270833,0.024347,,,,,,,,,,,,,,,,,,,,,,,,,,,,,0.022523,10.0,0.0625,0.005556,,,,,48,,61.5,10,444,layer5_order_arrival_manifest_v1,True,0.0,0,,,,,,,,,,,,,,,,,,,,,,,,,,,,,,,,,,,,,,,,,13.7333,92,0.208333,0.017667,physical_only_legacy,2036,21,7,1.0974,1.0,0.0177,89.08,,4.2621
map20_r48_s4,low,922,PhaseC,1500,canonical_bfs_service_cell_v1,456,7.2895,3324,1500,72.0264,31.63364779874214,3.0803,46.02122641509434,0.1258,209.0,301,301.0,0.295678,0.307771,1272,0.677928,1018,1.0,0.492028,456,,,,,,,,,,,,,combo,,,,,,,,,,,off,,0,0.0,0.567568,252.0,0.083333,0.005403,long_risk_6d_quantile_combo_v2,1497,3324,25.1103,48,all_idle,923.0,143,444,layer5_order_arrival_manifest_v1,True,608.0,109,,,,,,,,,,,,,,,,,,,,,,,,,,,,,,,0,0,3324,1.018601,0.447259,-0.003285,0.459486,0.845871,0.905916,0.963936,67.8667,978,0.25,0.136986,physical_only_legacy,20508,20,7,2.7806,1.0,0.137,917.13,3,5.1932
map20_r48_s4,low,922,ComboS1J1,1500,canonical_bfs_service_cell_v1,637,16.248,10350,1500,215.6143,29.275624004248538,3.0342,43.3133297928837,0.1375,156.6,433,433.0,3.115108,4.920455,1883,0.975225,139,0.229167,0.019972,637,0.0,104,0.1633,637,0.175506,0.011,7,0.632712,7.063063,50,-2.485089,0.207662,combo,0.0,0,0.0,0,0.0,0.0,0.0,0.0,0,637,conversion,0.0,0,0.0,0.024775,11.0,0.083333,0.003861,long_risk_6d_quantile_combo_v2,1497,10350,25.0392,48,all_idle,62.5,11,444,layer5_order_arrival_manifest_v1,True,0.0,0,0.035153689715209956,False,0.22400737602009,31,708,False,True,474,25.596971735594018,False,True,0.08873495649626481,j_ascending,False,1497,14,3,3,17.595190380761522,WorldModelTaskAssigner.select_robots_unmodified,s1_within_context,True,phase_c_psi_dispatch_v1,0.12958053286765012,0.21013668281589187,0.4729458917835671,0,0,0.22649429591193712,1.0864978902953586,0,0,10350,1.004819,0.321661,0.02816,0.262451,0.609509,0.703268,0.866243,9.2667,88,0.166667,0.016375,physical_only_legacy,1665,18,7,1.0183,1.0,0.0164,402.88,3,4.1801
map20_r48_s4,low,923,Greedy,1500,,,,,,,18.506944444444443,1.8602,31.658333333333335,0.1093,131.15,138,138.0,0.10051,0.10073,720,0.416918,1373,1.0,0.710167,,,,,,,,,,,,,,,,,,,,,,,,,,,,,1.072508,355.0,0.083333,0.001458,,,,,48,,1401.0,193,331,layer5_order_arrival_manifest_v1,False,779.5,162,,,,,,,,,,,,,,,,,,,,,,,,,,,,,,,,,,,,,,,,,91.5333,1370,0.1875,0.097792,physical_only_legacy,33725,15,7,3.2665,1.0,0.0978,867.47,,4.7704
map20_r48_s4,low,923,Hungarian,1500,,,,,,,18.627581612258496,2.0829,32.47501665556296,0.1445,114.0,320,320.0,106.666667,320.0,1501,0.966767,3,0.104167,0.001722,,,,,,,,,,,,,,,,,,,,,,,,,,,,,0.033233,11.0,0.0625,0.001167,,,,,48,,62.5,11,331,layer5_order_arrival_manifest_v1,True,0.0,0,,,,,,,,,,,,,,,,,,,,,,,,,,,,,,,,,,,,,,,,,0.2,1,0.166667,0.005875,physical_only_legacy,175,15,7,0.5817,1.0,0.0059,29.51,,3.4827
map20_r48_s4,low,923,JSQ,1500,,,,,,,18.45716154349248,2.0309,32.18116415958143,0.1441,108.0,321,321.0,18.882353,29.181818,1529,0.969789,17,0.125,0.001833,,,,,,,,,,,,,,,,,,,,,,,,,,,,,0.030211,10.0,0.041667,0.000847,,,,,48,,56.0,10,331,layer5_order_arrival_manifest_v1,True,0.0,0,,,,,,,,,,,,,,,,,,,,,,,,,,,,,,,,,,,,,,,,,1.1333,11,0.1875,0.005375,physical_only_legacy,153,15,7,0.581,1.0,0.0054,24.48,,3.4554
map20_r48_s4,low,923,PhaseC,1500,canonical_bfs_service_cell_v1,517,28.9594,14972,1500,289.2301,18.489208633093526,2.16,32.37148463047744,0.138,112.0,322,322.0,107.333333,322.0,1529,0.97281,3,0.083333,0.001569,517,,,,,,,,,,,,,combo,,,,,,,,,,,off,,0,0.0,0.02719,9.0,0.083333,0.001167,long_risk_6d_quantile_combo_v2,1497,14972,24.8364,48,all_idle,43.0,9,331,layer5_order_arrival_manifest_v1,True,0.0,0,,,,,,,,,,,,,,,,,,,,,,,,,,,,,,,0,0,14972,0.91969,0.231919,0.039034,0.214468,0.35949,0.424495,0.62502,0.2,0,0.145833,0.005167,physical_only_legacy,147,14,7,0.5628,0.8333,0.0052,454.69,3,3.1713
map20_r48_s4,low,923,ComboS1J1,1500,canonical_bfs_service_cell_v1,511,29.0313,14835,1500,292.8856,18.659362549800797,2.1561,32.53585657370518,0.1411,119.0,321,321.0,24.692308,24.692308,1506,0.969789,13,0.270833,0.005708,511,0.0,87,0.1703,511,0.185631,0.0078,4,0.573715,3.295177,50,-3.394824,0.128282,combo,0.0,0,0.0,0,0.0,0.0,0.0,0.0,0,511,conversion,0.0,0,0.0,0.030211,10.0,0.083333,0.001569,long_risk_6d_quantile_combo_v2,1497,14835,24.8182,48,all_idle,130.25,10,331,layer5_order_arrival_manifest_v1,True,0.0,0,0.016128932670976016,False,0.21555581132983492,18,562,False,True,358,24.93674695939242,False,True,0.10011793848165357,j_ascending,False,1497,6,1,1,28.878423513694056,WorldModelTaskAssigner.select_robots_unmodified,s1_within_context,True,phase_c_psi_dispatch_v1,0.11584237200040569,0.18094928610035851,0.3754175016700067,0,0,0.250971334863759,1.041899441340782,0,0,14835,0.920514,0.255388,0.039034,0.2319,0.410287,0.502374,0.705871,0.8667,13,0.145833,0.009014,physical_only_legacy,91,14,7,0.5703,1.0,0.009,502.58,3,3.5133
map20_r48_s4,low,924,Greedy,1500,,,,,,,32.21281891723709,3.1179,46.10329807093964,0.1323,160.0,356,356.0,0.40045,0.450063,1607,0.812785,889,0.979167,0.353861,,,,,,,,,,,,,,,,,,,,,,,,,,,,,0.30137,132.0,0.083333,0.004528,,,,,48,,766.85,82,438,layer5_order_arrival_manifest_v1,False,322.75,50,,,,,,,,,,,,,,,,,,,,,,,,,,,,,,,,,,,,,,,,,59.2667,791,0.270833,0.117653,physical_only_legacy,13475,20,7,2.2619,1.0,0.1177,796.7,,4.9398
map20_r48_s4,low,924,Hungarian,1500,,,,,,,30.36444181925576,3.0527,43.88718251624336,0.131,143.0,375,375.0,0.447494,0.480154,1693,0.856164,838,0.895833,0.292181,,,,,,,,,,,,,,,,,,,,,,,,,,,,,0.210046,92.0,0.0625,0.00525,,,,,48,,739.8,63,438,layer5_order_arrival_manifest_v1,True,183.0,29,,,,,,,,,,,,,,,,,,,,,,,,,,,,,,,,,,,,,,,,,55.8667,781,0.208333,0.085681,physical_only_legacy,11695,19,7,2.0335,1.0,0.0857,461.57,,4.7598
map20_r48_s4,low,924,JSQ,1500,,,,,,,23.589717741935484,2.4817,38.278225806451616,0.1275,334.75,226,226.0,0.173313,0.17533,992,0.515982,1304,0.9375,0.647306,,,,,,,,,,,,,,,,,,,,,,,,,,,,,0.888128,389.0,0.104167,0.0025,,,,,48,,1268.5,212,438,layer5_order_arrival_manifest_v1,True,1095.8,177,,,,,,,,,,,,,,,,,,,,,,,,,,,,,,,,,,,,,,,,,86.9333,1289,0.229167,0.091056,physical_only_legacy,31030,18,7,3.0635,1.0,0.0911,992.92,,4.9912
map20_r48_s4,low,924,PhaseC,1500,canonical_bfs_service_cell_v1,534,7.7378,4132,1500,87.131,31.102717031146454,3.0341,44.99867461895295,0.1243,166.5,351,351.0,0.400685,0.412456,1509,0.80137,876,0.979167,0.388347,534,,,,,,,,,,,,,combo,,,,,,,,,,,off,,0,0.0,0.317352,139.0,0.083333,0.004667,long_risk_6d_quantile_combo_v2,1497,4132,24.9498,48,all_idle,778.2,87,438,layer5_order_arrival_manifest_v1,True,296.5,52,,,,,,,,,,,,,,,,,,,,,,,,,,,,,,,0,0,4132,1.043481,0.477893,0.026737,0.465235,0.853971,0.909642,0.972558,58.4,851,0.291667,0.141861,physical_only_legacy,13997,21,7,2.362,1.0,0.1419,1289.39,3,4.9642
map20_r48_s4,low,924,ComboS1J1,1500,canonical_bfs_service_cell_v1,643,14.7792,9503,1500,198.2867,30.247226624405705,3.0156,44.17274167987322,0.1383,181.4,425,425.0,2.179487,3.971963,1893,0.97032,195,0.270833,0.038431,643,0.0,136,0.2115,643,0.215252,0.0156,10,0.671215,8.418811,50,-2.242006,0.260055,combo,0.0,0,0.0,0,0.0,0.0,0.0,0.0,0,643,conversion,0.0,0,0.0,0.02968,13.0,0.0625,0.004042,long_risk_6d_quantile_combo_v2,1497,9503,24.9824,48,all_idle,384.0,13,438,layer5_order_arrival_manifest_v1,True,0.0,0,0.03456613496204967,False,0.23507900273040688,27,677,False,True,450,25.472690659678644,False,True,0.08339844013361225,j_ascending,False,1497,11,3,3,16.410153640614563,WorldModelTaskAssigner.select_robots_unmodified,s1_within_context,True,phase_c_psi_dispatch_v1,0.13482256884622862,0.20869133732332526,0.45223780895123583,0,0,0.22775068063635592,1.04,0,0,9503,0.995164,0.438931,0.026402,0.425487,0.714776,0.81404,0.914071,13.0,107,0.1875,0.034444,physical_only_legacy,1788,20,7,1.0559,1.0,0.0344,588.06,3,4.2085
map20_r48_s4,low,925,Greedy,1500,,,,,,,23.45288753799392,2.3346,37.07142857142857,0.1237,139.8,133,133.0,0.099106,0.100529,658,0.384393,1342,1.0,0.754778,,,,,,,,,,,,,,,,,,,,,,,,,,,,,1.132948,392.0,0.0625,0.000861,,,,,48,,1342.0,213,346,layer5_order_arrival_manifest_v1,False,856.5,179,,,,,,,,,,,,,,,,,,,,,,,,,,,,,,,,,,,,,,,,,89.4667,1323,0.145833,0.094194,physical_only_legacy,37822,17,7,3.4368,1.0,0.0942,833.54,,5.1036
map20_r48_s4,low,925,Hungarian,1500,,,,,,,20.749222153080275,2.4623,34.185438705662726,0.1578,124.35,334,334.0,4.453333,9.277778,1607,0.965318,75,0.145833,0.008042,,,,,,,,,,,,,,,,,,,,,,,,,,,,,0.034682,12.0,0.083333,0.002889,,,,,48,,57.25,12,346,layer5_order_arrival_manifest_v1,True,0.0,0,,,,,,,,,,,,,,,,,,,,,,,,,,,,,,,,,,,,,,,,,5.0,36,0.104167,0.008806,physical_only_legacy,595,17,7,0.6706,1.0,0.0088,35.91,,3.733
map20_r48_s4,low,925,JSQ,1500,,,,,,,23.0,2.3158,36.68,0.1271,136.0,143,143.0,0.106557,0.108088,700,0.413295,1342,1.0,0.744778,,,,,,,,,,,,,,,,,,,,,,,,,,,,,1.075145,372.0,0.0625,0.000889,,,,,48,,1344.5,203,346,layer5_order_arrival_manifest_v1,True,881.0,169,,,,,,,,,,,,,,,,,,,,,,,,,,,,,,,,,,,,,,,,,89.4667,1323,0.145833,0.094194,physical_only_legacy,37102,17,7,3.3917,1.0,0.0942,843.13,,5.075
map20_r48_s4,low,925,PhaseC,1500,canonical_bfs_service_cell_v1,556,26.0989,14511,1500,280.5904,20.165445665445667,2.3715,33.68925518925519,0.1536,126.0,334,334.0,6.958333,12.846154,1638,0.965318,48,0.125,0.005083,556,,,,,,,,,,,,,combo,,,,,,,,,,,off,,0,0.0,0.034682,12.0,0.0625,0.001917,long_risk_6d_quantile_combo_v2,1497,14511,24.8495,48,all_idle,64.5,12,346,layer5_order_arrival_manifest_v1,True,0.0,0,,,,,,,,,,,,,,,,,,,,,,,,,,,,,,,0,0,14511,0.886685,0.238604,-0.027657,0.22469,0.37836,0.443868,0.599202,3.2,26,0.104167,0.00625,physical_only_legacy,522,14,7,0.6408,1.0,0.0063,446.97,3,3.666
map20_r48_s4,low,925,ComboS1J1,1500,canonical_bfs_service_cell_v1,549,26.1148,14337,1500,282.8831,20.940557275541796,2.4652,34.463777089783285,0.1487,126.0,334,334.0,6.958333,7.767442,1615,0.965318,48,0.166667,0.007444,549,0.0,112,0.204,549,0.212957,0.0055,3,0.568462,3.494825,50,-3.347679,0.119682,combo,0.0,0,0.0,0,0.0,0.0,0.0,0.0,0,549,conversion,0.0,0,0.0,0.034682,12.0,0.083333,0.001944,long_risk_6d_quantile_combo_v2,1497,14337,24.7865,48,all_idle,57.25,12,346,layer5_order_arrival_manifest_v1,True,0.0,0,0.011609986396887415,False,0.21622776436935967,8,565,False,True,352,24.851715909211304,False,True,0.08377355684340768,j_ascending,False,1497,2,1,1,26.588510354041418,WorldModelTaskAssigner.select_robots_unmodified,s1_within_context,True,phase_c_psi_dispatch_v1,0.11391887538312372,0.18173475532866684,0.37742150968603877,0,0,0.21365010912439464,1.0198863636363635,0,0,14337,0.92943,0.248519,-0.027657,0.236449,0.396662,0.453535,0.568351,3.2,43,0.125,0.007972,physical_only_legacy,625,15,7,0.6572,1.0,0.008,470.0,3,3.7178
map20_r48_s4,low,926,Greedy,1500,,,,,,,28.846918489065608,2.7895,42.77634194831014,0.1215,153.75,222,222.0,0.18408,0.188776,1006,0.556391,1206,1.0,0.622986,,,,,,,,,,,,,,,,,,,,,,,,,,,,,0.796992,318.0,0.0625,0.003042,,,,,48,,1110.8,177,399,layer5_order_arrival_manifest_v1,False,675.0,141,,,,,,,,,,,,,,,,,,,,,,,,,,,,,,,,,,,,,,,,,80.4,1176,0.3125,0.169417,physical_only_legacy,25537,20,7,3.1439,1.0,0.1694,878.5,,5.2576
map20_r48_s4,low,926,Hungarian,1500,,,,,,,27.842501447596987,3.0236,41.438332368268675,0.1467,156.55,390,390.0,2.052632,2.294118,1727,0.977444,190,0.291667,0.02425,,,,,,,,,,,,,,,,,,,,,,,,,,,,,0.022556,9.0,0.083333,0.004722,,,,,48,,48.0,9,399,layer5_order_arrival_manifest_v1,True,0.0,0,,,,,,,,,,,,,,,,,,,,,,,,,,,,,,,,,,,,,,,,,12.6667,170,0.229167,0.016764,physical_only_legacy,1681,21,7,1.0042,1.0,0.0168,85.14,,4.1774
map20_r48_s4,low,926,JSQ,1500,,,,,,,20.786036036036037,2.0562,33.619369369369366,0.1511,125.7,87,87.0,0.061181,0.061181,444,0.218045,1422,1.0,0.855208,,,,,,,,,,,,,,,,,,,,,,,,,,,,,1.481203,591.0,0.083333,0.001583,,,,,48,,1351.15,312,399,layer5_order_arrival_manifest_v1,True,1240.9,279,,,,,,,,,,,,,,,,,,,,,,,,,,,,,,,,,,,,,,,,,94.8,1422,0.166667,0.119736,physical_only_legacy,42017,15,7,3.865,1.0,0.1197,1139.42,,5.2314
map20_r48_s4,low,926,PhaseC,1500,canonical_bfs_service_cell_v1,252,8.881,2238,1500,47.7668,24.514372163388806,2.4065,37.33585476550681,0.1351,159.3,155,155.0,0.122047,0.124,661,0.388471,1270,1.0,0.75625,252,,,,,,,,,,,,,combo,,,,,,,,,,,off,,0,0.0,1.132832,452.0,0.0625,0.002458,long_risk_6d_quantile_combo_v2,1497,2238,24.9613,48,all_idle,1250.25,244,399,layer5_order_arrival_manifest_v1,True,1008.65,208,,,,,,,,,,,,,,,,,,,,,,,,,,,,,,,0,0,2238,1.050355,0.366168,0.029899,0.266387,0.798708,0.919932,0.998144,84.6667,1250,0.270833,0.190069,physical_only_legacy,31916,20,7,3.5489,1.0,0.1901,1205.16,3,5.3029
map20_r48_s4,low,926,ComboS1J1,1500,canonical_bfs_service_cell_v1,362,8.1381,2946,1500,101.6312,27.155241935483872,2.7001,40.69153225806452,0.1024,155.6,233,233.0,0.189585,0.195142,992,0.58396,1229,0.979167,0.622389,362,0.0,161,0.4448,362,0.440602,0.0138,5,0.750843,11.868227,50,-1.551966,0.378234,combo,0.0,0,0.0,0,0.0,0.0,0.0,0.0,0,362,conversion,0.0,0,0.0,0.739348,295.0,0.083333,0.002986,long_risk_6d_quantile_combo_v2,1497,2946,25.117,48,all_idle,1152.5,166,399,layer5_order_arrival_manifest_v1,True,713.0,129,0.6798740068882446,False,0.6941456077094953,5306,6258,False,True,1030,24.690524851270382,False,True,-0.21230145811399365,j_ascending,False,1497,708,33,34,2.808951235804943,WorldModelTaskAssigner.select_robots_unmodified,s1_within_context,True,phase_c_psi_dispatch_v1,0.6870098072988681,0.5837373521358141,4.180360721442886,0,0,0.36567934623393494,2.1349514563106795,0,0,2946,1.049361,0.452851,0.029899,0.385507,0.858582,0.923359,0.985112,81.9333,1194,0.333333,0.199514,physical_only_legacy,22966,22,7,3.0958,1.0,0.1995,1206.45,3,5.1999
map20_r48_s4,low,927,Greedy,1500,,,,,,,25.103529411764708,2.4796,39.355294117647055,0.1344,165.05,180,180.0,0.13772,0.139752,850,0.48913,1307,1.0,0.697708,,,,,,,,,,,,,,,,,,,,,,,,,,,,,0.934783,344.0,0.104167,0.002972,,,,,48,,1303.25,188,368,layer5_order_arrival_manifest_v1,False,786.25,156,,,,,,,,,,,,,,,,,,,,,,,,,,,,,,,,,,,,,,,,,87.1333,1288,0.3125,0.164181,physical_only_legacy,29732,20,7,3.2608,1.0,0.1642,1187.94,,5.1687
map20_r48_s4,low,927,Hungarian,1500,,,,,,,24.837677725118482,2.6403,38.2707345971564,0.147,126.0,361,361.0,3.721649,4.628205,1688,0.980978,97,0.229167,0.010986,,,,,,,,,,,,,,,,,,,,,,,,,,,,,0.019022,7.0,0.104167,0.003778,,,,,48,,40.5,7,368,layer5_order_arrival_manifest_v1,True,0.0,0,,,,,,,,,,,,,,,,,,,,,,,,,,,,,,,,,,,,,,,,,6.4667,78,0.166667,0.009264,physical_only_legacy,989,19,7,0.8164,1.0,0.0093,38.98,,3.8847
map20_r48_s4,low,927,JSQ,1500,,,,,,,25.60251798561151,2.7284,39.29136690647482,0.1481,141.4,360,360.0,3.364486,4.615385,1668,0.978261,107,0.270833,0.014458,,,,,,,,,,,,,,,,,,,,,,,,,,,,,0.021739,8.0,0.083333,0.003097,,,,,48,,41.5,8,368,layer5_order_arrival_manifest_v1,True,0.0,0,,,,,,,,,,,,,,,,,,,,,,,,,,,,,,,,,,,,,,,,,7.1333,78,0.229167,0.014403,physical_only_legacy,1112,20,7,0.8507,1.0,0.0144,52.11,,3.9521
map20_r48_s4,low,927,PhaseC,1500,canonical_bfs_service_cell_v1,566,22.5848,12783,1500,252.054,24.488676996424314,2.5596,38.146603098927294,0.1426,137.15,358,358.0,3.475728,5.114286,1678,0.972826,103,0.25,0.012903,566,,,,,,,,,,,,,combo,,,,,,,,,,,off,,0,0.0,0.027174,10.0,0.083333,0.003056,long_risk_6d_quantile_combo_v2,1497,12783,25.1283,48,all_idle,50.5,10,368,layer5_order_arrival_manifest_v1,True,0.0,0,,,,,,,,,,,,,,,,,,,,,,,,,,,,,,,0,0,12783,1.02153,0.295101,-0.10648,0.262338,0.53075,0.686222,0.913929,6.8667,70,0.1875,0.013569,physical_only_legacy,1032,20,7,0.8107,1.0,0.0136,442.53,3,3.8414
map20_r48_s4,low,927,ComboS1J1,1500,canonical_bfs_service_cell_v1,184,9.0109,1658,1500,94.4003,21.90174672489083,2.1151,35.78384279475983,0.0941,183.6,93,93.0,0.069145,0.069145,458,0.252717,1345,1.0,0.829931,184,0.0,84,0.4565,184,0.450093,0.0109,2,0.683642,10.062167,50,-1.207611,0.301755,combo,0.0,0,0.0,0,0.0,0.0,0.0,0.0,0,184,conversion,0.0,0,0.0,1.399457,515.0,0.083333,0.000917,long_risk_6d_quantile_combo_v2,1497,1658,26.0965,48,all_idle,1350.3,275,368,layer5_order_arrival_manifest_v1,True,1150.25,240,0.8154767892660851,False,0.8228886717605035,12967,15512,False,True,1348,24.653887553057615,False,True,-0.3989836246865514,j_ascending,False,1497,1196,17,17,1.066132264529058,WorldModelTaskAssigner.select_robots_unmodified,s1_within_context,True,phase_c_psi_dispatch_v1,0.8191827305133261,0.5571900768669744,10.362057448229793,0,0,0.28320813478657986,2.914688427299703,0,0,1658,1.023598,0.267476,-0.10648,0.134879,0.811872,0.881036,0.948233,89.6667,1345,0.208333,0.165014,physical_only_legacy,27834,15,7,2.5985,1.0,0.165,1618.05,3,4.6159
map20_r48_s4,low,928,Greedy,1500,,,,,,,29.332530120481927,2.7795,43.02771084337349,0.1347,164.2,359,359.0,0.44321,0.469895,1660,0.804933,810,0.958333,0.320486,,,,,,,,,,,,,,,,,,,,,,,,,,,,,0.32287,144.0,0.083333,0.005125,,,,,48,,701.6,87,446,layer5_order_arrival_manifest_v1,False,352.0,57,,,,,,,,,,,,,,,,,,,,,,,,,,,,,,,,,,,,,,,,,54.0,764,0.25,0.080361,physical_only_legacy,14265,20,7,2.125,1.0,0.0804,545.92,,4.6673
map20_r48_s4,low,928,Hungarian,1500,,,,,,,27.488565488565488,2.7703,41.12058212058212,0.1489,134.0,435,435.0,4.35,6.492537,1924,0.975336,100,0.145833,0.014917,,,,,,,,,,,,,,,,,,,,,,,,,,,,,0.024664,11.0,0.125,0.005194,,,,,48,,57.5,11,446,layer5_order_arrival_manifest_v1,True,0.0,0,,,,,,,,,,,,,,,,,,,,,,,,,,,,,,,,,,,,,,,,,6.6667,67,0.166667,0.013458,physical_only_legacy,1310,16,7,0.9259,1.0,0.0135,62.72,,4.0105
map20_r48_s4,low,928,JSQ,1500,,,,,,,26.621411947245928,2.6019,40.65089216446858,0.147,193.8,302,302.0,0.32334,0.332966,1289,0.67713,934,0.9375,0.496153,,,,,,,,,,,,,,,,,,,,,,,,,,,,,0.556054,248.0,0.0625,0.002528,,,,,48,,952.1,144,446,layer5_order_arrival_manifest_v1,True,651.7,104,,,,,,,,,,,,,,,,,,,,,,,,,,,,,,,,,,,,,,,,,62.2667,907,0.208333,0.083028,physical_only_legacy,23576,15,7,2.5977,1.0,0.083,608.37,,4.8298
map20_r48_s4,low,928,PhaseC,1500,canonical_bfs_service_cell_v1,647,17.3014,11194,1500,220.2632,27.303441084462982,2.7136,40.98488008342023,0.1441,149.25,436,436.0,2.77707,5.253012,1918,0.977578,157,0.166667,0.018167,647,,,,,,,,,,,,,combo,,,,,,,,,,,off,,0,0.0,0.022422,10.0,0.083333,0.005097,long_risk_6d_quantile_combo_v2,1497,11194,24.8582,48,all_idle,47.75,10,446,layer5_order_arrival_manifest_v1,True,0.0,0,,,,,,,,,,,,,,,,,,,,,,,,,,,,,,,0,0,11194,1.043626,0.350543,0.023547,0.291706,0.667144,0.790381,0.943687,10.4667,83,0.1875,0.01325,physical_only_legacy,1670,16,7,0.9535,1.0,0.0133,396.93,3,3.9909
map20_r48_s4,low,928,ComboS1J1,1500,canonical_bfs_service_cell_v1,495,9.5172,4711,1500,124.5668,26.933860531991375,2.6255,40.65923795830338,0.1352,167.3,319,319.0,0.353659,0.365826,1391,0.715247,902,0.979167,0.452264,495,0.0,199,0.402,495,0.409178,0.0061,3,0.699375,10.908887,50,-1.900646,0.213058,combo,0.0,0,0.0,0,0.0,0.0,0.0,0.0,0,495,conversion,0.0,0,0.0,0.482063,215.0,0.083333,0.004722,long_risk_6d_quantile_combo_v2,1497,4711,24.7958,48,all_idle,870.3,127,446,layer5_order_arrival_manifest_v1,True,547.75,88,0.5859591485356264,False,0.6393781870092746,2531,3717,False,True,831,24.50234717414877,False,True,-0.1717962878194667,j_ascending,False,1497,466,17,17,5.0160320641282565,WorldModelTaskAssigner.select_robots_unmodified,s1_within_context,True,phase_c_psi_dispatch_v1,0.6126686677724493,0.5590219186463077,2.4829659318637276,0,0,0.32272284125965833,1.8146811070998796,0,0,4711,1.071273,0.472427,0.027872,0.444187,0.87301,0.930558,1.002702,60.1333,872,0.1875,0.086917,physical_only_legacy,21268,19,7,2.5192,1.0,0.0869,970.92,3,4.7944
map20_r48_s4,low,929,Greedy,1500,,,,,,,31.057754010695188,2.9609,45.08983957219251,0.1294,157.8,405,405.0,0.634796,0.667216,1870,0.859873,638,0.895833,0.270167,,,,,,,,,,,,,,,,,,,,,,,,,,,,,0.214437,101.0,0.104167,0.00575,,,,,48,,583.75,66,471,layer5_order_arrival_manifest_v1,False,216.5,35,,,,,,,,,,,,,,,,,,,,,,,,,,,,,,,,,,,,,,,,,42.5333,607,0.208333,0.075181,physical_only_legacy,11776,20,7,1.8932,1.0,0.0752,586.35,,4.6316
map20_r48_s4,low,929,Hungarian,1500,,,,,,,25.26979865771812,2.4676,39.36241610738255,0.1007,133.55,148,148.0,0.11464,0.115355,745,0.314225,1291,1.0,0.739292,,,,,,,,,,,,,,,,,,,,,,,,,,,,,1.312102,618.0,0.104167,0.001639,,,,,48,,1211.9,323,471,layer5_order_arrival_manifest_v1,True,1036.5,295,,,,,,,,,,,,,,,,,,,,,,,,,,,,,,,,,,,,,,,,,86.0667,1283,0.1875,0.128306,physical_only_legacy,34597,17,7,3.4066,1.0,0.1283,1222.05,,5.1661
map20_r48_s4,low,929,JSQ,1500,,,,,,,28.70909090909091,2.7822,42.43475935828877,0.1353,149.0,410,410.0,0.711806,0.764925,1870,0.870488,576,0.854167,0.245736,,,,,,,,,,,,,,,,,,,,,,,,,,,,,0.191083,90.0,0.0625,0.003917,,,,,48,,585.0,61,471,layer5_order_arrival_manifest_v1,True,292.0,29,,,,,,,,,,,,,,,,,,,,,,,,,,,,,,,,,,,,,,,,,38.4,536,0.145833,0.039486,physical_only_legacy,12276,16,7,1.8099,1.0,0.0395,296.26,,4.4709
map20_r48_s4,low,929,PhaseC,1500,canonical_bfs_service_cell_v1,686,13.898,9534,1500,190.2917,30.19047619047619,2.9434,44.192439862542955,0.1344,148.0,463,463.0,8.267857,22.047619,2037,0.983015,56,0.104167,0.011694,686,,,,,,,,,,,,,combo,,,,,,,,,,,off,,0,0.0,0.016985,8.0,0.083333,0.004056,long_risk_6d_quantile_combo_v2,1497,9534,24.9478,48,all_idle,44.75,8,471,layer5_order_arrival_manifest_v1,True,0.0,0,,,,,,,,,,,,,,,,,,,,,,,,,,,,,,,0,0,9534,1.022232,0.378728,0.022489,0.347011,0.680362,0.784087,0.948819,3.7333,21,0.145833,0.013667,physical_only_legacy,1223,16,7,1.0542,1.0,0.0137,358.63,3,4.1469
map20_r48_s4,low,929,ComboS1J1,1500,canonical_bfs_service_cell_v1,691,14.8075,10232,1500,212.2855,28.736456808199122,2.847,42.82967301122499,0.1352,139.0,462,462.0,5.703704,9.625,2049,0.980892,81,0.145833,0.012972,691,0.0,132,0.191,691,0.197426,0.0101,7,0.62969,7.321972,50,-2.326344,0.223617,combo,0.0,0,0.0,0,0.0,0.0,0.0,0.0,0,691,conversion,0.0,0,0.0,0.019108,9.0,0.083333,0.003361,long_risk_6d_quantile_combo_v2,1497,10232,24.8443,48,all_idle,48.0,9,471,layer5_order_arrival_manifest_v1,True,0.0,0,0.032146864316712966,False,0.21837372189178142,62,803,False,True,506,24.871069175953213,False,True,0.09078518815180821,j_ascending,False,1497,19,4,4,15.511022044088177,WorldModelTaskAssigner.select_robots_unmodified,s1_within_context,True,phase_c_psi_dispatch_v1,0.12526029310424736,0.22063590365358782,0.5364061456245826,0,0,0.21145505885852228,1.0632411067193677,0,0,10232,1.068829,0.360795,-0.002494,0.320692,0.670362,0.778765,0.913521,5.4,48,0.166667,0.011861,physical_only_legacy,1274,15,7,0.9894,1.0,0.0119,371.71,3,4.0653
map20_r48_s4,low,930,Greedy,1500,,,,,,,25.690705128205128,2.4774,40.00961538461539,0.1356,166.8,137,137.0,0.103945,0.104103,624,0.380556,1318,1.0,0.772569,,,,,,,,,,,,,,,,,,,,,,,,,,,,,1.147222,413.0,0.104167,0.002319,,,,,48,,1319.5,223,360,layer5_order_arrival_manifest_v1,False,905.5,190,,,,,,,,,,,,,,,,,,,,,,,,,,,,,,,,,,,,,,,,,87.8667,1316,0.1875,0.130722,physical_only_legacy,36554,16,7,3.5767,1.0,0.1307,1012.99,,5.2934
map20_r48_s4,low,930,Hungarian,1500,,,,,,,22.06390977443609,2.5141,36.14724310776943,0.1462,121.3,348,348.0,4.296296,9.942857,1596,0.966667,81,0.166667,0.007389,,,,,,,,,,,,,,,,,,,,,,,,,,,,,0.033333,12.0,0.083333,0.001764,,,,,48,,62.25,12,360,layer5_order_arrival_manifest_v1,True,0.0,0,,,,,,,,,,,,,,,,,,,,,,,,,,,,,,,,,,,,,,,,,5.4,35,0.145833,0.008083,physical_only_legacy,551,16,7,0.693,1.0,0.0081,36.22,,3.7578
map20_r48_s4,low,930,JSQ,1500,,,,,,,22.543178973717147,2.5976,36.5819774718398,0.1352,123.0,350,350.0,5.737705,7.777778,1598,0.972222,61,0.208333,0.007708,,,,,,,,,,,,,,,,,,,,,,,,,,,,,0.027778,10.0,0.0625,0.002208,,,,,48,,53.25,10,360,layer5_order_arrival_manifest_v1,True,0.0,0,,,,,,,,,,,,,,,,,,,,,,,,,,,,,,,,,,,,,,,,,4.0667,45,0.125,0.008806,physical_only_legacy,601,16,7,0.678,1.0,0.0088,43.52,,3.7818
map20_r48_s4,low,930,PhaseC,1500,canonical_bfs_service_cell_v1,324,7.3117,2369,1500,51.7255,22.710045662100455,2.2555,37.5662100456621,0.139,194.0,193,193.0,0.146657,0.148805,876,0.536111,1316,0.979167,0.686111,324,,,,,,,,,,,,,combo,,,,,,,,,,,off,,0,0.0,0.833333,300.0,0.0625,0.000889,long_risk_6d_quantile_combo_v2,1497,2369,25.0935,48,all_idle,1352.8,167,360,layer5_order_arrival_manifest_v1,True,709.0,133,,,,,,,,,,,,,,,,,,,,,,,,,,,,,,,0,0,2369,1.114809,0.459618,-0.023272,0.370322,0.928774,0.976865,1.039435,87.7333,1297,0.166667,0.110792,physical_only_legacy,31654,14,7,3.1026,1.0,0.1108,1123.92,3,4.9289
map20_r48_s4,low,930,ComboS1J1,1500,canonical_bfs_service_cell_v1,540,25.3185,13672,1500,277.2562,21.39146800501882,2.4391,35.67314930991217,0.1601,121.55,348,348.0,13.92,19.333333,1594,0.966667,25,0.1875,0.004472,540,0.0,98,0.1815,540,0.197994,0.0111,6,0.585231,4.077826,50,-3.177254,0.216056,combo,0.0,0,0.0,0,0.0,0.0,0.0,0.0,0,540,conversion,0.0,0,0.0,0.033333,12.0,0.0625,0.001847,long_risk_6d_quantile_combo_v2,1497,13672,25.2692,48,all_idle,62.25,12,360,layer5_order_arrival_manifest_v1,True,0.0,0,0.010070903190882994,False,0.21074210650713585,5,549,False,True,365,25.643050134794354,False,True,0.089203778013058,j_ascending,False,1497,1,0,0,26.062124248496993,WorldModelTaskAssigner.select_robots_unmodified,s1_within_context,True,phase_c_psi_dispatch_v1,0.11040650484900957,0.18243507243597876,0.3667334669338677,0,0,0.21678549328815525,1.0164383561643835,0,0,13672,1.017574,0.258053,-0.033112,0.23214,0.41668,0.507511,0.756794,1.6667,18,0.083333,0.006208,physical_only_legacy,397,14,7,0.6691,1.0,0.0062,440.08,3,3.7204
map20_r48_s4,low,931,Greedy,1500,,,,,,,32.53001792114696,2.963,46.310483870967744,0.1249,148.0,495,495.0,1.201456,1.468843,2232,0.932203,412,0.583333,0.093458,,,,,,,,,,,,,,,,,,,,,,,,,,,,,0.071563,38.0,0.083333,0.005319,,,,,48,,346.25,36,531,layer5_order_arrival_manifest_v1,False,242.25,2,,,,,,,,,,,,,,,,,,,,,,,,,,,,,,,,,,,,,,,,,27.4667,337,0.229167,0.041986,physical_only_legacy,4188,19,7,1.431,1.0,0.042,313.78,,4.3638
map20_r48_s4,low,931,Hungarian,1500,,,,,,,27.932479627473807,2.7693,41.920838183934805,0.1304,135.05,400,400.0,0.534759,0.542005,1718,0.753296,748,0.958333,0.352861,,,,,,,,,,,,,,,,,,,,,,,,,,,,,0.427495,227.0,0.0625,0.003792,,,,,48,,770.0,131,531,layer5_order_arrival_manifest_v1,True,436.25,96,,,,,,,,,,,,,,,,,,,,,,,,,,,,,,,,,,,,,,,,,49.8667,738,0.1875,0.079486,physical_only_legacy,15173,16,7,2.0892,1.0,0.0795,510.8,,4.6392
map20_r48_s4,low,931,JSQ,1500,,,,,,,32.80772646536412,2.9447,46.80373001776199,0.1398,171.15,518,518.0,1.876812,2.642857,2252,0.975518,276,0.25,0.039167,,,,,,,,,,,,,,,,,,,,,,,,,,,,,0.024482,13.0,0.104167,0.007514,,,,,48,,64.0,13,531,layer5_order_arrival_manifest_v1,True,0.0,0,,,,,,,,,,,,,,,,,,,,,,,,,,,,,,,,,,,,,,,,,18.4,196,0.25,0.035625,physical_only_legacy,2297,17,7,1.2801,1.0,0.0356,185.99,,4.2878
map20_r48_s4,low,931,PhaseC,1500,canonical_bfs_service_cell_v1,391,7.4322,2906,1500,62.0433,27.185701021355616,2.6911,40.96564531104921,0.1347,241.2,228,228.0,0.20339,0.206148,1077,0.429379,1121,1.0,0.607944,391,,,,,,,,,,,,,combo,,,,,,,,,,,off,,0,0.0,1.086629,577.0,0.083333,0.002319,long_risk_6d_quantile_combo_v2,1497,2906,24.7858,48,all_idle,1035.9,303,531,layer5_order_arrival_manifest_v1,True,913.7,274,,,,,,,,,,,,,,,,,,,,,,,,,,,,,,,0,0,2906,0.99832,0.326254,-0.021389,0.321752,0.721599,0.844989,0.906547,74.7333,1106,0.145833,0.066278,physical_only_legacy,31037,16,7,2.9975,1.0,0.0663,795.3,3,5.0453
map20_r48_s4,low,931,ComboS1J1,1500,canonical_bfs_service_cell_v1,769,9.8296,7559,1500,164.812,31.757602468047597,2.7773,45.804759806081975,0.1328,171.0,516,516.0,1.862816,2.835165,2269,0.971751,277,0.270833,0.038528,769,0.0,246,0.3199,769,0.320476,0.0078,6,0.653265,9.263181,50,-1.887195,0.284457,combo,0.0,0,0.0,0,0.0,0.0,0.0,0.0,0,769,conversion,0.0,0,0.0,0.028249,15.0,0.0625,0.004333,long_risk_6d_quantile_combo_v2,1497,7559,24.8719,48,all_idle,266.0,15,531,layer5_order_arrival_manifest_v1,True,0.0,0,0.03712712744856282,False,0.23851728374984388,51,860,False,True,577,24.95994749422503,False,True,0.08627927177163272,j_ascending,False,1497,19,11,11,9.159652638610554,WorldModelTaskAssigner.select_robots_unmodified,s1_within_context,True,phase_c_psi_dispatch_v1,0.1378222055992034,0.2325411095067339,0.5744822979291917,0,0,0.21566184523493745,1.0606585788561524,0,0,7559,1.098716,0.504876,0.001084,0.522097,0.849766,0.904076,1.007721,18.4667,182,0.25,0.040306,physical_only_legacy,1442,18,7,1.1648,1.0,0.0403,696.12,3,4.1441
map20_r48_s4,low,932,Greedy,1500,,,,,,,27.473098330241186,2.5428,41.08719851576994,0.1187,151.9,363,363.0,0.453184,0.520803,1617,0.801325,801,0.9375,0.347069,,,,,,,,,,,,,,,,,,,,,,,,,,,,,0.324503,147.0,0.083333,0.003806,,,,,48,,710.5,90,453,layer5_order_arrival_manifest_v1,False,386.0,57,,,,,,,,,,,,,,,,,,,,,,,,,,,,,,,,,,,,,,,,,53.4,697,0.3125,0.104694,physical_only_legacy,13799,21,7,2.1719,1.0,0.1047,749.12,,4.5808
map20_r48_s4,low,932,Hungarian,1500,,,,,,,23.78494623655914,2.2354,36.81317204301075,0.1468,130.2,153,153.0,0.124694,0.12603,744,0.337748,1227,1.0,0.714917,,,,,,,,,,,,,,,,,,,,,,,,,,,,,1.260486,571.0,0.0625,0.002528,,,,,48,,1125.75,300,453,layer5_order_arrival_manifest_v1,True,992.5,271,,,,,,,,,,,,,,,,,,,,,,,,,,,,,,,,,,,,,,,,,81.8,1214,0.145833,0.086292,physical_only_legacy,35396,14,7,3.305,1.0,0.0863,946.0,,5.0033
map20_r48_s4,low,932,JSQ,1500,,,,,,,28.140432098765434,2.5722,41.6440329218107,0.1355,150.0,441,441.0,1.909091,3.644628,1944,0.97351,231,0.354167,0.025194,,,,,,,,,,,,,,,,,,,,,,,,,,,,,0.02649,12.0,0.0625,0.003722,,,,,48,,79.5,12,453,layer5_order_arrival_manifest_v1,True,0.0,0,,,,,,,,,,,,,,,,,,,,,,,,,,,,,,,,,,,,,,,,,15.4,121,0.145833,0.012889,physical_only_legacy,2001,20,7,1.0709,1.0,0.0129,65.88,,3.9699
map20_r48_s4,low,932,PhaseC,1500,canonical_bfs_service_cell_v1,477,9.7128,4633,1500,96.4955,28.297904191616766,2.5827,42.334580838323355,0.1298,187.45,314,314.0,0.33691,0.361751,1336,0.693157,932,1.0,0.442889,477,,,,,,,,,,,,,combo,,,,,,,,,,,off,,0,0.0,0.538631,244.0,0.104167,0.004514,long_risk_6d_quantile_combo_v2,1497,4633,25.0576,48,all_idle,779.1,139,453,layer5_order_arrival_manifest_v1,True,625.4,105,,,,,,,,,,,,,,,,,,,,,,,,,,,,,,,0,0,4633,1.007941,0.460225,0.001533,0.433734,0.815643,0.864891,0.928814,62.1333,868,0.1875,0.092958,physical_only_legacy,20690,20,7,2.5289,1.0,0.093,646.39,3,4.7786
map20_r48_s4,low,932,ComboS1J1,1500,canonical_bfs_service_cell_v1,643,16.944,10895,1500,224.5532,27.805717310746427,2.5688,41.41662255161461,0.1392,144.6,439,439.0,6.183099,7.701754,1889,0.969095,71,0.229167,0.016889,643,0.0,174,0.2706,643,0.279582,0.0233,15,0.646105,6.832292,50,-2.636878,0.233135,combo,0.0,0,0.0,0,0.0,0.0,0.0,0.0,0,643,conversion,0.0,0,0.0,0.030905,14.0,0.0625,0.002806,long_risk_6d_quantile_combo_v2,1497,10895,25.0138,48,all_idle,71.75,14,453,layer5_order_arrival_manifest_v1,True,0.0,0,0.01733630233369301,False,0.20374864024864214,7,650,False,True,455,25.4822529647704,False,True,0.10350422949047362,j_ascending,False,1497,3,0,0,18.46426185704743,WorldModelTaskAssigner.select_robots_unmodified,s1_within_context,True,phase_c_psi_dispatch_v1,0.11054247129116773,0.2037435804737302,0.43420173680694724,0,0,0.224349821089552,1.0131868131868131,0,0,10895,1.015813,0.373619,0.001533,0.335506,0.675251,0.754611,0.93385,4.7333,57,0.145833,0.018903,physical_only_legacy,995,19,7,0.9816,1.0,0.0189,437.49,3,3.9334
map20_r48_s4,low,933,Greedy,1500,,,,,,,33.860366713681245,2.737,47.85425481899389,0.1262,173.0,485,485.0,1.279683,1.590164,2127,0.952849,379,0.270833,0.042806,,,,,,,,,,,,,,,,,,,,,,,,,,,,,0.051081,26.0,0.083333,0.007792,,,,,48,,137.15,24,509,layer5_order_arrival_manifest_v1,False,57.5,2,,,,,,,,,,,,,,,,,,,,,,,,,,,,,,,,,,,,,,,,,25.2667,305,0.208333,0.025514,physical_only_legacy,3457,20,7,1.3737,1.0,0.0255,131.18,,4.207
map20_r48_s4,low,933,Hungarian,1500,,,,,,,22.428753180661577,2.137,35.69211195928753,0.1241,134.0,159,159.0,0.141585,0.144677,786,0.312377,1123,1.0,0.659847,,,,,,,,,,,,,,,,,,,,,,,,,,,,,1.320236,672.0,0.083333,0.002472,,,,,48,,1041.55,350,509,layer5_order_arrival_manifest_v1,True,885.95,322,,,,,,,,,,,,,,,,,,,,,,,,,,,,,,,,,,,,,,,,,74.8667,1099,0.145833,0.094417,physical_only_legacy,32620,18,7,3.2016,1.0,0.0944,1016.51,,4.8878
map20_r48_s4,low,933,JSQ,1500,,,,,,,31.299637117677552,2.7152,45.22757905650596,0.121,179.1,439,439.0,0.895918,1.08933,1929,0.862475,490,0.8125,0.138986,,,,,,,,,,,,,,,,,,,,,,,,,,,,,0.204322,104.0,0.104167,0.006667,,,,,48,,375.55,70,509,layer5_order_arrival_manifest_v1,True,318.45,34,,,,,,,,,,,,,,,,,,,,,,,,,,,,,,,,,,,,,,,,,32.6667,403,0.270833,0.059875,physical_only_legacy,5675,20,7,1.5884,1.0,0.0599,410.67,,4.3327
map20_r48_s4,low,933,PhaseC,1500,canonical_bfs_service_cell_v1,703,10.505,7385,1500,149.8744,34.86116504854369,2.7251,48.99951456310679,0.1343,191.15,480,480.0,1.290323,1.445783,2060,0.943026,372,0.333333,0.048542,703,,,,,,,,,,,,,combo,,,,,,,,,,,off,,0,0.0,0.070727,36.0,0.083333,0.00975,long_risk_6d_quantile_combo_v2,1497,7385,24.8421,48,all_idle,187.6,29,509,layer5_order_arrival_manifest_v1,True,148.3,7,,,,,,,,,,,,,,,,,,,,,,,,,,,,,,,0,0,7385,1.047064,0.453335,0.020435,0.395134,0.823876,0.886295,0.970741,24.8,332,0.229167,0.028042,physical_only_legacy,3554,21,7,1.3938,1.0,0.028,354.15,3,4.2218
map20_r48_s4,low,933,ComboS1J1,1500,canonical_bfs_service_cell_v1,724,11.0787,8021,1500,172.4383,32.155807365439095,2.6308,46.08970727101039,0.1334,183.5,486,486.0,1.252577,1.463855,2118,0.954813,388,0.270833,0.04325,724,0.0,205,0.2831,724,0.295514,0.0083,6,0.691763,10.232209,50,-2.06771,0.209502,combo,0.0,0,0.0,0,0.0,0.0,0.0,0.0,0,724,conversion,0.0,0,0.0,0.045187,23.0,0.104167,0.010528,long_risk_6d_quantile_combo_v2,1497,8021,24.9243,48,all_idle,190.4,23,509,layer5_order_arrival_manifest_v1,True,0.0,0,0.03625725954431311,False,0.21875723458956486,62,829,False,True,539,25.013397611912637,False,True,0.10383082870413517,j_ascending,False,1497,25,11,11,11.21376085504342,WorldModelTaskAssigner.select_robots_unmodified,s1_within_context,True,phase_c_psi_dispatch_v1,0.12750724706693897,0.22694363220582467,0.5537742150968604,0,0,0.2357325193363234,1.103896103896104,0,0,8021,1.077597,0.472216,0.016112,0.413769,0.829947,0.897635,0.972224,25.8667,332,0.270833,0.032417,physical_only_legacy,3056,21,7,1.3421,1.0,0.0324,421.17,3,4.1522
map20_r48_s4,low,934,Greedy,1500,,,,,,,36.78731836195509,3.2867,50.48701012769705,0.1299,178.4,513,513.0,1.160633,1.432961,2271,0.941284,442,0.270833,0.050819,,,,,,,,,,,,,,,,,,,,,,,,,,,,,0.062385,34.0,0.083333,0.010611,,,,,48,,102.65,32,545,layer5_order_arrival_manifest_v1,False,33.3,2,,,,,,,,,,,,,,,,,,,,,,,,,,,,,,,,,,,,,,,,,29.4667,358,0.1875,0.032153,physical_only_legacy,4068,19,7,1.4848,1.0,0.0322,161.18,,4.5478
map20_r48_s4,low,934,Hungarian,1500,,,,,,,33.153065725628586,3.02,46.88707543008381,0.1321,148.25,516,516.0,1.737374,2.263158,2267,0.946789,297,0.25,0.036319,,,,,,,,,,,,,,,,,,,,,,,,,,,,,0.053211,29.0,0.104167,0.009486,,,,,48,,94.2,29,545,layer5_order_arrival_manifest_v1,True,0.0,0,,,,,,,,,,,,,,,,,,,,,,,,,,,,,,,,,,,,,,,,,19.8,228,0.1875,0.026486,physical_only_legacy,2960,20,7,1.3348,1.0,0.0265,101.28,,4.336
map20_r48_s4,low,934,JSQ,1500,,,,,,,28.4460141271443,2.7857,42.53683148335015,0.1314,239.0,231,231.0,0.188418,0.1925,991,0.423853,1226,0.979167,0.61825,,,,,,,,,,,,,,,,,,,,,,,,,,,,,1.088073,593.0,0.125,0.005528,,,,,48,,1033.5,314,545,layer5_order_arrival_manifest_v1,True,832.1,279,,,,,,,,,,,,,,,,,,,,,,,,,,,,,,,,,,,,,,,,,81.7333,1200,0.229167,0.144472,physical_only_legacy,27017,21,7,3.073,1.0,0.1445,1039.81,,5.2053
map20_r48_s4,low,934,PhaseC,1500,canonical_bfs_service_cell_v1,773,10.1423,7840,1500,161.798,32.506678539626,3.1025,46.29652715939448,0.1317,166.35,514,514.0,1.44382,2.141667,2246,0.943119,356,0.229167,0.035875,773,,,,,,,,,,,,,combo,,,,,,,,,,,off,,0,0.0,0.056881,31.0,0.083333,0.008361,long_risk_6d_quantile_combo_v2,1497,7840,25.2497,48,all_idle,99.0,31,545,layer5_order_arrival_manifest_v1,True,0.0,0,,,,,,,,,,,,,,,,,,,,,,,,,,,,,,,0,0,7840,1.072662,0.424557,0.025641,0.412535,0.712971,0.806929,0.92198,23.7333,240,0.145833,0.022597,physical_only_legacy,3114,16,7,1.3067,1.0,0.0226,345.86,3,4.3589
map20_r48_s4,low,934,ComboS1J1,1500,canonical_bfs_service_cell_v1,770,11.3545,8743,1500,189.5501,30.92087617344658,2.9918,44.66383549396513,0.1261,141.0,516,516.0,4.03125,7.701493,2237,0.946789,128,0.1875,0.021167,770,0.0,172,0.2234,770,0.239488,0.013,10,0.660926,8.232126,50,-2.246766,0.231457,combo,0.0,0,0.0,0,0.0,0.0,0.0,0.0,0,770,conversion,0.0,0,0.0,0.053211,29.0,0.083333,0.00625,long_risk_6d_quantile_combo_v2,1497,8743,25.2298,48,all_idle,99.2,29,545,layer5_order_arrival_manifest_v1,True,0.0,0,0.028869067964075883,False,0.19936154847198012,18,815,False,True,565,25.520715038333318,False,True,0.10619032993894058,j_ascending,False,1497,7,1,1,10.205744822979291,WorldModelTaskAssigner.select_robots_unmodified,s1_within_context,True,phase_c_psi_dispatch_v1,0.11411530821802814,0.21769239973802507,0.5444221776887107,0,0,0.2229188765759117,1.0460176991150443,0,0,8743,1.012437,0.431045,0.035631,0.414108,0.716683,0.83407,0.946217,8.5333,67,0.166667,0.019486,physical_only_legacy,1986,17,7,1.2278,1.0,0.0195,381.68,3,4.2554
map20_r48_s4,low,935,Greedy,1500,,,,,,,33.98225602027883,3.0384,47.97972116603295,0.1271,145.05,534,534.0,3.31677,5.5625,2367,0.946809,161,0.145833,0.022139,,,,,,,,,,,,,,,,,,,,,,,,,,,,,0.056738,32.0,0.104167,0.0075,,,,,48,,67.3,30,564,layer5_order_arrival_manifest_v1,False,57.3,2,,,,,,,,,,,,,,,,,,,,,,,,,,,,,,,,,,,,,,,,,10.7333,96,0.145833,0.019764,physical_only_legacy,2103,17,7,1.261,1.0,0.0198,115.79,,4.2965
map20_r48_s4,low,935,Hungarian,1500,,,,,,,27.163306451612904,2.7549,40.848118279569896,0.1461,130.0,322,322.0,0.358176,0.368421,1488,0.570922,899,0.979167,0.451944,,,,,,,,,,,,,,,,,,,,,,,,,,,,,0.796099,449.0,0.104167,0.003833,,,,,48,,814.5,242,564,layer5_order_arrival_manifest_v1,True,608.5,207,,,,,,,,,,,,,,,,,,,,,,,,,,,,,,,,,,,,,,,,,59.9333,874,0.208333,0.098528,physical_only_legacy,19882,18,7,2.4852,1.0,0.0985,697.55,,4.8647
map20_r48_s4,low,935,JSQ,1500,,,,,,,27.792642140468228,2.794,41.618729096989966,0.1434,152.65,328,328.0,0.365256,0.371461,1495,0.58156,898,0.958333,0.447056,,,,,,,,,,,,,,,,,,,,,,,,,,,,,0.778369,439.0,0.083333,0.002944,,,,,48,,850.5,236,564,layer5_order_arrival_manifest_v1,True,694.5,203,,,,,,,,,,,,,,,,,,,,,,,,,,,,,,,,,,,,,,,,,59.8667,883,0.1875,0.075847,physical_only_legacy,21060,15,7,2.4246,1.0,0.0758,584.15,,4.8285
map20_r48_s4,low,935,PhaseC,1500,canonical_bfs_service_cell_v1,793,8.947,7095,1500,146.2592,32.95084087968952,2.9363,46.90340664079345,0.1277,151.0,538,538.0,4.846847,7.472222,2319,0.953901,111,0.208333,0.020125,793,,,,,,,,,,,,,combo,,,,,,,,,,,off,,0,0.0,0.051418,29.0,0.104167,0.006778,long_risk_6d_quantile_combo_v2,1497,7095,25.012,48,all_idle,61.0,26,564,layer5_order_arrival_manifest_v1,True,59.9,3,,,,,,,,,,,,,,,,,,,,,,,,,,,,,,,0,0,7095,1.102588,0.468179,-0.007461,0.458296,0.755326,0.832889,0.919945,7.4,72,0.1875,0.020625,physical_only_legacy,1971,19,7,1.2803,1.0,0.0206,328.51,3,4.2566
map20_r48_s4,low,935,ComboS1J1,1500,canonical_bfs_service_cell_v1,792,8.3838,6640,1500,148.9027,33.6141935483871,2.9507,47.60602150537635,0.1267,158.0,537,537.0,2.768041,3.628378,2325,0.952128,194,0.166667,0.022403,792,0.0,187,0.2361,792,0.241568,0.0114,9,0.661466,9.208024,50,-1.811168,0.293973,combo,0.0,0,0.0,0,0.0,0.0,0.0,0.0,0,792,conversion,0.0,0,0.0,0.054965,31.0,0.083333,0.006222,long_risk_6d_quantile_combo_v2,1497,6640,25.0135,48,all_idle,63.1,27,564,layer5_order_arrival_manifest_v1,True,55.95,4,0.029453138318429217,False,0.2116286730236237,55,871,False,True,592,25.152701206467544,False,True,0.0937966774983322,j_ascending,False,1497,25,10,10,7.399465597862392,WorldModelTaskAssigner.select_robots_unmodified,s1_within_context,True,phase_c_psi_dispatch_v1,0.12054090567102652,0.22287974156755805,0.5818303273213092,0,0,0.20579542477115834,1.0591216216216217,0,0,6640,1.042393,0.456818,-0.007461,0.449077,0.734702,0.810513,0.913491,12.9333,148,0.145833,0.017361,physical_only_legacy,2241,17,7,1.2811,1.0,0.0174,324.13,3,4.2599
map20_r48_s4,low,936,Greedy,1500,,,,,,,29.283553875236294,2.7665,42.19659735349716,0.0756,147.4,107,107.0,0.086221,0.087063,529,0.290761,1241,1.0,0.773875,,,,,,,,,,,,,,,,,,,,,,,,,,,,,1.326087,488.0,0.083333,0.002056,,,,,48,,1230.0,261,368,layer5_order_arrival_manifest_v1,False,1078.5,227,,,,,,,,,,,,,,,,,,,,,,,,,,,,,,,,,,,,,,,,,82.7333,1229,0.3125,0.248708,physical_only_legacy,11070,19,7,2.3421,1.0,0.2487,2709.61,,4.8786
map20_r48_s4,low,936,Hungarian,1500,,,,,,,23.680538555691555,2.3881,36.78090575275398,0.1357,124.1,179,179.0,0.144939,0.146003,817,0.486413,1235,1.0,0.687625,,,,,,,,,,,,,,,,,,,,,,,,,,,,,0.940217,346.0,0.104167,0.003583,,,,,48,,1207.0,189,368,layer5_order_arrival_manifest_v1,True,747.0,157,,,,,,,,,,,,,,,,,,,,,,,,,,,,,,,,,,,,,,,,,82.3333,1226,0.208333,0.118722,physical_only_legacy,32539,18,7,3.2384,1.0,0.1187,743.42,,5.0677
map20_r48_s4,low,936,JSQ,1500,,,,,,,22.247607655502392,2.5563,35.96112440191388,0.153,141.75,356,356.0,2.825397,4.289157,1672,0.967391,126,0.208333,0.012903,,,,,,,,,,,,,,,,,,,,,,,,,,,,,0.032609,12.0,0.083333,0.003431,,,,,48,,57.25,12,368,layer5_order_arrival_manifest_v1,True,0.0,0,,,,,,,,,,,,,,,,,,,,,,,,,,,,,,,,,,,,,,,,,8.4,83,0.166667,0.011333,physical_only_legacy,992,19,7,0.7282,1.0,0.0113,49.21,,3.8066
map20_r48_s4,low,936,PhaseC,1500,canonical_bfs_service_cell_v1,156,11.3974,1778,1500,37.6643,20.7972972972973,2.0144,33.851351351351354,0.1763,153.4,79,79.0,0.056388,0.05655,370,0.214674,1401,1.0,0.862069,156,,,,,,,,,,,,,combo,,,,,,,,,,,off,,0,0.0,1.472826,542.0,0.0625,0.000389,long_risk_6d_quantile_combo_v2,1497,1778,24.9294,48,all_idle,1372.6,289,368,layer5_order_arrival_manifest_v1,True,1182.0,253,,,,,,,,,,,,,,,,,,,,,,,,,,,,,,,0,0,1778,1.089062,0.431507,0.073101,0.224214,0.953034,0.985856,1.039097,93.4,1397,0.1875,0.152889,physical_only_legacy,40384,15,7,3.5243,1.0,0.1529,1668.08,3,5.0986
map20_r48_s4,low,936,ComboS1J1,1500,canonical_bfs_service_cell_v1,277,9.2455,2561,1500,105.4722,22.94429347826087,2.2946,36.46467391304348,0.1154,170.3,148,148.0,0.116078,0.11859,736,0.402174,1275,1.0,0.740236,277,0.0,119,0.4296,277,0.4323,0.0,0,0.740616,11.944296,50,-1.366768,0.203638,combo,0.0,0,0.0,0,0.0,0.0,0.0,0.0,0,277,conversion,0.0,0,0.0,1.11413,410.0,0.083333,0.001931,long_risk_6d_quantile_combo_v2,1497,2561,24.8468,48,all_idle,1251.55,220,368,layer5_order_arrival_manifest_v1,True,930.5,190,0.7470201632324391,False,0.8069303451388695,11422,12936,False,True,1260,24.296893089240978,False,True,-0.31410063702187535,j_ascending,False,1497,1048,53,53,2.032064128256513,WorldModelTaskAssigner.select_robots_unmodified,s1_within_context,True,phase_c_psi_dispatch_v1,0.7769752541856719,0.5639792944545972,8.641282565130261,0,0,0.3617699398730012,2.68968253968254,0,0,2561,1.089062,0.428135,0.08017,0.418408,0.860358,0.929171,1.02537,85.0,1248,0.1875,0.140958,physical_only_legacy,34089,19,7,3.4213,1.0,0.141,1314.3,3,5.1143
map20_r48_s4,low,937,Greedy,1500,,,,,,,32.35103383458647,2.8822,45.84586466165413,0.1247,152.3,459,459.0,1.036117,1.164975,2128,0.93865,443,0.625,0.088986,,,,,,,,,,,,,,,,,,,,,,,,,,,,,0.06544,32.0,0.083333,0.006514,,,,,48,,321.05,30,489,layer5_order_arrival_manifest_v1,False,274.75,2,,,,,,,,,,,,,,,,,,,,,,,,,,,,,,,,,,,,,,,,,29.5333,394,0.1875,0.035125,physical_only_legacy,4332,18,7,1.4086,1.0,0.0351,240.7,,4.3053
map20_r48_s4,low,937,Hungarian,1500,,,,,,,29.812962962962963,2.592,43.43703703703704,0.1267,121.2,477,477.0,3.641221,5.420455,2160,0.97546,131,0.1875,0.015444,,,,,,,,,,,,,,,,,,,,,,,,,,,,,0.02454,12.0,0.083333,0.004139,,,,,48,,67.25,12,489,layer5_order_arrival_manifest_v1,True,0.0,0,,,,,,,,,,,,,,,,,,,,,,,,,,,,,,,,,,,,,,,,,8.7333,88,0.1875,0.016569,physical_only_legacy,1410,17,7,1.1066,1.0,0.0166,64.8,,3.9925
map20_r48_s4,low,937,JSQ,1500,,,,,,,31.499303944315546,2.8149,45.348955916473315,0.1274,145.8,477,477.0,2.98125,3.846774,2155,0.97546,160,0.1875,0.01975,,,,,,,,,,,,,,,,,,,,,,,,,,,,,0.02454,12.0,0.083333,0.004208,,,,,48,,67.25,12,489,layer5_order_arrival_manifest_v1,True,0.0,0,,,,,,,,,,,,,,,,,,,,,,,,,,,,,,,,,,,,,,,,,10.6667,124,0.1875,0.016111,physical_only_legacy,1761,18,7,1.1687,1.0,0.0161,67.5,,4.1353
map20_r48_s4,low,937,PhaseC,1500,canonical_bfs_service_cell_v1,730,11.8068,8619,1500,172.325,31.07397133610726,2.698,44.840961627369396,0.1265,140.3,478,478.0,4.12069,10.391304,2163,0.977505,116,0.166667,0.014069,730,,,,,,,,,,,,,combo,,,,,,,,,,,off,,0,0.0,0.022495,11.0,0.0625,0.005042,long_risk_6d_quantile_combo_v2,1497,8619,24.7786,48,all_idle,62.5,11,489,layer5_order_arrival_manifest_v1,True,0.0,0,,,,,,,,,,,,,,,,,,,,,,,,,,,,,,,0,0,8619,1.053785,0.416403,-0.006125,0.406794,0.668246,0.756157,0.915828,7.7333,46,0.125,0.016139,physical_only_legacy,1325,16,7,1.1254,1.0,0.0161,314.81,3,4.0543
map20_r48_s4,low,937,ComboS1J1,1500,canonical_bfs_service_cell_v1,728,12.4835,9088,1500,192.0586,30.16658954187876,2.6573,44.117075428042575,0.1317,138.6,477,477.0,8.517857,19.875,2161,0.97546,56,0.166667,0.011875,728,0.0,156,0.2143,728,0.22014,0.0192,14,0.630719,7.612203,50,-2.317733,0.16473,combo,0.0,0,0.0,0,0.0,0.0,0.0,0.0,0,728,conversion,0.0,0,0.0,0.02454,12.0,0.0625,0.003722,long_risk_6d_quantile_combo_v2,1497,9088,24.912,48,all_idle,67.25,12,489,layer5_order_arrival_manifest_v1,True,0.0,0,0.037939611399018365,False,0.22729922871660238,63,829,False,True,518,25.19209130800196,False,True,0.08864386734914886,j_ascending,False,1497,24,4,4,12.559118236472946,WorldModelTaskAssigner.select_robots_unmodified,s1_within_context,True,phase_c_psi_dispatch_v1,0.1326194200578101,0.2219276262224799,0.5537742150968604,0,0,0.22059894859143708,1.1023166023166022,0,0,9088,1.010213,0.413925,-0.006125,0.40695,0.689767,0.788267,0.891278,3.7333,24,0.166667,0.017319,physical_only_legacy,1094,15,7,1.0631,1.0,0.0173,352.61,3,4.0092
map20_r48_s4,low,938,Greedy,1500,,,,,,,34.89072703526339,2.8957,48.93339138006095,0.1276,169.15,518,518.0,1.598765,2.031373,2297,0.938406,324,0.1875,0.035861,,,,,,,,,,,,,,,,,,,,,,,,,,,,,0.065217,36.0,0.104167,0.010111,,,,,48,,119.55,34,552,layer5_order_arrival_manifest_v1,False,43.25,2,,,,,,,,,,,,,,,,,,,,,,,,,,,,,,,,,,,,,,,,,21.6,255,0.1875,0.024667,physical_only_legacy,3164,19,7,1.3582,1.0,0.0247,100.7,,4.2792
map20_r48_s4,low,938,Hungarian,1500,,,,,,,35.44088319088319,3.0604,48.806267806267805,0.1066,194.0,277,277.0,0.292812,0.319861,1404,0.501812,946,1.0,0.430708,,,,,,,,,,,,,,,,,,,,,,,,,,,,,0.960145,530.0,0.083333,0.007194,,,,,48,,746.5,275,552,layer5_order_arrival_manifest_v1,True,711.9,255,,,,,,,,,,,,,,,,,,,,,,,,,,,,,,,,,,,,,,,,,63.0667,866,0.416667,0.185847,physical_only_legacy,10131,21,7,2.175,1.0,0.1858,1392.87,,4.9101
map20_r48_s4,low,938,JSQ,1500,,,,,,,25.89124087591241,2.5272,40.24160583941606,0.1167,178.5,279,279.0,0.257143,0.262465,1370,0.505435,1085,0.979167,0.496097,,,,,,,,,,,,,,,,,,,,,,,,,,,,,0.927536,512.0,0.083333,0.003667,,,,,48,,1015.0,273,552,layer5_order_arrival_manifest_v1,True,778.7,239,,,,,,,,,,,,,,,,,,,,,,,,,,,,,,,,,,,,,,,,,72.3333,1063,0.166667,0.088736,physical_only_legacy,22700,19,7,2.5373,1.0,0.0887,668.67,,4.7377
map20_r48_s4,low,938,PhaseC,1500,canonical_bfs_service_cell_v1,300,8.14,2442,1500,52.0033,24.632298136645964,2.3661,38.426086956521736,0.1147,195.75,170,170.0,0.145548,0.145923,805,0.307971,1168,1.0,0.686042,300,,,,,,,,,,,,,combo,,,,,,,,,,,off,,0,0.0,1.327899,733.0,0.104167,0.00275,long_risk_6d_quantile_combo_v2,1497,2442,24.8467,48,all_idle,1072.75,382,552,layer5_order_arrival_manifest_v1,True,932.5,351,,,,,,,,,,,,,,,,,,,,,,,,,,,,,,,0,0,2442,1.059612,0.475076,0.107212,0.425341,0.803352,0.88598,0.998888,77.8667,1165,0.229167,0.161431,physical_only_legacy,29597,21,7,3.2588,1.0,0.1614,1489.45,3,5.0886
map20_r48_s4,low,938,ComboS1J1,1500,canonical_bfs_service_cell_v1,611,7.6645,4683,1500,131.4128,29.134405514072373,2.7218,43.36243538196439,0.1355,167.65,388,388.0,0.477245,0.513907,1741,0.702899,813,0.854167,0.314681,611,0.0,189,0.3093,611,0.32169,0.0082,5,0.702826,10.274735,50,-1.524403,0.201651,combo,0.0,0,0.0,0,0.0,0.0,0.0,0.0,0,611,conversion,0.0,0,0.0,0.539855,298.0,0.083333,0.003903,long_risk_6d_quantile_combo_v2,1497,4683,24.8872,48,all_idle,688.05,164,552,layer5_order_arrival_manifest_v1,True,481.35,134,0.5533106459259008,False,0.7370789815467481,5410,6355,False,True,928,24.630774569232017,False,True,-0.16028949628392028,j_ascending,False,1497,504,86,92,5.405477621910488,WorldModelTaskAssigner.select_robots_unmodified,s1_within_context,True,phase_c_psi_dispatch_v1,0.6451948137363204,0.5861957730609634,4.245156980627923,0,0,0.3836148618438364,1.9202586206896552,0,0,4683,1.115268,0.50529,0.102147,0.463971,0.806848,0.878717,0.956647,54.2,755,0.1875,0.072028,physical_only_legacy,13864,18,7,2.0302,1.0,0.072,748.25,3,4.5836
map20_r48_s4,low,939,Greedy,1500,,,,,,,28.712270803949224,2.762,42.66149506346967,0.1022,173.0,155,155.0,0.124498,0.128845,709,0.405759,1245,1.0,0.728306,,,,,,,,,,,,,,,,,,,,,,,,,,,,,1.102094,421.0,0.0625,0.002528,,,,,48,,1219.8,227,382,layer5_order_arrival_manifest_v1,False,926.75,194,,,,,,,,,,,,,,,,,,,,,,,,,,,,,,,,,,,,,,,,,83.0,1203,0.25,0.184597,physical_only_legacy,30635,20,7,3.4579,1.0,0.1846,1271.88,,5.3968
map20_r48_s4,low,939,Hungarian,1500,,,,,,,28.770588235294117,3.2068,42.48352941176471,0.1331,180.4,373,373.0,1.31338,1.486056,1700,0.97644,284,0.4375,0.040056,,,,,,,,,,,,,,,,,,,,,,,,,,,,,0.02356,9.0,0.125,0.005972,,,,,48,,61.0,9,382,layer5_order_arrival_manifest_v1,True,0.0,0,,,,,,,,,,,,,,,,,,,,,,,,,,,,,,,,,,,,,,,,,18.9333,251,0.1875,0.019639,physical_only_legacy,2446,20,7,1.0058,1.0,0.0196,95.8,,4.2591
map20_r48_s4,low,939,JSQ,1500,,,,,,,25.423076923076923,2.8445,39.16258741258741,0.1511,160.8,373,373.0,2.27439,3.422018,1716,0.97644,164,0.270833,0.018833,,,,,,,,,,,,,,,,,,,,,,,,,,,,,0.02356,9.0,0.083333,0.003,,,,,48,,54.0,9,382,layer5_order_arrival_manifest_v1,True,0.0,0,,,,,,,,,,,,,,,,,,,,,,,,,,,,,,,,,,,,,,,,,10.9333,109,0.166667,0.012861,physical_only_legacy,1481,20,7,0.9071,1.0,0.0129,61.65,,4.0398
map20_r48_s4,low,939,PhaseC,1500,canonical_bfs_service_cell_v1,259,7.9884,2069,1500,44.5283,28.005865102639298,2.7,42.328445747800586,0.1356,166.8,160,160.0,0.129345,0.130933,682,0.418848,1237,1.0,0.736111,259,,,,,,,,,,,,,combo,,,,,,,,,,,off,,0,0.0,1.073298,410.0,0.0625,0.001667,long_risk_6d_quantile_combo_v2,1497,2069,24.8944,48,all_idle,1224.95,222,382,layer5_order_arrival_manifest_v1,True,916.5,188,,,,,,,,,,,,,,,,,,,,,,,,,,,,,,,0,0,2069,1.050726,0.394456,-0.003393,0.286819,0.878786,0.923418,0.977439,82.4667,1222,0.229167,0.156042,physical_only_legacy,33265,19,7,3.4809,1.0,0.156,1004.33,3,5.382
map20_r48_s4,low,939,ComboS1J1,1500,canonical_bfs_service_cell_v1,586,20.9352,12268,1500,248.0216,27.01155401502022,2.9444,40.547082611207394,0.1361,192.45,372,372.0,1.372694,1.978723,1731,0.973822,271,0.354167,0.026944,586,0.0,89,0.1519,586,0.165394,0.0068,4,0.626319,5.867942,50,-2.893312,0.115854,combo,0.0,0,0.0,0,0.0,0.0,0.0,0.0,0,586,conversion,0.0,0,0.0,0.026178,10.0,0.104167,0.003875,long_risk_6d_quantile_combo_v2,1497,12268,25.0821,48,all_idle,66.0,10,382,layer5_order_arrival_manifest_v1,True,0.0,0,0.022257895170072515,False,0.22542794005694755,15,593,False,True,374,25.09149733213658,False,True,0.08807271708777965,j_ascending,False,1497,3,0,0,21.635270541082164,WorldModelTaskAssigner.select_robots_unmodified,s1_within_context,True,phase_c_psi_dispatch_v1,0.12384291761351018,0.1836937959565079,0.39612558450233804,0,0,0.24013747344607045,1.0267379679144386,0,0,12268,1.006304,0.288676,-0.003393,0.242408,0.530667,0.664695,0.866591,18.0667,188,0.1875,0.017292,physical_only_legacy,1765,20,7,1.0066,1.0,0.0173,454.29,3,4.1289
map20_r48_s4,low,940,Greedy,1500,,,,,,,29.994405594405595,2.4643,43.73519813519813,0.1294,150.2,477,477.0,3.222973,5.021053,2145,0.957831,148,0.1875,0.019681,,,,,,,,,,,,,,,,,,,,,,,,,,,,,0.046185,23.0,0.0625,0.005139,,,,,48,,195.0,21,498,layer5_order_arrival_manifest_v1,False,194.5,2,,,,,,,,,,,,,,,,,,,,,,,,,,,,,,,,,,,,,,,,,9.8667,95,0.166667,0.015667,physical_only_legacy,1796,18,7,1.149,1.0,0.0157,75.64,,3.9517
map20_r48_s4,low,940,Hungarian,1500,,,,,,,28.965188364329997,2.5437,42.41106342393896,0.1287,131.0,482,482.0,2.619565,3.41844,2097,0.967871,184,0.25,0.022,,,,,,,,,,,,,,,,,,,,,,,,,,,,,0.032129,16.0,0.083333,0.004083,,,,,48,,132.5,16,498,layer5_order_arrival_manifest_v1,True,0.0,0,,,,,,,,,,,,,,,,,,,,,,,,,,,,,,,,,,,,,,,,,12.2667,141,0.229167,0.017347,physical_only_legacy,1381,21,7,1.0966,1.0,0.0173,84.24,,3.9662
map20_r48_s4,low,940,JSQ,1500,,,,,,,28.79098168154063,2.4068,42.91263503992485,0.1308,143.75,482,482.0,6.885714,13.388889,2129,0.967871,70,0.1875,0.011625,,,,,,,,,,,,,,,,,,,,,,,,,,,,,0.034137,17.0,0.083333,0.004361,,,,,48,,204.25,16,498,layer5_order_arrival_manifest_v1,True,204.0,1,,,,,,,,,,,,,,,,,,,,,,,,,,,,,,,,,,,,,,,,,4.6667,36,0.166667,0.014403,physical_only_legacy,1032,18,7,1.0416,1.0,0.0144,93.21,,3.8694
map20_r48_s4,low,940,PhaseC,1500,canonical_bfs_service_cell_v1,468,12.4081,5807,1500,117.185,25.009174311926607,2.2792,38.330275229357795,0.1349,124.0,295,295.0,0.366005,0.36646,1308,0.592369,806,1.0,0.43675,468,,,,,,,,,,,,,combo,,,,,,,,,,,off,,0,0.0,0.748996,373.0,0.041667,0.001667,long_risk_6d_quantile_combo_v2,1497,5807,24.8591,48,all_idle,754.0,203,498,layer5_order_arrival_manifest_v1,True,627.75,170,,,,,,,,,,,,,,,,,,,,,,,,,,,,,,,0,0,5807,0.97169,0.376034,0.035532,0.344301,0.668574,0.754267,0.87111,53.7333,805,0.104167,0.03825,physical_only_legacy,23028,14,7,2.3897,1.0,0.0382,576.09,3,4.5076
map20_r48_s4,low,940,ComboS1J1,1500,canonical_bfs_service_cell_v1,451,10.8758,4905,1500,144.8389,23.688146380270485,2.2022,37.031821797931585,0.1279,142.2,277,277.0,0.309497,0.313703,1257,0.556225,895,0.979167,0.488167,451,0.0,206,0.4568,451,0.439631,0.0089,4,0.67307,8.958342,50,-1.834862,0.217209,combo,0.0,0,0.0,0,0.0,0.0,0.0,0.0,0,451,conversion,0.0,0,0.0,0.825301,411.0,0.083333,0.001083,long_risk_6d_quantile_combo_v2,1497,4905,25.2282,48,all_idle,862.0,221,498,layer5_order_arrival_manifest_v1,True,645.55,190,0.6672462043127348,False,0.7956510455386522,7994,9327,False,True,985,24.682072575587004,False,True,-0.27402304565758634,j_ascending,False,1497,692,55,55,6.695390781563126,WorldModelTaskAssigner.select_robots_unmodified,s1_within_context,True,phase_c_psi_dispatch_v1,0.7314486249256975,0.5739683898588597,6.2304609218436875,0,0,0.34088276867736084,2.1644670050761423,0,0,4905,1.018538,0.373065,0.035532,0.326367,0.747298,0.860732,0.938592,59.6667,883,0.1875,0.090694,physical_only_legacy,22381,16,7,2.5131,1.0,0.0907,932.87,3,4.5763
map20_r48_s4,low,941,Greedy,1500,,,,,,,25.598877980364655,2.511,38.96283309957924,0.1246,144.2,317,317.0,0.3534,0.3627,1426,0.722096,897,1.0,0.452611,,,,,,,,,,,,,,,,,,,,,,,,,,,,,0.480638,211.0,0.083333,0.001681,,,,,48,,905.2,122,439,layer5_order_arrival_manifest_v1,False,493.0,89,,,,,,,,,,,,,,,,,,,,,,,,,,,,,,,,,,,,,,,,,59.8,874,0.145833,0.066486,physical_only_legacy,22036,15,7,2.4214,1.0,0.0665,586.49,,4.6573
map20_r48_s4,low,941,Hungarian,1500,,,,,,,23.586574320724562,2.4628,36.844432605221094,0.1438,108.0,427,427.0,26.6875,427.0,1877,0.972665,16,0.083333,0.024069,,,,,,,,,,,,,,,,,,,,,,,,,,,,,0.027335,12.0,0.041667,0.001944,,,,,48,,882.05,12,439,layer5_order_arrival_manifest_v1,True,0.0,0,,,,,,,,,,,,,,,,,,,,,,,,,,,,,,,,,,,,,,,,,1.0667,0,0.166667,0.028889,physical_only_legacy,393,13,7,0.7624,0.8333,0.0289,280.44,,3.4519
map20_r48_s4,low,941,JSQ,1500,,,,,,,25.410911602209946,2.5122,39.033839779005525,0.1346,150.45,332,332.0,0.370536,0.379863,1448,0.756264,896,0.958333,0.440847,,,,,,,,,,,,,,,,,,,,,,,,,,,,,0.410023,180.0,0.083333,0.001806,,,,,48,,908.1,107,439,layer5_order_arrival_manifest_v1,True,502.0,73,,,,,,,,,,,,,,,,,,,,,,,,,,,,,,,,,,,,,,,,,59.7333,874,0.145833,0.066403,physical_only_legacy,21175,15,7,2.3687,1.0,0.0664,591.56,,4.6415
map20_r48_s4,low,941,PhaseC,1500,canonical_bfs_service_cell_v1,634,19.2114,12180,1500,239.7338,25.004273504273506,2.5901,38.46741452991453,0.138,130.95,428,428.0,6.903226,10.7,1872,0.974943,62,0.1875,0.008542,634,,,,,,,,,,,,,combo,,,,,,,,,,,off,,0,0.0,0.025057,11.0,0.0625,0.003264,long_risk_6d_quantile_combo_v2,1497,12180,24.9032,48,all_idle,52.5,11,439,layer5_order_arrival_manifest_v1,True,0.0,0,,,,,,,,,,,,,,,,,,,,,,,,,,,,,,,0,0,12180,0.984833,0.314762,-0.048219,0.288967,0.515898,0.606689,0.819078,4.1333,40,0.229167,0.010333,physical_only_legacy,881,20,7,0.834,1.0,0.0103,403.17,3,3.8604
map20_r48_s4,low,941,ComboS1J1,1500,canonical_bfs_service_cell_v1,635,19.2693,12236,1500,250.221,25.637866666666667,2.5979,38.91413333333333,0.1385,132.1,427,427.0,5.144578,7.237288,1875,0.972665,83,0.1875,0.011931,635,0.0,125,0.1969,635,0.202535,0.0094,6,0.615867,5.857412,50,-2.807019,0.162715,combo,0.0,0,0.0,0,0.0,0.0,0.0,0.0,0,635,conversion,0.0,0,0.0,0.027335,12.0,0.083333,0.003528,long_risk_6d_quantile_combo_v2,1497,12236,25.0277,48,all_idle,64.0,12,439,layer5_order_arrival_manifest_v1,True,0.0,0,0.01669164500514311,False,0.20351006269064137,21,659,False,True,442,25.532978506784094,False,True,0.10800665427446353,j_ascending,False,1497,10,4,4,20.54241816967268,WorldModelTaskAssigner.select_robots_unmodified,s1_within_context,True,phase_c_psi_dispatch_v1,0.11010085384789234,0.19941707881950463,0.44021376085504343,0,0,0.23679793742520674,1.0542986425339367,0,0,12236,0.982233,0.332606,-0.048219,0.301407,0.582763,0.680603,0.836437,5.5333,59,0.145833,0.010208,physical_only_legacy,1137,16,7,0.9018,1.0,0.0102,425.55,3,3.8986
map20_r48_s4,low,942,Greedy,1500,,,,,,,23.525581395348837,2.1974,37.92248062015504,0.1323,185.8,132,132.0,0.105685,0.106624,645,0.387097,1249,1.0,0.714722,,,,,,,,,,,,,,,,,,,,,,,,,,,,,1.129032,385.0,0.104167,0.003611,,,,,48,,1211.6,209,341,layer5_order_arrival_manifest_v1,False,836.25,176,,,,,,,,,,,,,,,,,,,,,,,,,,,,,,,,,,,,,,,,,83.2667,1238,0.208333,0.125694,physical_only_legacy,33323,18,7,3.3414,1.0,0.1257,924.82,,5.0274
map20_r48_s4,low,942,Hungarian,1500,,,,,,,20.973489519112206,2.1808,34.59062885326757,0.1397,112.6,329,329.0,21.933333,32.9,1622,0.964809,15,0.125,0.006,,,,,,,,,,,,,,,,,,,,,,,,,,,,,0.035191,12.0,0.0625,0.001819,,,,,48,,59.5,12,341,layer5_order_arrival_manifest_v1,True,0.0,0,,,,,,,,,,,,,,,,,,,,,,,,,,,,,,,,,,,,,,,,,1.0,10,0.083333,0.007056,physical_only_legacy,363,16,7,0.7104,1.0,0.0071,26.48,,3.5924
map20_r48_s4,low,942,JSQ,1500,,,,,,,22.105185185185185,2.1174,36.24296296296296,0.1342,169.0,141,141.0,0.11289,0.113893,675,0.41349,1249,1.0,0.710597,,,,,,,,,,,,,,,,,,,,,,,,,,,,,1.073314,366.0,0.104167,0.003611,,,,,48,,1220.75,200,341,layer5_order_arrival_manifest_v1,True,877.5,166,,,,,,,,,,,,,,,,,,,,,,,,,,,,,,,,,,,,,,,,,83.2667,1238,0.229167,0.125653,physical_only_legacy,33026,18,7,3.319,1.0,0.1257,937.67,,4.978
map20_r48_s4,low,942,PhaseC,1500,canonical_bfs_service_cell_v1,558,24.9014,13895,1500,270.5791,22.015243902439025,2.2601,35.68170731707317,0.1449,120.65,330,330.0,4.714286,7.021277,1640,0.967742,70,0.145833,0.007944,558,,,,,,,,,,,,,combo,,,,,,,,,,,off,,0,0.0,0.032258,11.0,0.0625,0.002486,long_risk_6d_quantile_combo_v2,1497,13895,24.9203,48,all_idle,52.5,11,341,layer5_order_arrival_manifest_v1,True,0.0,0,,,,,,,,,,,,,,,,,,,,,,,,,,,,,,,0,0,13895,0.985968,0.295916,0.016867,0.264132,0.516258,0.604733,0.781756,4.6667,47,0.145833,0.008889,physical_only_legacy,667,15,7,0.754,1.0,0.0089,452.92,3,3.6609
map20_r48_s4,low,942,ComboS1J1,1500,canonical_bfs_service_cell_v1,548,25.573,14014,1500,279.5726,21.684667908131594,2.2603,35.24022346368715,0.1457,125.55,330,330.0,4.459459,5.789474,1611,0.967742,74,0.166667,0.008444,548,0.0,144,0.2628,548,0.259611,0.0164,9,0.594848,4.352643,50,-3.228406,0.173616,combo,0.0,0,0.0,0,0.0,0.0,0.0,0.0,0,548,conversion,0.0,0,0.0,0.032258,11.0,0.0625,0.002667,long_risk_6d_quantile_combo_v2,1497,14014,24.9578,48,all_idle,52.5,11,341,layer5_order_arrival_manifest_v1,True,0.0,0,0.007929455079125666,False,0.20642280468923002,3,548,False,True,341,25.220852812255057,False,True,0.10271699799027313,j_ascending,False,1497,1,0,0,26.257849031396127,WorldModelTaskAssigner.select_robots_unmodified,s1_within_context,True,phase_c_psi_dispatch_v1,0.10717612988417796,0.18012175502010833,0.36606546426185704,0,0,0.2396645007287934,1.002932551319648,0,0,14014,1.022705,0.288933,-0.004045,0.24833,0.520336,0.622461,0.831939,4.9333,57,0.145833,0.009181,physical_only_legacy,544,18,7,0.7173,1.0,0.0092,451.79,3,3.6436
map20_r48_s4,low,943,Greedy,1500,,,,,,,32.565158371040724,3.0052,46.72669683257919,0.1243,138.4,513,513.0,1.441011,1.750853,2210,0.927667,356,0.770833,0.104069,,,,,,,,,,,,,,,,,,,,,,,,,,,,,0.081374,45.0,0.0625,0.006042,,,,,48,,305.1,40,553,layer5_order_arrival_manifest_v1,False,130.0,5,,,,,,,,,,,,,,,,,,,,,,,,,,,,,,,,,,,,,,,,,23.7333,293,0.166667,0.032639,physical_only_legacy,5122,16,7,1.4687,1.0,0.0326,207.82,,4.3938
map20_r48_s4,low,943,Hungarian,1500,,,,,,,31.25868725868726,3.043,45.20540540540541,0.1308,244.95,244,244.0,0.241824,0.249744,1295,0.44123,1009,0.979167,0.533375,,,,,,,,,,,,,,,,,,,,,,,,,,,,,1.066908,590.0,0.083333,0.001792,,,,,48,,980.0,309,553,layer5_order_arrival_manifest_v1,True,895.0,281,,,,,,,,,,,,,,,,,,,,,,,,,,,,,,,,,,,,,,,,,67.2667,977,0.166667,0.072653,physical_only_legacy,26765,16,7,2.7556,1.0,0.0727,660.53,,5.1027
map20_r48_s4,low,943,JSQ,1500,,,,,,,31.698013245033113,2.8355,45.77880794701987,0.1325,149.75,536,536.0,2.762887,3.646259,2265,0.969259,194,0.291667,0.023944,,,,,,,,,,,,,,,,,,,,,,,,,,,,,0.030741,17.0,0.083333,0.007375,,,,,48,,152.0,17,553,layer5_order_arrival_manifest_v1,True,0.0,0,,,,,,,,,,,,,,,,,,,,,,,,,,,,,,,,,,,,,,,,,12.9333,147,0.166667,0.019306,physical_only_legacy,2205,19,7,1.2186,1.0,0.0193,78.65,,4.1788
map20_r48_s4,low,943,PhaseC,1500,canonical_bfs_service_cell_v1,769,9.4226,7246,1500,148.2382,32.77244718309859,2.9209,46.890404929577464,0.1299,174.8,537,537.0,2.871658,5.264706,2272,0.971067,187,0.166667,0.023875,769,,,,,,,,,,,,,combo,,,,,,,,,,,off,,0,0.0,0.028933,16.0,0.083333,0.006972,long_risk_6d_quantile_combo_v2,1497,7246,24.8385,48,all_idle,134.75,16,553,layer5_order_arrival_manifest_v1,True,0.0,0,,,,,,,,,,,,,,,,,,,,,,,,,,,,,,,0,0,7246,1.034272,0.47875,-0.022152,0.481215,0.789764,0.854464,0.918569,12.4667,102,0.125,0.019042,physical_only_legacy,2238,16,7,1.2384,1.0,0.019,314.37,3,4.2286
map20_r48_s4,low,943,ComboS1J1,1500,canonical_bfs_service_cell_v1,764,10.1649,7766,1500,169.6239,32.260195035460995,2.876,46.06959219858156,0.1284,179.25,536,536.0,3.209581,6.536585,2256,0.969259,167,0.166667,0.020639,764,0.0,197,0.2579,764,0.262212,0.0131,10,0.649745,8.648857,50,-2.04235,0.232305,combo,0.0,0,0.0,0,0.0,0.0,0.0,0.0,0,764,conversion,0.0,0,0.0,0.03255,18.0,0.083333,0.006444,long_risk_6d_quantile_combo_v2,1497,7766,24.8991,48,all_idle,290.6,17,553,layer5_order_arrival_manifest_v1,True,290.0,1,0.05433784194765607,False,0.2722314785888703,88,873,False,True,584,25.013999820508268,False,True,0.06275530674281415,j_ascending,False,1497,31,10,10,9.5437541750167,WorldModelTaskAssigner.select_robots_unmodified,s1_within_context,True,phase_c_psi_dispatch_v1,0.16328466026826327,0.2359382226947964,0.5831663326653307,0,0,0.21614171132735507,1.0993150684931507,0,0,7766,1.091909,0.461727,-0.02438,0.452252,0.785936,0.866432,0.963516,11.1333,82,0.145833,0.016931,physical_only_legacy,2090,15,7,1.2315,1.0,0.0169,342.69,3,4.1991
map20_r48_s4,low,944,Greedy,1500,,,,,,,22.677451971688573,2.0814,36.641051567239636,0.1309,166.3,199,199.0,0.188447,0.190613,989,0.545205,1056,1.0,0.579583,,,,,,,,,,,,,,,,,,,,,,,,,,,,,0.810959,296.0,0.145833,0.003931,,,,,48,,1074.0,166,365,layer5_order_arrival_manifest_v1,False,692.75,130,,,,,,,,,,,,,,,,,,,,,,,,,,,,,,,,,,,,,,,,,70.4,1044,0.25,0.134167,physical_only_legacy,24987,20,7,2.7781,1.0,0.1342,1096.16,,4.6948
map20_r48_s4,low,944,Hungarian,1500,,,,,,,22.394705174488568,2.2858,36.257521058965104,0.13,133.0,353,353.0,3.639175,5.515625,1662,0.967123,97,0.166667,0.010986,,,,,,,,,,,,,,,,,,,,,,,,,,,,,0.032877,12.0,0.083333,0.003028,,,,,48,,66.75,12,365,layer5_order_arrival_manifest_v1,True,0.0,0,,,,,,,,,,,,,,,,,,,,,,,,,,,,,,,,,,,,,,,,,6.4667,64,0.166667,0.008889,physical_only_legacy,911,17,7,0.7494,1.0,0.0089,45.26,,3.6565
map20_r48_s4,low,944,JSQ,1500,,,,,,,22.579395085066164,2.0836,36.82703213610586,0.1309,164.0,214,214.0,0.202652,0.204981,1058,0.586301,1056,1.0,0.557153,,,,,,,,,,,,,,,,,,,,,,,,,,,,,0.720548,263.0,0.145833,0.004,,,,,48,,1076.5,151,365,layer5_order_arrival_manifest_v1,True,679.5,112,,,,,,,,,,,,,,,,,,,,,,,,,,,,,,,,,,,,,,,,,70.4,1044,0.25,0.134486,physical_only_legacy,23372,20,7,2.6714,1.0,0.1345,1102.95,,4.6429
map20_r48_s4,low,944,PhaseC,1500,canonical_bfs_service_cell_v1,563,22.9645,12929,1500,252.3521,23.36156156156156,2.2922,37.13333333333333,0.1362,176.8,353,353.0,2.322368,3.268519,1665,0.967123,152,0.25,0.016333,563,,,,,,,,,,,,,combo,,,,,,,,,,,off,,0,0.0,0.032877,12.0,0.083333,0.004,long_risk_6d_quantile_combo_v2,1497,12929,24.9245,48,all_idle,74.5,12,365,layer5_order_arrival_manifest_v1,True,0.0,0,,,,,,,,,,,,,,,,,,,,,,,,,,,,,,,0,0,12929,1.079747,0.271483,0.019843,0.233832,0.478821,0.626835,0.904795,10.1333,108,0.1875,0.015278,physical_only_legacy,1218,19,7,0.7862,1.0,0.0153,435.56,3,3.6906
map20_r48_s4,low,944,ComboS1J1,1500,canonical_bfs_service_cell_v1,563,23.3286,13134,1500,265.153,23.470588235294116,2.31,37.291116446578634,0.1282,163.5,354,354.0,2.528571,3.051724,1666,0.969863,140,0.270833,0.01825,563,0.0,135,0.2398,563,0.253294,0.0124,7,0.627787,5.492406,50,-3.024093,0.257404,combo,0.0,0,0.0,0,0.0,0.0,0.0,0.0,0,563,conversion,0.0,0,0.0,0.030137,11.0,0.104167,0.003611,long_risk_6d_quantile_combo_v2,1497,13134,25.1344,48,all_idle,55.0,11,365,layer5_order_arrival_manifest_v1,True,0.0,0,0.015328415512612941,False,0.21216295012755396,4,565,False,True,364,25.364670899932037,False,True,0.08629739770781282,j_ascending,False,1497,1,0,0,24.346025384101537,WorldModelTaskAssigner.select_robots_unmodified,s1_within_context,True,phase_c_psi_dispatch_v1,0.11374568282008354,0.1804114110734874,0.37742150968603877,0,0,0.21967474998230427,1.0082417582417582,0,0,13134,1.019955,0.277442,0.017891,0.242769,0.481522,0.635095,0.875894,9.3333,116,0.1875,0.016319,physical_only_legacy,1131,21,7,0.7841,1.0,0.0163,481.87,3,3.6916
map20_r48_s4,low,945,Greedy,1500,,,,,,,32.05174418604651,2.8017,46.33720930232558,0.1343,164.85,384,384.0,0.486076,0.518919,1720,0.838428,790,0.979167,0.290722,,,,,,,,,,,,,,,,,,,,,,,,,,,,,0.259825,119.0,0.083333,0.005375,,,,,48,,620.5,74,458,layer5_order_arrival_manifest_v1,False,329.0,45,,,,,,,,,,,,,,,,,,,,,,,,,,,,,,,,,,,,,,,,,52.6667,740,0.25,0.055667,physical_only_legacy,14474,20,7,2.0648,1.0,0.0557,448.74,,4.6232
map20_r48_s4,low,945,Hungarian,1500,,,,,,,30.524433249370276,2.676,44.31788413098237,0.1386,156.65,448,448.0,2.064516,2.928105,1985,0.978166,217,0.25,0.026708,,,,,,,,,,,,,,,,,,,,,,,,,,,,,0.021834,10.0,0.083333,0.006458,,,,,48,,61.0,10,458,layer5_order_arrival_manifest_v1,True,0.0,0,,,,,,,,,,,,,,,,,,,,,,,,,,,,,,,,,,,,,,,,,14.4667,153,0.1875,0.019542,physical_only_legacy,2247,20,7,1.1742,1.0,0.0195,80.3,,4.0832
map20_r48_s4,low,945,JSQ,1500,,,,,,,25.587096774193547,2.4384,39.338248847926266,0.1461,206.2,229,229.0,0.221899,0.22473,1085,0.5,1032,1.0,0.576681,,,,,,,,,,,,,,,,,,,,,,,,,,,,,0.921397,422.0,0.083333,0.002528,,,,,48,,1034.0,229,458,layer5_order_arrival_manifest_v1,True,865.8,193,,,,,,,,,,,,,,,,,,,,,,,,,,,,,,,,,,,,,,,,,68.8,1019,0.208333,0.116708,physical_only_legacy,26088,17,7,2.8218,1.0,0.1167,994.37,,4.8929
map20_r48_s4,low,945,PhaseC,1500,canonical_bfs_service_cell_v1,527,9.1309,4812,1500,99.6419,29.24293405114401,2.6563,43.10296096904442,0.1349,173.9,343,343.0,0.409308,0.419829,1486,0.748908,838,0.979167,0.386625,527,,,,,,,,,,,,,combo,,,,,,,,,,,off,,0,0.0,0.419214,192.0,0.083333,0.004792,long_risk_6d_quantile_combo_v2,1497,4812,24.9557,48,all_idle,757.7,115,458,layer5_order_arrival_manifest_v1,True,452.0,77,,,,,,,,,,,,,,,,,,,,,,,,,,,,,,,0,0,4812,1.073743,0.454003,0.087735,0.409779,0.813501,0.881368,0.973261,55.8667,817,0.208333,0.077361,physical_only_legacy,18457,20,7,2.3569,1.0,0.0774,723.05,3,4.7189
map20_r48_s4,low,945,ComboS1J1,1500,canonical_bfs_service_cell_v1,673,13.1382,8842,1500,186.127,32.01110550227158,2.7797,45.74507824331146,0.1369,154.85,444,444.0,1.475083,1.897436,1981,0.969432,301,0.208333,0.038264,673,0.0,192,0.2853,673,0.288287,0.0134,9,0.675567,8.60242,50,-2.158904,0.230272,combo,0.0,0,0.0,0,0.0,0.0,0.0,0.0,0,673,conversion,0.0,0,0.0,0.030568,14.0,0.104167,0.006236,long_risk_6d_quantile_combo_v2,1497,8842,24.9966,48,all_idle,214.5,14,458,layer5_order_arrival_manifest_v1,True,0.0,0,0.018724056785412998,False,0.20557890426311687,19,703,False,True,472,25.073423543629254,False,True,0.10630679239519672,j_ascending,False,1497,7,2,2,14.169672678690715,WorldModelTaskAssigner.select_robots_unmodified,s1_within_context,True,phase_c_psi_dispatch_v1,0.11215148052426496,0.21914791364546013,0.4696058784235137,0,0,0.21776863219346296,1.0338983050847457,0,0,8842,1.005385,0.427033,0.048765,0.408429,0.714171,0.791826,0.926378,20.0667,234,0.208333,0.029403,physical_only_legacy,2532,19,7,1.193,1.0,0.0294,524.34,3,4.1526
map20_r48_s4,low,946,Greedy,1500,,,,,,,32.898587933247754,2.9877,46.38382541720154,0.1288,175.0,351,351.0,0.394826,0.445431,1558,0.764706,889,1.0,0.348014,,,,,,,,,,,,,,,,,,,,,,,,,,,,,0.400871,184.0,0.104167,0.007292,,,,,48,,680.0,108,459,layer5_order_arrival_manifest_v1,False,381.25,76,,,,,,,,,,,,,,,,,,,,,,,,,,,,,,,,,,,,,,,,,59.2667,788,0.166667,0.050986,physical_only_legacy,18516,19,7,2.318,1.0,0.051,450.57,,4.8327
map20_r48_s4,low,946,Hungarian,1500,,,,,,,22.695331695331696,2.2891,36.1019656019656,0.1029,200.0,151,151.0,0.117601,0.119651,814,0.328976,1284,1.0,0.726167,,,,,,,,,,,,,,,,,,,,,,,,,,,,,1.276688,586.0,0.0625,0.001,,,,,48,,1196.95,308,459,layer5_order_arrival_manifest_v1,True,1020.75,278,,,,,,,,,,,,,,,,,,,,,,,,,,,,,,,,,,,,,,,,,85.6,1262,0.166667,0.107778,physical_only_legacy,35408,19,7,3.3652,1.0,0.1078,1013.23,,5.0378
map20_r48_s4,low,946,JSQ,1500,,,,,,,31.19908583037075,2.9956,44.478415439309295,0.126,156.3,448,448.0,1.890295,2.174757,1969,0.976035,237,0.291667,0.03025,,,,,,,,,,,,,,,,,,,,,,,,,,,,,0.023965,11.0,0.083333,0.006792,,,,,48,,62.5,11,459,layer5_order_arrival_manifest_v1,True,0.0,0,,,,,,,,,,,,,,,,,,,,,,,,,,,,,,,,,,,,,,,,,15.8,206,0.208333,0.021972,physical_only_legacy,2338,18,7,1.2071,1.0,0.022,103.4,,4.2493
map20_r48_s4,low,946,PhaseC,1500,canonical_bfs_service_cell_v1,608,9.7566,5932,1500,120.9528,31.12601156069364,2.9446,45.21098265895954,0.1219,158.0,397,397.0,0.584683,0.664992,1730,0.864924,679,0.875,0.252083,608,,,,,,,,,,,,,combo,,,,,,,,,,,off,,0,0.0,0.196078,90.0,0.083333,0.005472,long_risk_6d_quantile_combo_v2,1497,5932,24.7921,48,all_idle,569.75,62,459,layer5_order_arrival_manifest_v1,True,253.0,28,,,,,,,,,,,,,,,,,,,,,,,,,,,,,,,0,0,5932,1.076726,0.467065,-0.053977,0.4634,0.832214,0.916956,0.997141,45.2667,597,0.1875,0.065972,physical_only_legacy,10991,18,7,1.9303,1.0,0.066,705.04,3,4.6253
map20_r48_s4,low,946,ComboS1J1,1500,canonical_bfs_service_cell_v1,667,15.7451,10502,1500,217.3462,29.75,2.8812,43.39553752535497,0.1319,161.5,446,446.0,2.252525,2.822785,1972,0.971678,198,0.229167,0.022708,667,0.0,126,0.1889,667,0.193969,0.009,6,0.650203,7.481734,50,-2.456207,0.206388,combo,0.0,0,0.0,0,0.0,0.0,0.0,0.0,0,667,conversion,0.0,0,0.0,0.028322,13.0,0.083333,0.004417,long_risk_6d_quantile_combo_v2,1497,10502,24.9825,48,all_idle,62.0,13,459,layer5_order_arrival_manifest_v1,True,0.0,0,0.022909824516659825,False,0.20996584098244062,37,723,False,True,473,25.03348583942299,False,True,0.09918976900195378,j_ascending,False,1497,13,7,7,16.19305277221109,WorldModelTaskAssigner.select_robots_unmodified,s1_within_context,True,phase_c_psi_dispatch_v1,0.11643783274955023,0.21092764195956465,0.48296593186372744,0,0,0.2203275615434429,1.0570824524312896,0,0,10502,1.046114,0.377337,-0.053977,0.352134,0.688116,0.789976,0.932548,13.2,158,0.25,0.016597,physical_only_legacy,1953,20,7,1.1152,1.0,0.0166,409.71,3,4.1467
map20_r48_s4,low,947,Greedy,1500,,,,,,,34.28894806924101,3.0125,48.201952951620065,0.1341,164.65,508,508.0,1.209524,1.472464,2253,0.930403,420,0.520833,0.056153,,,,,,,,,,,,,,,,,,,,,,,,,,,,,0.07326,40.0,0.083333,0.007236,,,,,48,,206.35,38,546,layer5_order_arrival_manifest_v1,False,42.8,2,,,,,,,,,,,,,,,,,,,,,,,,,,,,,,,,,,,,,,,,,28.0,345,0.229167,0.032792,physical_only_legacy,4013,21,7,1.4604,1.0,0.0328,198.67,,4.4033
map20_r48_s4,low,947,Hungarian,1500,,,,,,,24.66252821670429,2.4472,38.12641083521445,0.128,191.5,186,186.0,0.151589,0.156698,886,0.340659,1227,1.0,0.666556,,,,,,,,,,,,,,,,,,,,,,,,,,,,,1.260073,688.0,0.083333,0.002944,,,,,48,,1066.0,360,546,layer5_order_arrival_manifest_v1,True,902.65,328,,,,,,,,,,,,,,,,,,,,,,,,,,,,,,,,,,,,,,,,,81.8,1187,0.229167,0.146597,physical_only_legacy,29492,21,7,3.2044,1.0,0.1466,901.58,,5.1005
map20_r48_s4,low,947,JSQ,1500,,,,,,,33.24855233853007,2.9815,46.915367483296215,0.1331,159.05,514,514.0,1.392954,2.115226,2245,0.941392,369,0.208333,0.036667,,,,,,,,,,,,,,,,,,,,,,,,,,,,,0.06044,33.0,0.083333,0.008806,,,,,48,,153.45,32,546,layer5_order_arrival_manifest_v1,True,35.0,1,,,,,,,,,,,,,,,,,,,,,,,,,,,,,,,,,,,,,,,,,24.6,243,0.1875,0.023097,physical_only_legacy,3225,19,7,1.3799,1.0,0.0231,112.93,,4.3369
map20_r48_s4,low,947,PhaseC,1500,canonical_bfs_service_cell_v1,158,10.9747,1734,1500,36.8404,19.868073878627968,1.9226,33.60686015831135,0.135,142.8,85,85.0,0.061063,0.061151,379,0.155678,1392,1.0,0.853458,158,,,,,,,,,,,,,combo,,,,,,,,,,,off,,0,0.0,1.620879,885.0,0.104167,0.001472,long_risk_6d_quantile_combo_v2,1497,1734,24.8507,48,all_idle,1290.0,461,546,layer5_order_arrival_manifest_v1,True,1135.4,424,,,,,,,,,,,,,,,,,,,,,,,,,,,,,,,0,0,1734,1.062888,0.346071,-0.025653,0.145028,0.905843,0.944383,0.996772,92.8,1390,0.1875,0.136403,physical_only_legacy,41036,17,7,3.798,1.0,0.1364,1110.39,3,5.1317
map20_r48_s4,low,947,ComboS1J1,1500,canonical_bfs_service_cell_v1,765,8.2105,6281,1500,142.3913,35.589090909090906,3.2538,49.35136363636364,0.1324,202.3,508,508.0,1.018036,1.27,2200,0.930403,499,0.5,0.060125,765,0.0,205,0.268,765,0.277783,0.0118,9,0.706121,10.760005,50,-1.781965,0.293241,combo,0.0,0,0.0,0,0.0,0.0,0.0,0.0,0,765,conversion,0.0,0,0.0,0.07326,40.0,0.104167,0.010097,long_risk_6d_quantile_combo_v2,1497,6281,24.895,48,all_idle,343.3,38,546,layer5_order_arrival_manifest_v1,True,344.9,2,0.054491566276301924,False,0.26536094377003827,94,924,False,True,606,25.031244860218205,False,True,0.07167723673287257,j_ascending,False,1497,43,17,17,7.073480293921175,WorldModelTaskAssigner.select_robots_unmodified,s1_within_context,True,phase_c_psi_dispatch_v1,0.1599262550231699,0.23410904343195615,0.6172344689378757,0,0,0.22909794008012588,1.1287128712871286,0,0,6281,1.101867,0.540081,-0.022433,0.56347,0.856467,0.90769,0.985643,33.2667,400,0.25,0.037139,physical_only_legacy,4166,21,7,1.5149,1.0,0.0371,402.87,3,4.5539
map20_r48_s4,low,948,Greedy,1500,,,,,,,20.7,1.9762,32.5448275862069,0.0997,114.15,60,60.0,0.043636,0.043764,290,0.169014,1375,1.0,0.889806,,,,,,,,,,,,,,,,,,,,,,,,,,,,,1.569014,557.0,0.0625,0.000708,,,,,48,,1390.0,295,355,layer5_order_arrival_manifest_v1,False,1244.75,262,,,,,,,,,,,,,,,,,,,,,,,,,,,,,,,,,,,,,,,,,91.6667,1371,0.208333,0.153472,physical_only_legacy,33242,16,7,2.9287,1.0,0.1535,1525.67,,4.7057
map20_r48_s4,low,948,Hungarian,1500,,,,,,,21.18046357615894,2.099,34.50165562913907,0.1069,136.2,137,137.0,0.10293,0.105142,604,0.385915,1331,1.0,0.770042,,,,,,,,,,,,,,,,,,,,,,,,,,,,,1.121127,398.0,0.083333,0.002972,,,,,48,,1331.6,218,355,layer5_order_arrival_manifest_v1,True,900.25,180,,,,,,,,,,,,,,,,,,,,,,,,,,,,,,,,,,,,,,,,,88.7333,1303,0.208333,0.129778,physical_only_legacy,36854,21,7,3.5439,1.0,0.1298,996.3,,5.0581
map20_r48_s4,low,948,JSQ,1500,,,,,,,20.483443708609272,1.9595,32.54304635761589,0.1,114.0,61,61.0,0.044364,0.044493,302,0.171831,1375,1.0,0.886819,,,,,,,,,,,,,,,,,,,,,,,,,,,,,1.56338,555.0,0.0625,0.000708,,,,,48,,1390.0,294,355,layer5_order_arrival_manifest_v1,True,1245.0,261,,,,,,,,,,,,,,,,,,,,,,,,,,,,,,,,,,,,,,,,,91.6667,1371,0.208333,0.153472,physical_only_legacy,33027,16,7,2.9247,1.0,0.1535,1533.01,,4.6955
map20_r48_s4,low,948,PhaseC,1500,canonical_bfs_service_cell_v1,556,23.9209,13300,1500,257.9558,24.50336391437309,2.7399,38.107645259938835,0.1344,168.0,341,341.0,1.444915,2.351724,1635,0.960563,236,0.270833,0.027236,556,,,,,,,,,,,,,combo,,,,,,,,,,,off,,0,0.0,0.039437,14.0,0.0625,0.003597,long_risk_6d_quantile_combo_v2,1497,13300,24.818,48,all_idle,66.75,14,355,layer5_order_arrival_manifest_v1,True,0.0,0,,,,,,,,,,,,,,,,,,,,,,,,,,,,,,,0,0,13300,1.021131,0.332001,-0.002483,0.269755,0.644721,0.741092,0.939806,15.7333,145,0.208333,0.022528,physical_only_legacy,1400,21,7,0.8602,1.0,0.0225,502.39,3,3.957
map20_r48_s4,low,948,ComboS1J1,1500,canonical_bfs_service_cell_v1,237,9.308,2206,1500,92.1681,22.025931928687196,2.2088,35.523500810372774,0.1204,212.0,149,149.0,0.114089,0.115325,617,0.419718,1306,0.979167,0.769417,237,0.0,105,0.443,237,0.438824,0.0084,2,0.72704,11.693752,50,-1.41372,0.322743,combo,0.0,0,0.0,0,0.0,0.0,0.0,0.0,0,237,conversion,0.0,0,0.0,1.059155,376.0,0.0625,0.001333,long_risk_6d_quantile_combo_v2,1497,2206,24.7831,48,all_idle,1330.5,206,355,layer5_order_arrival_manifest_v1,True,925.5,170,0.7521841450306291,False,0.7228035564265429,8630,9465,False,True,1181,24.31642777577459,False,True,-0.28045112317722787,j_ascending,False,1497,972,35,35,2.1295925183700737,WorldModelTaskAssigner.select_robots_unmodified,s1_within_context,True,phase_c_psi_dispatch_v1,0.737493850728552,0.5722766714775713,6.322645290581162,0,0,0.34180878362506706,2.8535139712108384,0,0,2206,1.138789,0.46223,-0.002483,0.360949,0.928549,0.963637,1.086083,87.0667,1292,0.229167,0.164514,physical_only_legacy,34204,20,7,3.5251,1.0,0.1645,1773.5,3,5.1519
map20_r48_s4,low,949,Greedy,1500,,,,,,,33.37076725246464,2.9044,47.32447492498928,0.1294,155.95,542,542.0,3.027933,4.301587,2333,0.950877,179,0.25,0.024167,,,,,,,,,,,,,,,,,,,,,,,,,,,,,0.052632,30.0,0.083333,0.008153,,,,,48,,77.65,28,570,layer5_order_arrival_manifest_v1,False,39.5,2,,,,,,,,,,,,,,,,,,,,,,,,,,,,,,,,,,,,,,,,,11.9333,126,0.166667,0.021264,physical_only_legacy,2376,17,7,1.2783,1.0,0.0213,98.28,,4.242
map20_r48_s4,low,949,Hungarian,1500,,,,,,,33.20508401551056,2.9843,46.873761309780264,0.1274,147.0,545,545.0,2.511521,2.978142,2321,0.95614,217,0.270833,0.027028,,,,,,,,,,,,,,,,,,,,,,,,,,,,,0.04386,25.0,0.104167,0.008722,,,,,48,,77.8,25,570,layer5_order_arrival_manifest_v1,True,0.0,0,,,,,,,,,,,,,,,,,,,,,,,,,,,,,,,,,,,,,,,,,14.4667,183,0.208333,0.022042,physical_only_legacy,2491,19,7,1.3018,1.0,0.022,109.49,,4.2925
map20_r48_s4,low,949,JSQ,1500,,,,,,,23.676056338028168,2.3614,37.55362946912243,0.1369,208.3,210,210.0,0.168,0.168,923,0.368421,1250,0.958333,0.691708,,,,,,,,,,,,,,,,,,,,,,,,,,,,,1.2,684.0,0.0625,0.001097,,,,,48,,1134.8,360,570,layer5_order_arrival_manifest_v1,True,1007.85,324,,,,,,,,,,,,,,,,,,,,,,,,,,,,,,,,,,,,,,,,,83.3333,1250,0.104167,0.054208,physical_only_legacy,36439,13,7,3.2269,1.0,0.0542,623.27,,4.9852
map20_r48_s4,low,949,PhaseC,1500,canonical_bfs_service_cell_v1,759,9.2596,7028,1500,144.0091,29.702380952380953,2.8338,43.81410256410256,0.1302,153.3,515,515.0,1.523669,1.677524,2184,0.903509,338,0.625,0.099819,759,,,,,,,,,,,,,combo,,,,,,,,,,,off,,0,0.0,0.129825,74.0,0.083333,0.004639,long_risk_6d_quantile_combo_v2,1497,7028,24.796,48,all_idle,349.3,55,570,layer5_order_arrival_manifest_v1,True,101.6,19,,,,,,,,,,,,,,,,,,,,,,,,,,,,,,,0,0,7028,1.094859,0.503278,0.03842,0.4827,0.819296,0.8809,1.002218,22.5333,307,0.208333,0.030347,physical_only_legacy,4761,18,7,1.3801,1.0,0.0303,430.62,3,4.2675
map20_r48_s4,low,949,ComboS1J1,1500,canonical_bfs_service_cell_v1,792,9.4836,7511,1500,165.9328,31.974913494809687,2.8198,45.82439446366782,0.1294,158.0,541,541.0,4.471074,6.7625,2312,0.949123,121,0.25,0.018347,792,0.0,168,0.2121,792,0.228895,0.0051,4,0.650183,8.346678,50,-1.988649,0.184043,combo,0.0,0,0.0,0,0.0,0.0,0.0,0.0,0,792,conversion,0.0,0,0.0,0.054386,31.0,0.104167,0.006097,long_risk_6d_quantile_combo_v2,1497,7511,24.8755,48,all_idle,79.2,29,570,layer5_order_arrival_manifest_v1,True,57.35,2,0.04331021872478444,False,0.2297846889952188,74,931,False,True,625,24.921732971072196,False,True,0.09094525423059996,j_ascending,False,1497,29,11,11,8.379425517702071,WorldModelTaskAssigner.select_robots_unmodified,s1_within_context,True,phase_c_psi_dispatch_v1,0.13654745386000147,0.23859205749586113,0.6219104876419506,0,0,0.21639335868534032,1.104,0,0,7511,0.989437,0.467533,0.03842,0.451242,0.753099,0.832677,0.941674,8.0667,80,0.166667,0.015958,physical_only_legacy,1798,20,7,1.2052,1.0,0.016,327.77,3,4.1578
map20_r48_s4,mid,900,Greedy,1500,,,,,,,26.258680555555557,2.5096,40.29340277777778,0.1271,193.2,129,129.0,0.094644,0.094993,576,0.303529,1363,1.0,0.7915,,,,,,,,,,,,,,,,,,,,,,,,,,,,,1.312941,558.0,0.166667,0.002764,,,,,48,,1290.25,296,425,layer5_order_arrival_manifest_v1,False,1039.4,262,,,,,,,,,,,,,,,,,,,,,,,,,,,,,,,,,,,,,,,,,90.8667,1358,0.1875,0.095625,physical_only_legacy,40234,16,7,3.6682,1.0,0.0956,1019.11,,5.3116
map20_r48_s4,mid,900,Hungarian,1500,,,,,,,23.305093833780163,2.699,36.66970509383378,0.1371,143.45,412,412.0,3.779817,4.681818,1865,0.969412,109,0.3125,0.013653,,,,,,,,,,,,,,,,,,,,,,,,,,,,,0.030588,13.0,0.145833,0.004764,,,,,48,,58.4,13,425,layer5_order_arrival_manifest_v1,True,0.0,0,,,,,,,,,,,,,,,,,,,,,,,,,,,,,,,,,,,,,,,,,7.2667,88,0.1875,0.012958,physical_only_legacy,1205,18,7,0.8225,1.0,0.013,57.66,,3.9109
map20_r48_s4,mid,900,JSQ,1500,,,,,,,24.822727272727274,2.4343,38.99848484848485,0.1297,184.75,142,142.0,0.104182,0.104566,660,0.334118,1363,1.0,0.772153,,,,,,,,,,,,,,,,,,,,,,,,,,,,,1.254118,533.0,0.166667,0.002778,,,,,48,,1290.9,283,425,layer5_order_arrival_manifest_v1,True,1055.0,250,,,,,,,,,,,,,,,,,,,,,,,,,,,,,,,,,,,,,,,,,90.8667,1358,0.1875,0.095722,physical_only_legacy,38841,16,7,3.5761,1.0,0.0957,1031.87,,5.2306
map20_r48_s4,mid,900,PhaseC,1500,canonical_bfs_service_cell_v1,275,7.9309,2181,1500,46.9016,25.587671232876712,2.4718,39.679452054794524,0.1319,228.0,153,153.0,0.119159,0.121044,730,0.36,1284,1.0,0.727056,275,,,,,,,,,,,,,combo,,,,,,,,,,,off,,0,0.0,1.204706,512.0,0.083333,0.001889,long_risk_6d_quantile_combo_v2,1497,2181,24.8996,48,all_idle,1259.6,272,425,layer5_order_arrival_manifest_v1,True,924.4,240,,,,,,,,,,,,,,,,,,,,,,,,,,,,,,,0,0,2181,1.00421,0.400667,-0.016258,0.281379,0.832315,0.88852,0.971063,85.6,1264,0.145833,0.089986,physical_only_legacy,36925,16,7,3.3817,1.0,0.09,850.18,3,5.1486
map20_r48_s4,mid,900,ComboS1J1,1500,canonical_bfs_service_cell_v1,635,19.4283,12337,1500,249.6244,24.98175965665236,2.6621,38.456545064377686,0.1325,172.9,408,408.0,0.486293,1.232628,1864,0.96,839,0.229167,0.081431,635,0.0,144,0.2268,635,0.232363,0.0189,12,0.648998,7.697117,50,-2.633939,0.164945,combo,0.0,0,0.0,0,0.0,0.0,0.0,0.0,0,635,conversion,0.0,0,0.0,0.04,17.0,0.0625,0.002833,long_risk_6d_quantile_combo_v2,1497,12337,24.9112,48,all_idle,1012.0,17,425,layer5_order_arrival_manifest_v1,True,0.0,0,0.021688859956622154,False,0.2365966754155758,7,635,False,True,416,25.196318055700083,False,True,0.09290673796173086,j_ascending,False,1497,2,0,0,19.147628590514362,WorldModelTaskAssigner.select_robots_unmodified,s1_within_context,True,phase_c_psi_dispatch_v1,0.129142767686099,0.20322408082447652,0.4241816967267869,0,0,0.24087493047118186,1.0168269230769231,0,0,12337,1.019907,0.558019,-0.016258,0.578413,0.818381,0.862683,0.927757,55.9333,331,0.291667,0.080903,physical_only_legacy,1014,17,7,0.7608,1.0,0.0809,1401.25,3,3.9248
map20_r48_s4,mid,901,Greedy,1500,,,,,,,35.33718937446444,3.0278,49.41645244215938,0.1261,176.0,532,532.0,2.30303,5.115385,2334,0.928447,231,0.145833,0.025486,,,,,,,,,,,,,,,,,,,,,,,,,,,,,0.078534,45.0,0.0625,0.006556,,,,,48,,136.0,41,573,layer5_order_arrival_manifest_v1,False,79.4,4,,,,,,,,,,,,,,,,,,,,,,,,,,,,,,,,,,,,,,,,,15.4,104,0.145833,0.017431,physical_only_legacy,2632,17,7,1.3492,1.0,0.0174,83.19,,4.3321
map20_r48_s4,mid,901,Hungarian,1500,,,,,,,34.25605700712589,2.9965,48.00475059382423,0.1263,161.0,496,496.0,0.791069,0.876325,2105,0.86562,627,0.875,0.158639,,,,,,,,,,,,,,,,,,,,,,,,,,,,,0.21466,123.0,0.104167,0.009139,,,,,48,,343.2,77,573,layer5_order_arrival_manifest_v1,True,103.0,46,,,,,,,,,,,,,,,,,,,,,,,,,,,,,,,,,,,,,,,,,41.8,566,0.1875,0.052167,physical_only_legacy,8135,19,7,1.7737,1.0,0.0522,290.39,,4.5635
map20_r48_s4,mid,901,JSQ,1500,,,,,,,34.788830715532285,2.9344,48.50959860383944,0.1263,188.3,535,535.0,1.606607,2.192623,2292,0.933682,333,0.270833,0.033778,,,,,,,,,,,,,,,,,,,,,,,,,,,,,0.069808,40.0,0.083333,0.006208,,,,,48,,95.3,38,573,layer5_order_arrival_manifest_v1,True,78.8,2,,,,,,,,,,,,,,,,,,,,,,,,,,,,,,,,,,,,,,,,,22.2,244,0.125,0.01775,physical_only_legacy,3227,18,7,1.3951,1.0,0.0178,81.09,,4.3088
map20_r48_s4,mid,901,PhaseC,1500,canonical_bfs_service_cell_v1,794,7.8199,6209,1500,129.3303,33.817429193899784,3.0035,47.672331154684095,0.1242,158.0,539,539.0,3.208333,5.614583,2295,0.940663,168,0.166667,0.020806,794,,,,,,,,,,,,,combo,,,,,,,,,,,off,,0,0.0,0.061082,35.0,0.083333,0.005694,long_risk_6d_quantile_combo_v2,1497,6209,24.9046,48,all_idle,91.7,34,573,layer5_order_arrival_manifest_v1,True,1.0,1,,,,,,,,,,,,,,,,,,,,,,,,,,,,,,,0,0,6209,1.012797,0.430426,-0.053212,0.430428,0.713251,0.811712,0.916678,11.2,96,0.104167,0.015167,physical_only_legacy,2220,15,7,1.2891,1.0,0.0152,255.95,3,4.2857
map20_r48_s4,mid,901,ComboS1J1,1500,canonical_bfs_service_cell_v1,785,7.9325,6227,1500,141.2808,33.902064119455424,2.9305,47.98989898989899,0.1275,170.75,536,536.0,2.913043,4.466667,2277,0.935428,184,0.229167,0.023792,785,0.0,191,0.2433,785,0.256199,0.0115,9,0.659799,8.671503,50,-1.763269,0.241146,combo,0.0,0,0.0,0,0.0,0.0,0.0,0.0,0,785,conversion,0.0,0,0.0,0.069808,40.0,0.0625,0.005847,long_risk_6d_quantile_combo_v2,1497,6227,24.8404,48,all_idle,101.6,37,573,layer5_order_arrival_manifest_v1,True,84.1,3,0.04699605467003173,False,0.24618000093410194,78,915,False,True,612,24.82941796930105,False,True,0.071465336978121,j_ascending,False,1497,32,14,15,7.3146292585170345,WorldModelTaskAssigner.select_robots_unmodified,s1_within_context,True,phase_c_psi_dispatch_v1,0.14658802780206662,0.23366091947575085,0.6112224448897795,0,0,0.20244581008462306,1.1160130718954249,0,0,6227,1.02898,0.451146,-0.053212,0.454089,0.726598,0.820117,0.903389,12.2667,120,0.1875,0.017097,physical_only_legacy,2463,19,7,1.3116,1.0,0.0171,318.81,3,4.2657
map20_r48_s4,mid,902,Greedy,1500,,,,,,,34.76829268292683,3.1249,48.951219512195124,0.1293,191.45,378,378.0,0.487742,0.529412,1640,0.744094,775,1.0,0.336708,,,,,,,,,,,,,,,,,,,,,,,,,,,,,0.458661,233.0,0.104167,0.007069,,,,,48,,596.4,130,508,layer5_order_arrival_manifest_v1,False,422.8,103,,,,,,,,,,,,,,,,,,,,,,,,,,,,,,,,,,,,,,,,,51.6667,714,0.208333,0.083833,physical_only_legacy,15941,18,7,2.2888,1.0,0.0838,638.19,,4.92
map20_r48_s4,mid,902,Hungarian,1500,,,,,,,32.98726114649681,3.1583,46.46405823475887,0.1245,244.6,168,168.0,0.146214,0.150808,1099,0.330709,1149,1.0,0.5925,,,,,,,,,,,,,,,,,,,,,,,,,,,,,1.311024,666.0,0.083333,0.004736,,,,,48,,1064.2,340,508,layer5_order_arrival_manifest_v1,True,1058.0,326,,,,,,,,,,,,,,,,,,,,,,,,,,,,,,,,,,,,,,,,,76.6,1114,0.25,0.157944,physical_only_legacy,25569,22,7,3.1095,1.0,0.1579,1090.25,,5.4164
map20_r48_s4,mid,902,JSQ,1500,,,,,,,38.57869934024505,3.1729,52.561262959472195,0.1355,244.6,489,489.0,0.736446,0.848958,2122,0.962598,664,0.458333,0.088139,,,,,,,,,,,,,,,,,,,,,,,,,,,,,0.037402,19.0,0.125,0.013722,,,,,48,,92.4,19,508,layer5_order_arrival_manifest_v1,True,0.0,0,,,,,,,,,,,,,,,,,,,,,,,,,,,,,,,,,,,,,,,,,44.2667,576,0.291667,0.045431,physical_only_legacy,5616,23,7,1.6714,1.0,0.0454,232.03,,4.6031
map20_r48_s4,mid,902,PhaseC,1500,canonical_bfs_service_cell_v1,338,7.6479,2585,1500,55.5323,28.1240478781284,2.6964,42.15560391730141,0.1181,183.2,209,209.0,0.178785,0.182533,919,0.411417,1169,1.0,0.649208,338,,,,,,,,,,,,,combo,,,,,,,,,,,off,,0,0.0,1.102362,560.0,0.104167,0.002417,long_risk_6d_quantile_combo_v2,1497,2585,24.8876,48,all_idle,1133.2,299,508,layer5_order_arrival_manifest_v1,True,872.0,261,,,,,,,,,,,,,,,,,,,,,,,,,,,,,,,0,0,2585,1.113712,0.440422,0.030621,0.440677,0.85231,0.926257,1.011207,77.9333,1145,0.270833,0.169667,physical_only_legacy,27044,21,7,3.1893,1.0,0.1697,1423.06,3,5.2306
map20_r48_s4,mid,902,ComboS1J1,1500,canonical_bfs_service_cell_v1,581,6.1222,3557,1500,107.3052,34.56978155339806,3.1281,49.060679611650485,0.1329,204.25,376,376.0,0.425821,0.475949,1648,0.740157,883,0.979167,0.337069,581,0.0,220,0.3787,581,0.379821,0.0069,4,0.717886,11.967355,50,-1.309647,0.26834,combo,0.0,0,0.0,0,0.0,0.0,0.0,0.0,0,581,conversion,0.0,0,0.0,0.458661,233.0,0.125,0.009444,long_risk_6d_quantile_combo_v2,1497,3557,24.992,48,all_idle,607.6,132,508,layer5_order_arrival_manifest_v1,True,444.0,101,0.5005817068099964,False,0.6426025472959963,2624,3738,False,True,899,24.69007419038966,False,True,-0.10229557824544112,j_ascending,False,1497,476,47,48,3.4168336673346693,WorldModelTaskAssigner.select_robots_unmodified,s1_within_context,True,phase_c_psi_dispatch_v1,0.5715921270530024,0.5944207571835569,2.496993987975952,0,0,0.344172340431567,1.4905450500556174,0,0,3557,1.074368,0.505979,0.024447,0.525223,0.883138,0.935446,0.995531,58.8667,790,0.270833,0.076833,physical_only_legacy,16532,20,7,2.3295,1.0,0.0768,750.62,3,4.9385
map20_r48_s4,mid,903,Greedy,1500,,,,,,,32.48852901484481,2.8614,46.670265407107514,0.1234,163.7,524,524.0,1.554896,1.891697,2223,0.927434,337,0.666667,0.087472,,,,,,,,,,,,,,,,,,,,,,,,,,,,,0.083186,47.0,0.0625,0.005153,,,,,48,,364.0,41,565,layer5_order_arrival_manifest_v1,False,342.0,6,,,,,,,,,,,,,,,,,,,,,,,,,,,,,,,,,,,,,,,,,22.4667,277,0.145833,0.031861,physical_only_legacy,4113,17,7,1.4075,1.0,0.0319,232.28,,4.2897
map20_r48_s4,mid,903,Hungarian,1500,,,,,,,29.16331456154465,2.6424,42.95736122284795,0.1025,136.0,307,307.0,0.339978,0.356148,1243,0.543363,903,1.0,0.502139,,,,,,,,,,,,,,,,,,,,,,,,,,,,,0.838938,474.0,0.104167,0.003528,,,,,48,,811.15,258,565,layer5_order_arrival_manifest_v1,True,605.0,216,,,,,,,,,,,,,,,,,,,,,,,,,,,,,,,,,,,,,,,,,60.2,862,0.1875,0.102361,physical_only_legacy,18099,17,7,2.072,1.0,0.1024,818.97,,4.5621
map20_r48_s4,mid,903,JSQ,1500,,,,,,,30.291666666666668,2.7913,43.7988683127572,0.1267,162.1,479,479.0,0.723565,0.78013,1944,0.847788,662,0.833333,0.221167,,,,,,,,,,,,,,,,,,,,,,,,,,,,,0.238938,135.0,0.083333,0.005569,,,,,48,,531.0,86,565,layer5_order_arrival_manifest_v1,True,301.6,49,,,,,,,,,,,,,,,,,,,,,,,,,,,,,,,,,,,,,,,,,44.1333,614,0.145833,0.033972,physical_only_legacy,11227,17,7,1.7753,1.0,0.034,293.8,,4.444
map20_r48_s4,mid,903,PhaseC,1500,canonical_bfs_service_cell_v1,233,8.3734,1951,1500,42.11,28.68211920529801,2.639,42.57781456953642,0.0947,171.75,146,146.0,0.119379,0.121061,604,0.258407,1223,1.0,0.751292,233,,,,,,,,,,,,,combo,,,,,,,,,,,off,,0,0.0,1.40885,796.0,0.083333,0.001764,long_risk_6d_quantile_combo_v2,1497,1951,24.8111,48,all_idle,1183.1,419,565,layer5_order_arrival_manifest_v1,True,1061.2,377,,,,,,,,,,,,,,,,,,,,,,,,,,,,,,,0,0,1951,1.027886,0.364433,-0.011512,0.280808,0.790937,0.855207,0.954644,81.5333,1206,0.145833,0.101667,physical_only_legacy,28862,16,7,2.5716,1.0,0.1017,1199.01,3,4.8017
map20_r48_s4,mid,903,ComboS1J1,1500,canonical_bfs_service_cell_v1,257,7.1362,1834,1500,114.4419,21.401481481481483,2.068,35.284444444444446,0.1134,163.0,141,141.0,0.103297,0.103448,675,0.249558,1365,1.0,0.767611,257,0.0,92,0.358,257,0.370783,0.0078,2,0.759284,11.89771,50,-0.764006,0.213893,combo,0.0,0,0.0,0,0.0,0.0,0.0,0.0,0,257,conversion,0.0,0,0.0,1.438938,813.0,0.104167,0.001653,long_risk_6d_quantile_combo_v2,1497,1834,24.9818,48,all_idle,1323.55,424,565,layer5_order_arrival_manifest_v1,True,1238.4,389,0.7046058827047653,False,0.8666023311969742,9839,12209,False,True,1403,24.436381605008375,False,True,-0.31962163913455394,j_ascending,False,1497,1241,94,98,1.8490313961255844,WorldModelTaskAssigner.select_robots_unmodified,s1_within_context,True,phase_c_psi_dispatch_v1,0.7856041069508809,0.6238244347167814,8.15564462257849,0,0,0.3081405009158692,2.1439771917320027,0,0,1834,1.002522,0.361112,-0.011512,0.302607,0.833629,0.894534,0.958548,91.0,1363,0.145833,0.096875,physical_only_legacy,38013,15,7,3.4931,1.0,0.0969,1218.78,3,4.9908
map20_r48_s4,mid,904,Greedy,1500,,,,,,,28.316037735849058,2.6917,41.93490566037736,0.1135,150.8,233,233.0,0.214747,0.218574,1060,0.508734,1085,1.0,0.608708,,,,,,,,,,,,,,,,,,,,,,,,,,,,,0.914847,419.0,0.083333,0.002569,,,,,48,,1050.6,225,458,layer5_order_arrival_manifest_v1,False,761.4,194,,,,,,,,,,,,,,,,,,,,,,,,,,,,,,,,,,,,,,,,,72.3333,1066,0.1875,0.122042,physical_only_legacy,27892,17,7,3.0233,1.0,0.122,1146.48,,5.093
map20_r48_s4,mid,904,Hungarian,1500,,,,,,,30.034995625546806,2.8398,43.2843394575678,0.1437,153.35,254,254.0,0.232814,0.241216,1143,0.554585,1091,1.0,0.564167,,,,,,,,,,,,,,,,,,,,,,,,,,,,,0.827511,379.0,0.0625,0.003778,,,,,48,,982.2,204,458,layer5_order_arrival_manifest_v1,True,669.2,175,,,,,,,,,,,,,,,,,,,,,,,,,,,,,,,,,,,,,,,,,72.7333,1053,0.270833,0.116181,physical_only_legacy,25582,19,7,2.9458,1.0,0.1162,937.76,,5.1527
map20_r48_s4,mid,904,JSQ,1500,,,,,,,27.095323741007196,2.6466,41.131294964028775,0.1154,152.85,222,222.0,0.204797,0.205937,1112,0.484716,1084,0.979167,0.595625,,,,,,,,,,,,,,,,,,,,,,,,,,,,,0.958515,439.0,0.0625,0.001972,,,,,48,,1102.0,236,458,layer5_order_arrival_manifest_v1,True,863.6,203,,,,,,,,,,,,,,,,,,,,,,,,,,,,,,,,,,,,,,,,,72.2667,1078,0.208333,0.108278,physical_only_legacy,27577,18,7,2.923,1.0,0.1083,685.2,,5.0085
map20_r48_s4,mid,904,PhaseC,1500,canonical_bfs_service_cell_v1,694,16.6052,11524,1500,227.0072,27.156939676311918,2.8438,40.88867091711624,0.1347,143.0,441,441.0,3.675,4.9,2039,0.962882,120,0.1875,0.014986,694,,,,,,,,,,,,,combo,,,,,,,,,,,off,,0,0.0,0.037118,17.0,0.083333,0.004694,long_risk_6d_quantile_combo_v2,1497,11524,24.8895,48,all_idle,76.8,17,458,layer5_order_arrival_manifest_v1,True,0.0,0,,,,,,,,,,,,,,,,,,,,,,,,,,,,,,,0,0,11524,0.949763,0.295007,-0.0041,0.272738,0.482636,0.60926,0.791833,8.0,90,0.145833,0.013958,physical_only_legacy,1353,17,7,0.9638,1.0,0.014,407.28,3,4.0524
map20_r48_s4,mid,904,ComboS1J1,1500,canonical_bfs_service_cell_v1,699,15.226,10643,1500,219.9728,29.452508524111057,3.013,43.20993667803215,0.1296,203.0,441,441.0,1.56383,1.986486,2053,0.962882,282,0.375,0.033181,699,0.0,144,0.206,699,0.217427,0.01,7,0.638815,7.171595,50,-2.47447,0.193966,combo,0.0,0,0.0,0,0.0,0.0,0.0,0.0,0,699,conversion,0.0,0,0.0,0.037118,17.0,0.083333,0.005236,long_risk_6d_quantile_combo_v2,1497,10643,24.8967,48,all_idle,72.8,17,458,layer5_order_arrival_manifest_v1,True,0.0,0,0.0343449755376931,False,0.2362523045363684,54,778,False,True,486,25.096468366835833,False,True,0.08826996559551681,j_ascending,False,1497,18,7,7,14.967267869071476,WorldModelTaskAssigner.select_robots_unmodified,s1_within_context,True,phase_c_psi_dispatch_v1,0.135298640037031,0.21801548227093215,0.5197060788243153,0,0,0.22912172899416297,1.0781893004115226,0,0,10643,1.073918,0.318371,-0.0041,0.295205,0.531777,0.6892,0.887933,18.8,222,0.208333,0.019153,physical_only_legacy,2151,22,7,1.1492,1.0,0.0192,443.19,3,4.2298
map20_r48_s4,mid,905,Greedy,1500,,,,,,,35.28699360341152,3.0703,49.721535181236675,0.1299,180.5,526,526.0,1.433243,1.898917,2345,0.937611,367,0.25,0.041875,,,,,,,,,,,,,,,,,,,,,,,,,,,,,0.069519,39.0,0.104167,0.009236,,,,,48,,130.7,35,561,layer5_order_arrival_manifest_v1,False,86.0,4,,,,,,,,,,,,,,,,,,,,,,,,,,,,,,,,,,,,,,,,,24.4667,277,0.166667,0.025403,physical_only_legacy,3538,19,7,1.362,1.0,0.0254,122.83,,4.3714
map20_r48_s4,mid,905,Hungarian,1500,,,,,,,28.41675392670157,2.6898,42.01675392670157,0.1654,159.8,225,225.0,0.191164,0.197889,955,0.40107,1177,1.0,0.633236,,,,,,,,,,,,,,,,,,,,,,,,,,,,,1.11943,628.0,0.104167,0.003708,,,,,48,,1032.5,336,561,layer5_order_arrival_manifest_v1,True,749.25,292,,,,,,,,,,,,,,,,,,,,,,,,,,,,,,,,,,,,,,,,,78.4667,1137,0.229167,0.068792,physical_only_legacy,33587,19,7,3.14,1.0,0.0688,574.14,,5.1491
map20_r48_s4,mid,905,JSQ,1500,,,,,,,25.054808686659772,2.4944,39.655635987590486,0.1197,243.1,210,210.0,0.175585,0.180103,967,0.374332,1196,0.979167,0.646167,,,,,,,,,,,,,,,,,,,,,,,,,,,,,1.180036,662.0,0.125,0.002569,,,,,48,,1123.0,351,561,layer5_order_arrival_manifest_v1,True,914.5,311,,,,,,,,,,,,,,,,,,,,,,,,,,,,,,,,,,,,,,,,,79.7333,1166,0.1875,0.084583,physical_only_legacy,32443,18,7,3.0845,1.0,0.0846,751.39,,4.9938
map20_r48_s4,mid,905,PhaseC,1500,canonical_bfs_service_cell_v1,341,7.0029,2388,1500,51.9421,29.954741379310345,2.755,44.071120689655174,0.145,219.35,214,214.0,0.182438,0.189716,928,0.381462,1173,0.979167,0.633333,341,,,,,,,,,,,,,combo,,,,,,,,,,,off,,0,0.0,1.16934,656.0,0.125,0.004958,long_risk_6d_quantile_combo_v2,1497,2388,25.0116,48,all_idle,1084.4,347,561,layer5_order_arrival_manifest_v1,True,828.8,309,,,,,,,,,,,,,,,,,,,,,,,,,,,,,,,0,0,2388,1.120158,0.450841,0.028531,0.373476,0.867271,0.940158,1.050646,78.2,1128,0.333333,0.157361,physical_only_legacy,26554,20,7,3.0758,1.0,0.1574,1107.54,3,5.2178
map20_r48_s4,mid,905,ComboS1J1,1500,canonical_bfs_service_cell_v1,786,7.1819,5645,1500,131.006,34.927415828596416,3.0464,49.06296458242239,0.1311,184.5,531,531.0,1.334171,1.552632,2287,0.946524,398,0.229167,0.041931,786,0.0,200,0.2545,786,0.264156,0.0064,5,0.695828,10.491268,50,-1.655133,0.294333,combo,0.0,0,0.0,0,0.0,0.0,0.0,0.0,0,786,conversion,0.0,0,0.0,0.055258,31.0,0.125,0.011556,long_risk_6d_quantile_combo_v2,1497,5645,24.8818,48,all_idle,167.05,30,561,layer5_order_arrival_manifest_v1,True,136.0,1,0.04671151074813022,False,0.23777639843816653,122,952,False,True,628,25.050068456549077,False,True,0.09133148364221447,j_ascending,False,1497,50,15,16,6.332665330661323,WorldModelTaskAssigner.select_robots_unmodified,s1_within_context,True,phase_c_psi_dispatch_v1,0.1422439545931483,0.2441001399263677,0.635938543754175,0,0,0.22305073654435636,1.1178343949044587,0,0,5645,1.134368,0.511524,0.028531,0.501258,0.821823,0.89095,0.968125,26.5333,342,0.208333,0.027472,physical_only_legacy,3480,20,7,1.3936,1.0,0.0275,325.91,3,4.3786
map20_r48_s4,mid,906,Greedy,1500,,,,,,,33.17929292929293,3.0625,47.265151515151516,0.1307,172.9,463,463.0,0.700454,0.834234,1980,0.849541,661,0.9375,0.215708,,,,,,,,,,,,,,,,,,,,,,,,,,,,,0.238532,130.0,0.104167,0.004514,,,,,48,,563.8,82,545,layer5_order_arrival_manifest_v1,False,455.0,48,,,,,,,,,,,,,,,,,,,,,,,,,,,,,,,,,,,,,,,,,44.0667,555,0.270833,0.073389,physical_only_legacy,9488,21,7,1.8687,1.0,0.0734,540.83,,4.6697
map20_r48_s4,mid,906,Hungarian,1500,,,,,,,35.230804179918216,3.0482,49.06406179009541,0.1329,155.7,514,514.0,1.003906,1.132159,2201,0.943119,512,0.583333,0.085861,,,,,,,,,,,,,,,,,,,,,,,,,,,,,0.058716,32.0,0.125,0.009681,,,,,48,,276.0,31,545,layer5_order_arrival_manifest_v1,True,4.0,1,,,,,,,,,,,,,,,,,,,,,,,,,,,,,,,,,,,,,,,,,34.1333,454,0.270833,0.045583,physical_only_legacy,4835,22,7,1.5557,1.0,0.0456,261.59,,4.4805
map20_r48_s4,mid,906,JSQ,1500,,,,,,,34.69861792242532,2.9147,48.452073116362016,0.1333,185.0,521,521.0,1.574018,1.867384,2243,0.955963,331,0.291667,0.042083,,,,,,,,,,,,,,,,,,,,,,,,,,,,,0.044037,24.0,0.083333,0.008708,,,,,48,,162.8,24,545,layer5_order_arrival_manifest_v1,True,0.0,0,,,,,,,,,,,,,,,,,,,,,,,,,,,,,,,,,,,,,,,,,22.0667,279,0.1875,0.025694,physical_only_legacy,3476,20,7,1.3986,1.0,0.0257,125.7,,4.3157
map20_r48_s4,mid,906,PhaseC,1500,canonical_bfs_service_cell_v1,751,8.0959,6080,1500,127.054,31.849327770050998,2.9,45.668984700973574,0.1314,158.8,505,505.0,1.193853,1.383562,2157,0.926606,423,0.75,0.109417,751,,,,,,,,,,,,,combo,,,,,,,,,,,off,,0,0.0,0.086239,47.0,0.083333,0.008,long_risk_6d_quantile_combo_v2,1497,6080,25.0962,48,all_idle,326.8,40,545,layer5_order_arrival_manifest_v1,True,50.8,7,,,,,,,,,,,,,,,,,,,,,,,,,,,,,,,0,0,6080,1.018231,0.507184,0.037671,0.507279,0.813816,0.867108,0.937644,28.2,365,0.208333,0.0455,physical_only_legacy,5405,21,7,1.499,1.0,0.0455,482.47,3,4.3765
map20_r48_s4,mid,906,ComboS1J1,1500,canonical_bfs_service_cell_v1,758,9.0462,6857,1500,150.7737,32.998632010943915,2.987,46.55084359325125,0.1265,202.6,515,515.0,1.358839,1.645367,2193,0.944954,379,0.479167,0.064458,758,0.0,200,0.2639,758,0.283193,0.0132,10,0.661428,9.344946,50,-1.952783,0.241361,combo,0.0,0,0.0,0,0.0,0.0,0.0,0.0,0,758,conversion,0.0,0,0.0,0.055046,30.0,0.104167,0.005667,long_risk_6d_quantile_combo_v2,1497,6857,24.901,48,all_idle,276.6,30,545,layer5_order_arrival_manifest_v1,True,0.0,0,0.05489247925106835,False,0.2836691586691617,20,777,False,True,532,25.176815597578546,False,True,0.05465208220590138,j_ascending,False,1497,4,0,0,8.104876419505677,WorldModelTaskAssigner.select_robots_unmodified,s1_within_context,True,phase_c_psi_dispatch_v1,0.16928081896011518,0.23141643641087462,0.5190380761523046,0,0,0.21644936592115552,1.0582706766917294,0,0,6857,1.060655,0.519689,0.037671,0.538364,0.783801,0.842601,0.939519,25.2667,313,0.270833,0.034639,physical_only_legacy,3341,21,7,1.3819,1.0,0.0346,426.46,3,4.3457
map20_r48_s4,mid,907,Greedy,1500,,,,,,,27.714421252371917,2.5647,41.972485768500945,0.1198,173.65,228,228.0,0.19554,0.197917,1054,0.508929,1166,1.0,0.598194,,,,,,,,,,,,,,,,,,,,,,,,,,,,,0.908482,407.0,0.0625,0.001889,,,,,48,,1093.35,220,448,layer5_order_arrival_manifest_v1,False,758.8,187,,,,,,,,,,,,,,,,,,,,,,,,,,,,,,,,,,,,,,,,,77.7333,1152,0.25,0.126778,physical_only_legacy,26399,17,7,2.92,1.0,0.1268,1094.87,,4.9889
map20_r48_s4,mid,907,Hungarian,1500,,,,,,,28.618856569709127,2.7766,42.18605817452357,0.1378,129.45,432,432.0,4.965517,14.896552,1994,0.964286,87,0.125,0.011903,,,,,,,,,,,,,,,,,,,,,,,,,,,,,0.035714,16.0,0.083333,0.003611,,,,,48,,65.0,16,448,layer5_order_arrival_manifest_v1,True,0.0,0,,,,,,,,,,,,,,,,,,,,,,,,,,,,,,,,,,,,,,,,,5.8,29,0.125,0.01175,physical_only_legacy,1253,16,7,1.0834,1.0,0.0117,39.73,,4.0796
map20_r48_s4,mid,907,JSQ,1500,,,,,,,28.135902636916835,2.7178,41.63235294117647,0.126,162.0,431,431.0,2.355191,3.341085,1972,0.962054,183,0.3125,0.020278,,,,,,,,,,,,,,,,,,,,,,,,,,,,,0.037946,17.0,0.083333,0.003667,,,,,48,,87.2,17,448,layer5_order_arrival_manifest_v1,True,0.0,0,,,,,,,,,,,,,,,,,,,,,,,,,,,,,,,,,,,,,,,,,12.2,129,0.166667,0.013111,physical_only_legacy,1774,17,7,1.091,1.0,0.0131,60.83,,4.0435
map20_r48_s4,mid,907,PhaseC,1500,canonical_bfs_service_cell_v1,373,7.815,2915,1500,62.6956,25.328445747800586,2.4319,39.081133919843595,0.1202,132.5,255,255.0,0.228495,0.232029,1023,0.569196,1116,1.0,0.602236,373,,,,,,,,,,,,,combo,,,,,,,,,,,off,,0,0.0,0.779018,349.0,0.0625,0.001764,long_risk_6d_quantile_combo_v2,1497,2915,25.04,48,all_idle,1125.6,193,448,layer5_order_arrival_manifest_v1,True,645.0,156,,,,,,,,,,,,,,,,,,,,,,,,,,,,,,,0,0,2915,1.081298,0.486759,0.043445,0.488224,0.883964,0.922536,0.991524,74.4,1099,0.166667,0.095639,physical_only_legacy,28607,17,7,2.988,1.0,0.0956,1148.28,3,4.9258
map20_r48_s4,mid,907,ComboS1J1,1500,canonical_bfs_service_cell_v1,672,15.5967,10481,1500,216.2642,29.595238095238095,2.7928,43.20668693009119,0.1362,159.0,430,430.0,2.15,3.307692,1974,0.959821,200,0.1875,0.02175,672,0.0,131,0.1949,672,0.203058,0.0119,8,0.655255,7.697279,50,-2.558274,0.220925,combo,0.0,0,0.0,0,0.0,0.0,0.0,0.0,0,672,conversion,0.0,0,0.0,0.040179,18.0,0.083333,0.004278,long_risk_6d_quantile_combo_v2,1497,10481,25.0535,48,all_idle,84.6,18,448,layer5_order_arrival_manifest_v1,True,0.0,0,0.029848261956149928,False,0.2320000391958876,11,674,False,True,435,25.299672431301797,False,True,0.08334166434830151,j_ascending,False,1497,3,0,0,15.976619906479625,WorldModelTaskAssigner.select_robots_unmodified,s1_within_context,True,phase_c_psi_dispatch_v1,0.13092415057601875,0.20822638488797476,0.45023380093520377,0,0,0.22030524496066464,1.0413793103448277,0,0,10481,1.007863,0.430513,0.01925,0.382206,0.749196,0.8397,0.933898,13.3333,130,0.125,0.012778,physical_only_legacy,2007,17,7,1.1588,1.0,0.0128,388.53,3,4.1248
map20_r48_s4,mid,908,Greedy,1500,,,,,,,31.897990726429676,3.0397,45.871715610510044,0.1509,191.7,287,287.0,0.273333,0.292261,1294,0.606765,1050,1.0,0.510375,,,,,,,,,,,,,,,,,,,,,,,,,,,,,0.727273,344.0,0.083333,0.00275,,,,,48,,910.5,186,473,layer5_order_arrival_manifest_v1,False,716.6,158,,,,,,,,,,,,,,,,,,,,,,,,,,,,,,,,,,,,,,,,,70.0,982,0.1875,0.047958,physical_only_legacy,27511,17,7,2.7464,1.0,0.048,350.59,,5.0919
map20_r48_s4,mid,908,Hungarian,1500,,,,,,,29.06884765625,3.0364,42.78759765625,0.1428,140.6,463,463.0,4.327103,5.860759,2048,0.978858,107,0.1875,0.015222,,,,,,,,,,,,,,,,,,,,,,,,,,,,,0.021142,10.0,0.083333,0.00575,,,,,48,,42.6,10,473,layer5_order_arrival_manifest_v1,True,0.0,0,,,,,,,,,,,,,,,,,,,,,,,,,,,,,,,,,,,,,,,,,7.1333,79,0.1875,0.017292,physical_only_legacy,1471,17,7,1.0631,1.0,0.0173,74.86,,4.2099
map20_r48_s4,mid,908,JSQ,1500,,,,,,,28.659201557935734,3.0093,42.04430379746835,0.1427,163.3,459,459.0,3.165517,5.884615,2054,0.970402,145,0.208333,0.0165,,,,,,,,,,,,,,,,,,,,,,,,,,,,,0.029598,14.0,0.0625,0.004056,,,,,48,,57.4,14,473,layer5_order_arrival_manifest_v1,True,0.0,0,,,,,,,,,,,,,,,,,,,,,,,,,,,,,,,,,,,,,,,,,9.6667,78,0.166667,0.015681,physical_only_legacy,1346,19,7,1.0152,1.0,0.0157,96.04,,4.1706
map20_r48_s4,mid,908,PhaseC,1500,canonical_bfs_service_cell_v1,682,15.4795,10557,1500,209.9038,29.749628160634607,3.0879,43.565691621219635,0.1452,152.0,459,459.0,2.942308,4.98913,2017,0.970402,156,0.1875,0.02025,682,,,,,,,,,,,,,combo,,,,,,,,,,,off,,0,0.0,0.029598,14.0,0.125,0.005639,long_risk_6d_quantile_combo_v2,1497,10557,24.9856,48,all_idle,61.4,14,473,layer5_order_arrival_manifest_v1,True,0.0,0,,,,,,,,,,,,,,,,,,,,,,,,,,,,,,,0,0,10557,1.023403,0.348715,0.045462,0.296496,0.635871,0.761589,0.940705,10.4,92,0.166667,0.016833,physical_only_legacy,1832,19,7,1.1094,1.0,0.0168,398.95,3,4.2607
map20_r48_s4,mid,908,ComboS1J1,1500,canonical_bfs_service_cell_v1,414,6.5,2691,1500,96.8815,31.84917175239756,3.0501,45.89537925021796,0.1203,181.3,275,275.0,0.259679,0.269344,1147,0.581395,1059,0.979167,0.551069,414,0.0,157,0.3792,414,0.386611,0.0048,2,0.700819,11.121282,50,-1.345981,0.202108,combo,0.0,0,0.0,0,0.0,0.0,0.0,0.0,0,414,conversion,0.0,0,0.0,0.744186,352.0,0.104167,0.002625,long_risk_6d_quantile_combo_v2,1497,2691,24.8971,48,all_idle,986.15,198,473,layer5_order_arrival_manifest_v1,True,705.8,154,0.6231790510281823,False,0.7102789616995623,4008,5055,False,True,955,24.6920158228403,False,True,-0.30800982729758786,j_ascending,False,1497,553,25,25,2.289245156980628,WorldModelTaskAssigner.select_robots_unmodified,s1_within_context,True,phase_c_psi_dispatch_v1,0.6667290063638768,0.30479452475964375,3.376753507014028,0,0,0.41264383337293725,2.479581151832461,0,0,2691,1.101278,0.428791,0.045462,0.41215,0.828936,0.880009,0.979616,70.6,1021,0.166667,0.089458,physical_only_legacy,26990,18,7,2.8822,1.0,0.0895,810.98,3,5.1759
map20_r48_s4,mid,909,Greedy,1500,,,,,,,34.386388583973655,3.1133,48.67508232711306,0.1308,184.95,402,402.0,0.510152,0.561453,1822,0.792899,788,0.979167,0.296319,,,,,,,,,,,,,,,,,,,,,,,,,,,,,0.351085,178.0,0.083333,0.007736,,,,,48,,611.2,105,507,layer5_order_arrival_manifest_v1,False,379.2,73,,,,,,,,,,,,,,,,,,,,,,,,,,,,,,,,,,,,,,,,,52.5333,716,0.25,0.078597,physical_only_legacy,13589,21,7,2.1686,1.0,0.0786,484.12,,4.8503
map20_r48_s4,mid,909,Hungarian,1500,,,,,,,22.386459802538788,2.2499,35.499294781382225,0.1107,239.3,148,148.0,0.11341,0.113759,709,0.291913,1305,1.0,0.772681,,,,,,,,,,,,,,,,,,,,,,,,,,,,,1.35503,687.0,0.0625,0.000931,,,,,48,,1246.2,359,507,layer5_order_arrival_manifest_v1,True,1075.65,328,,,,,,,,,,,,,,,,,,,,,,,,,,,,,,,,,,,,,,,,,87.0,1301,0.166667,0.111667,physical_only_legacy,37874,16,7,3.5001,1.0,0.1117,850.77,,5.0974
map20_r48_s4,mid,909,JSQ,1500,,,,,,,32.79514207149404,3.0768,46.654445462878094,0.1255,176.0,493,493.0,1.79927,2.162281,2182,0.972387,274,0.25,0.031375,,,,,,,,,,,,,,,,,,,,,,,,,,,,,0.027613,14.0,0.083333,0.006875,,,,,48,,61.4,14,507,layer5_order_arrival_manifest_v1,True,0.0,0,,,,,,,,,,,,,,,,,,,,,,,,,,,,,,,,,,,,,,,,,18.2667,228,0.1875,0.018625,physical_only_legacy,2737,18,7,1.2339,1.0,0.0186,92.76,,4.2995
map20_r48_s4,mid,909,PhaseC,1500,canonical_bfs_service_cell_v1,738,8.21,6059,1500,125.1862,36.898891966759,3.2049,51.13850415512465,0.1359,205.0,489,489.0,1.186893,1.567308,2166,0.964497,412,0.375,0.047444,738,,,,,,,,,,,,,combo,,,,,,,,,,,off,,0,0.0,0.035503,18.0,0.083333,0.008208,long_risk_6d_quantile_combo_v2,1497,6059,24.8339,48,all_idle,82.4,18,507,layer5_order_arrival_manifest_v1,True,0.0,0,,,,,,,,,,,,,,,,,,,,,,,,,,,,,,,0,0,6059,1.109742,0.460243,-0.026718,0.446096,0.762605,0.856758,0.950113,27.4667,312,0.229167,0.032,physical_only_legacy,3756,20,7,1.4347,1.0,0.032,319.55,3,4.4877
map20_r48_s4,mid,909,ComboS1J1,1500,canonical_bfs_service_cell_v1,485,4.8103,2333,1500,106.2077,29.946362968405584,2.9595,44.150624540778836,0.1346,177.1,279,279.0,0.275964,0.284114,1361,0.550296,1011,0.9375,0.510014,485,0.0,163,0.3361,485,0.343705,0.0144,7,0.711845,11.344564,50,-0.886465,0.276626,combo,0.0,0,0.0,0,0.0,0.0,0.0,0.0,0,485,conversion,0.0,0,0.0,0.840237,426.0,0.104167,0.004153,long_risk_6d_quantile_combo_v2,1497,2333,24.8936,48,all_idle,929.2,228,507,layer5_order_arrival_manifest_v1,True,844.6,198,0.662889182438265,False,0.8199384412638422,9568,11289,False,True,1177,24.403580115473464,False,True,-0.2802764147018082,j_ascending,False,1497,825,103,110,1.6566466265865063,WorldModelTaskAssigner.select_robots_unmodified,s1_within_context,True,phase_c_psi_dispatch_v1,0.741413811851072,0.5837014693176475,7.541082164328658,0,0,0.33857332498088594,2.1605777400169925,0,0,2333,1.048986,0.432972,-0.026718,0.40977,0.844306,0.905194,0.967676,67.4,982,0.229167,0.088236,physical_only_legacy,23986,15,7,2.6974,1.0,0.0882,1067.26,3,5.0513
map20_r48_s4,mid,910,Greedy,1500,,,,,,,31.99138755980861,3.0337,45.86411483253588,0.129,237.0,211,211.0,0.174524,0.179574,1045,0.488426,1209,1.0,0.598764,,,,,,,,,,,,,,,,,,,,,,,,,,,,,0.949074,410.0,0.083333,0.004264,,,,,48,,1020.0,221,432,layer5_order_arrival_manifest_v1,False,722.4,189,,,,,,,,,,,,,,,,,,,,,,,,,,,,,,,,,,,,,,,,,80.6,1175,0.25,0.144417,physical_only_legacy,26920,21,7,3.1422,1.0,0.1444,961.2,,5.3613
map20_r48_s4,mid,910,Hungarian,1500,,,,,,,27.938356164383563,2.7403,41.528538812785385,0.1579,161.0,185,185.0,0.153146,0.158662,876,0.428241,1208,1.0,0.657833,,,,,,,,,,,,,,,,,,,,,,,,,,,,,1.074074,464.0,0.125,0.004917,,,,,48,,1061.6,247,432,layer5_order_arrival_manifest_v1,True,824.8,217,,,,,,,,,,,,,,,,,,,,,,,,,,,,,,,,,,,,,,,,,80.5333,1166,0.229167,0.157431,physical_only_legacy,28579,20,7,3.2933,1.0,0.1574,1167.53,,5.3322
map20_r48_s4,mid,910,JSQ,1500,,,,,,,28.8780127889818,3.0012,42.59517953762912,0.1326,170.9,415,415.0,1.276923,1.729167,2033,0.960648,325,0.25,0.033597,,,,,,,,,,,,,,,,,,,,,,,,,,,,,0.039352,17.0,0.083333,0.007819,,,,,48,,68.8,17,432,layer5_order_arrival_manifest_v1,True,0.0,0,,,,,,,,,,,,,,,,,,,,,,,,,,,,,,,,,,,,,,,,,21.6667,240,0.1875,0.021319,physical_only_legacy,2497,19,7,1.174,1.0,0.0213,77.68,,4.2415
map20_r48_s4,mid,910,PhaseC,1500,canonical_bfs_service_cell_v1,502,8.2092,4121,1500,86.1752,30.67163120567376,3.0131,44.80567375886525,0.1334,185.4,297,297.0,0.283939,0.293189,1410,0.6875,1046,0.958333,0.433,502,,,,,,,,,,,,,combo,,,,,,,,,,,off,,0,0.0,0.543981,235.0,0.083333,0.005125,long_risk_6d_quantile_combo_v2,1497,4121,24.984,48,all_idle,854.4,135,432,layer5_order_arrival_manifest_v1,True,462.8,100,,,,,,,,,,,,,,,,,,,,,,,,,,,,,,,0,0,4121,1.106818,0.563557,0.073928,0.607977,0.868344,0.926051,0.989994,69.7333,1013,0.1875,0.084681,physical_only_legacy,20739,21,7,2.5101,1.0,0.0847,858.4,3,4.9796
map20_r48_s4,mid,910,ComboS1J1,1500,canonical_bfs_service_cell_v1,314,6.9045,2168,1500,104.8768,23.93632075471698,2.4204,38.115566037735846,0.1399,177.35,152,152.0,0.116119,0.118657,848,0.351852,1309,0.979167,0.702264,314,0.0,107,0.3408,314,0.368159,0.0096,3,0.737388,12.056198,50,-1.103463,0.301315,combo,0.0,0,0.0,0,0.0,0.0,0.0,0.0,0,314,conversion,0.0,0,0.0,1.226852,530.0,0.083333,0.002125,long_risk_6d_quantile_combo_v2,1497,2168,24.9751,48,all_idle,1208.6,280,432,layer5_order_arrival_manifest_v1,True,1010.2,250,0.7376534115269848,False,0.8387895480241263,10528,11849,False,True,1230,24.514716510032493,False,True,-0.2585623487689924,j_ascending,False,1497,1078,75,79,1.6566466265865063,WorldModelTaskAssigner.select_robots_unmodified,s1_within_context,True,phase_c_psi_dispatch_v1,0.7882214797755837,0.6062951615050841,7.915163660654643,0,0,0.45302310050809036,2.4065040650406506,0,0,2168,1.096176,0.484332,0.073928,0.3348,0.892637,0.948114,1.02353,87.2667,1281,0.25,0.129097,physical_only_legacy,32603,21,7,3.2856,1.0,0.1291,1158.77,3,5.122
map20_r48_s4,mid,911,Greedy,1500,,,,,,,30.469470827679782,2.8321,44.67367706919946,0.1312,202.4,327,327.0,0.33198,0.348986,1474,0.677019,985,0.979167,0.437111,,,,,,,,,,,,,,,,,,,,,,,,,,,,,0.573499,277.0,0.145833,0.006472,,,,,48,,818.0,156,483,layer5_order_arrival_manifest_v1,False,584.0,121,,,,,,,,,,,,,,,,,,,,,,,,,,,,,,,,,,,,,,,,,65.6667,937,0.270833,0.126806,physical_only_legacy,18150,20,7,2.5158,1.0,0.1268,784.08,,4.9319
map20_r48_s4,mid,911,Hungarian,1500,,,,,,,30.646806482364155,2.9031,44.32125834127741,0.1397,156.55,470,470.0,1.696751,2.165899,2098,0.973085,277,0.291667,0.032819,,,,,,,,,,,,,,,,,,,,,,,,,,,,,0.026915,13.0,0.104167,0.007417,,,,,48,,49.6,13,483,layer5_order_arrival_manifest_v1,True,0.0,0,,,,,,,,,,,,,,,,,,,,,,,,,,,,,,,,,,,,,,,,,18.4667,217,0.229167,0.026389,physical_only_legacy,2476,22,7,1.1995,1.0,0.0264,115.49,,4.2174
map20_r48_s4,mid,911,JSQ,1500,,,,,,,24.562135922330096,2.385,39.08349514563107,0.1174,153.85,224,224.0,0.190153,0.196837,1030,0.463768,1178,1.0,0.619639,,,,,,,,,,,,,,,,,,,,,,,,,,,,,0.995859,481.0,0.125,0.004306,,,,,48,,1134.1,259,483,layer5_order_arrival_manifest_v1,True,947.35,222,,,,,,,,,,,,,,,,,,,,,,,,,,,,,,,,,,,,,,,,,78.5333,1138,0.25,0.162264,physical_only_legacy,25051,19,7,2.9638,1.0,0.1623,1202.83,,4.954
map20_r48_s4,mid,911,PhaseC,1500,canonical_bfs_service_cell_v1,382,6.9293,2647,1500,57.598,25.16952380952381,2.4391,39.69619047619047,0.1284,202.8,247,247.0,0.221724,0.226814,1050,0.511387,1114,1.0,0.607014,382,,,,,,,,,,,,,combo,,,,,,,,,,,off,,0,0.0,0.89441,432.0,0.083333,0.001861,long_risk_6d_quantile_combo_v2,1497,2647,24.8757,48,all_idle,1133.0,236,483,layer5_order_arrival_manifest_v1,True,866.25,196,,,,,,,,,,,,,,,,,,,,,,,,,,,,,,,0,0,2647,1.058931,0.416951,-0.008005,0.367324,0.827821,0.893169,0.97032,74.2667,1089,0.125,0.065028,physical_only_legacy,31207,14,7,2.9933,1.0,0.065,796.46,3,4.9096
map20_r48_s4,mid,911,ComboS1J1,1500,canonical_bfs_service_cell_v1,710,13.4958,9582,1500,199.4124,30.26529636711281,2.928,44.11663479923518,0.1321,167.65,468,468.0,2.146789,3.416058,2092,0.968944,218,0.229167,0.022056,710,0.0,150,0.2113,710,0.221634,0.0141,10,0.658829,8.174666,50,-2.26025,0.242942,combo,0.0,0,0.0,0,0.0,0.0,0.0,0.0,0,710,conversion,0.0,0,0.0,0.031056,15.0,0.104167,0.006694,long_risk_6d_quantile_combo_v2,1497,9582,24.8237,48,all_idle,61.2,15,483,layer5_order_arrival_manifest_v1,True,0.0,0,0.027205261679505856,False,0.2300613586474266,8,732,False,True,487,25.00754990471523,False,True,0.08882288181192333,j_ascending,False,1497,2,1,1,13.682030728122912,WorldModelTaskAssigner.select_robots_unmodified,s1_within_context,True,phase_c_psi_dispatch_v1,0.1286333101634664,0.21542583908529475,0.48897795591182364,0,0,0.2194865448654838,1.0205338809034907,0,0,9582,1.034459,0.387664,-0.008005,0.318292,0.706613,0.796128,0.931034,14.5333,137,0.166667,0.018153,physical_only_legacy,2070,19,7,1.1453,1.0,0.0182,379.61,3,4.1869
map20_r48_s4,mid,912,Greedy,1500,,,,,,,33.62480127186009,3.0274,47.6637519872814,0.1081,190.0,281,281.0,0.268642,0.282696,1258,0.61087,1046,1.0,0.480417,,,,,,,,,,,,,,,,,,,,,,,,,,,,,0.7,322.0,0.104167,0.006167,,,,,48,,872.4,179,460,layer5_order_arrival_manifest_v1,False,591.6,143,,,,,,,,,,,,,,,,,,,,,,,,,,,,,,,,,,,,,,,,,69.7333,994,0.25,0.135833,physical_only_legacy,19996,18,7,2.6862,1.0,0.1358,857.39,,5.1007
map20_r48_s4,mid,912,Hungarian,1500,,,,,,,30.833672431332655,3.0443,44.26703967446592,0.1343,151.7,447,447.0,1.870293,2.568966,1966,0.971739,239,0.25,0.027722,,,,,,,,,,,,,,,,,,,,,,,,,,,,,0.028261,13.0,0.083333,0.006403,,,,,48,,57.6,13,460,layer5_order_arrival_manifest_v1,True,0.0,0,,,,,,,,,,,,,,,,,,,,,,,,,,,,,,,,,,,,,,,,,15.9333,174,0.166667,0.018931,physical_only_legacy,2238,19,7,1.1725,1.0,0.0189,119.56,,4.2616
map20_r48_s4,mid,912,JSQ,1500,,,,,,,27.040495867768595,2.6644,40.88347107438017,0.1352,170.0,262,262.0,0.230026,0.242368,1210,0.569565,1139,0.979167,0.546889,,,,,,,,,,,,,,,,,,,,,,,,,,,,,0.791304,364.0,0.083333,0.002583,,,,,48,,1070.3,198,460,layer5_order_arrival_manifest_v1,True,836.25,166,,,,,,,,,,,,,,,,,,,,,,,,,,,,,,,,,,,,,,,,,75.9333,1081,0.208333,0.120514,physical_only_legacy,23747,20,7,2.747,1.0,0.1205,704.27,,4.9614
map20_r48_s4,mid,912,PhaseC,1500,canonical_bfs_service_cell_v1,467,6.5054,3038,1500,66.563,32.74099616858238,2.9992,46.8544061302682,0.1269,192.55,310,310.0,0.289449,0.302734,1305,0.673913,1071,0.979167,0.479111,467,,,,,,,,,,,,,combo,,,,,,,,,,,off,,0,0.0,0.565217,260.0,0.083333,0.006361,long_risk_6d_quantile_combo_v2,1497,3038,25.0434,48,all_idle,1017.55,150,460,layer5_order_arrival_manifest_v1,True,795.55,110,,,,,,,,,,,,,,,,,,,,,,,,,,,,,,,0,0,3038,1.055935,0.477143,-0.046536,0.496335,0.883892,0.917268,0.959373,71.4,1024,0.3125,0.080694,physical_only_legacy,22747,19,7,2.5489,1.0,0.0807,789.34,3,4.9817
map20_r48_s4,mid,912,ComboS1J1,1500,canonical_bfs_service_cell_v1,428,6.2336,2668,1500,106.2569,28.31512605042017,2.7836,42.7563025210084,0.1203,198.0,271,271.0,0.229079,0.240889,1190,0.58913,1183,0.9375,0.540653,428,0.0,144,0.3364,428,0.362925,0.014,6,0.733003,12.338049,50,-1.091095,0.198839,combo,0.0,0,0.0,0,0.0,0.0,0.0,0.0,0,428,conversion,0.0,0,0.0,0.73913,340.0,0.083333,0.003653,long_risk_6d_quantile_combo_v2,1497,2668,25.0161,48,all_idle,1108.8,189,460,layer5_order_arrival_manifest_v1,True,1014.0,151,0.5671643287060121,False,0.734108814786783,5211,6412,False,True,1162,24.622853004602835,False,True,-0.227797888654152,j_ascending,False,1497,781,95,101,3.1449565798263195,WorldModelTaskAssigner.select_robots_unmodified,s1_within_context,True,phase_c_psi_dispatch_v1,0.6506365717464082,0.5369677533978319,4.283233132932532,0,0,0.3087096127866769,2.183304647160069,0,0,2668,1.071775,0.458873,-0.046536,0.453985,0.888489,0.931075,0.997662,78.8667,1125,0.25,0.136944,physical_only_legacy,22503,22,7,2.7614,1.0,0.1369,1469.46,3,5.0297
map20_r48_s4,mid,913,Greedy,1500,,,,,,,34.74625,2.9413,48.89083333333333,0.129,172.0,534,534.0,1.927798,3.276074,2400,0.931937,277,0.291667,0.033708,,,,,,,,,,,,,,,,,,,,,,,,,,,,,0.075044,43.0,0.083333,0.007597,,,,,48,,132.4,39,573,layer5_order_arrival_manifest_v1,False,121.6,4,,,,,,,,,,,,,,,,,,,,,,,,,,,,,,,,,,,,,,,,,18.4667,163,0.166667,0.019389,physical_only_legacy,2892,17,7,1.2609,1.0,0.0194,122.95,,4.2495
map20_r48_s4,mid,913,Hungarian,1500,,,,,,,35.12270984235194,3.0702,49.10651896037495,0.1285,146.1,539,539.0,1.571429,2.04943,2347,0.940663,343,0.416667,0.042944,,,,,,,,,,,,,,,,,,,,,,,,,,,,,0.061082,35.0,0.104167,0.009931,,,,,48,,78.8,34,573,layer5_order_arrival_manifest_v1,True,4.0,1,,,,,,,,,,,,,,,,,,,,,,,,,,,,,,,,,,,,,,,,,22.8667,263,0.1875,0.029056,physical_only_legacy,3291,18,7,1.3357,1.0,0.0291,150.76,,4.3605
map20_r48_s4,mid,913,JSQ,1500,,,,,,,25.609606986899564,2.4612,39.59213973799127,0.1188,159.4,250,250.0,0.232126,0.237417,1145,0.4363,1077,0.958333,0.575639,,,,,,,,,,,,,,,,,,,,,,,,,,,,,1.071553,614.0,0.104167,0.002514,,,,,48,,1007.6,323,573,layer5_order_arrival_manifest_v1,True,794.0,291,,,,,,,,,,,,,,,,,,,,,,,,,,,,,,,,,,,,,,,,,71.8,1053,0.25,0.146625,physical_only_legacy,23710,20,7,2.8397,1.0,0.1466,1421.8,,4.9159
map20_r48_s4,mid,913,PhaseC,1500,canonical_bfs_service_cell_v1,415,7.9494,3299,1500,70.6349,30.4375,2.7322,44.282986111111114,0.1234,145.75,254,254.0,0.26294,0.278814,1152,0.443281,966,1.0,0.530889,415,,,,,,,,,,,,,combo,,,,,,,,,,,off,,0,0.0,1.045375,599.0,0.083333,0.003194,long_risk_6d_quantile_combo_v2,1497,3299,25.3544,48,all_idle,860.4,319,573,layer5_order_arrival_manifest_v1,True,698.1,280,,,,,,,,,,,,,,,,,,,,,,,,,,,,,,,0,0,3299,1.06814,0.481127,0.019215,0.463327,0.79665,0.850287,0.954142,64.4,911,0.270833,0.137833,physical_only_legacy,16674,19,7,2.053,1.0,0.1378,1594.26,3,4.6539
map20_r48_s4,mid,913,ComboS1J1,1500,canonical_bfs_service_cell_v1,823,7.6574,6302,1500,144.6108,32.005453020134226,2.7686,45.96770134228188,0.129,149.35,534,534.0,3.276074,5.505155,2384,0.931937,163,0.166667,0.020458,823,0.0,213,0.2588,823,0.269093,0.0146,12,0.640644,8.411721,50,-1.775977,0.24627,combo,0.0,0,0.0,0,0.0,0.0,0.0,0.0,0,823,conversion,0.0,0,0.0,0.078534,45.0,0.083333,0.006,long_risk_6d_quantile_combo_v2,1497,6302,25.2668,48,all_idle,150.4,39,573,layer5_order_arrival_manifest_v1,True,133.0,6,0.043417178594158924,False,0.2403397915858174,66,943,False,True,603,25.190170160857697,False,True,0.08875840274898769,j_ascending,False,1497,27,5,5,7.031396125584503,WorldModelTaskAssigner.select_robots_unmodified,s1_within_context,True,phase_c_psi_dispatch_v1,0.14187848508998804,0.24762602306088613,0.6299265197060788,0,0,0.21364775261706412,1.0945273631840795,0,0,6302,1.017019,0.474322,0.011587,0.468437,0.754102,0.80076,0.89717,10.8667,97,0.208333,0.01875,physical_only_legacy,2042,16,7,1.1933,1.0,0.0188,311.05,3,4.1287
map20_r48_s4,mid,914,Greedy,1500,,,,,,,18.60549132947977,1.7644,32.59393063583815,0.1064,291.1,130,130.0,0.103421,0.103503,692,0.317073,1257,1.0,0.735264,,,,,,,,,,,,,,,,,,,,,,,,,,,,,1.282927,526.0,0.104167,0.001722,,,,,48,,1285.35,280,410,layer5_order_arrival_manifest_v1,False,978.0,246,,,,,,,,,,,,,,,,,,,,,,,,,,,,,,,,,,,,,,,,,83.8,1256,0.270833,0.190764,physical_only_legacy,29125,19,7,3.2102,1.0,0.1908,1859.28,,4.7845
map20_r48_s4,mid,914,Hungarian,1500,,,,,,,20.126506024096386,1.9314,34.006024096385545,0.1032,110.0,132,132.0,0.104845,0.105854,664,0.321951,1259,1.0,0.743486,,,,,,,,,,,,,,,,,,,,,,,,,,,,,1.273171,522.0,0.0625,0.001347,,,,,48,,1248.6,278,410,layer5_order_arrival_manifest_v1,True,943.4,244,,,,,,,,,,,,,,,,,,,,,,,,,,,,,,,,,,,,,,,,,83.9333,1247,0.229167,0.173431,physical_only_legacy,31050,19,7,3.3429,1.0,0.1734,1311.5,,4.9138
map20_r48_s4,mid,914,JSQ,1500,,,,,,,19.231393775372126,1.8154,33.23004059539919,0.1365,131.55,144,144.0,0.116788,0.116788,739,0.35122,1233,1.0,0.709542,,,,,,,,,,,,,,,,,,,,,,,,,,,,,1.217073,499.0,0.104167,0.001972,,,,,48,,1258.0,266,410,layer5_order_arrival_manifest_v1,True,937.6,233,,,,,,,,,,,,,,,,,,,,,,,,,,,,,,,,,,,,,,,,,82.2,1233,0.208333,0.139111,physical_only_legacy,32159,20,7,3.2569,1.0,0.1391,955.36,,4.8117
map20_r48_s4,mid,914,PhaseC,1500,canonical_bfs_service_cell_v1,610,22.1459,13509,1500,264.9896,24.19478357380688,2.3766,37.607658157602664,0.1489,144.5,396,396.0,3.413793,6.491803,1802,0.965854,116,0.229167,0.013514,610,,,,,,,,,,,,,combo,,,,,,,,,,,off,,0,0.0,0.034146,14.0,0.0625,0.004278,long_risk_6d_quantile_combo_v2,1497,13509,25.0491,48,all_idle,76.4,14,410,layer5_order_arrival_manifest_v1,True,0.0,0,,,,,,,,,,,,,,,,,,,,,,,,,,,,,,,0,0,13509,1.043282,0.340157,0.07111,0.296404,0.600431,0.696268,0.861923,7.7333,61,0.1875,0.013806,physical_only_legacy,1050,19,7,0.9394,1.0,0.0138,462.07,3,3.8207
map20_r48_s4,mid,914,ComboS1J1,1500,canonical_bfs_service_cell_v1,174,14.8793,2589,1500,109.8361,18.06791569086651,1.7137,31.80327868852459,0.0999,121.2,87,87.0,0.06781,0.067863,427,0.212195,1283,1.0,0.809458,174,0.0,95,0.546,174,0.516998,0.023,4,0.68605,8.746956,50,-1.870685,0.349518,combo,0.0,0,0.0,0,0.0,0.0,0.0,0.0,0,174,conversion,0.0,0,0.0,1.487805,610.0,0.125,0.002361,long_risk_6d_quantile_combo_v2,1497,2589,25.3037,48,all_idle,1299.6,323,410,layer5_order_arrival_manifest_v1,True,1102.8,287,0.8478513904105076,False,0.8442770294467955,12946,14241,False,True,1278,24.49741088588473,False,True,-0.3575841753812871,j_ascending,False,1497,1135,10,11,3.152304609218437,WorldModelTaskAssigner.select_robots_unmodified,s1_within_context,True,phase_c_psi_dispatch_v1,0.8460642099286707,0.613239176064671,9.513026052104209,0,0,0.3637208930301027,3.325508607198748,0,0,2589,1.068958,0.381334,0.067874,0.287839,0.721759,0.882664,0.99594,85.5333,1282,0.3125,0.230333,physical_only_legacy,23471,20,7,2.8184,1.0,0.2303,1715.17,3,4.5963
map20_r48_s4,mid,915,Greedy,1500,,,,,,,34.93110918544194,3.062,48.70710571923743,0.1218,164.7,534,534.0,2.555024,3.734266,2308,0.938489,209,0.208333,0.025833,,,,,,,,,,,,,,,,,,,,,,,,,,,,,0.068541,39.0,0.104167,0.006792,,,,,48,,141.6,35,569,layer5_order_arrival_manifest_v1,False,146.0,4,,,,,,,,,,,,,,,,,,,,,,,,,,,,,,,,,,,,,,,,,13.9333,143,0.166667,0.017972,physical_only_legacy,2424,15,7,1.2625,1.0,0.018,91.35,,4.302
map20_r48_s4,mid,915,Hungarian,1500,,,,,,,30.421821305841924,2.7017,43.875,0.1277,118.0,541,541.0,8.323077,12.295455,2328,0.950791,65,0.166667,0.012417,,,,,,,,,,,,,,,,,,,,,,,,,,,,,0.049209,28.0,0.083333,0.003389,,,,,48,,65.2,28,569,layer5_order_arrival_manifest_v1,True,0.0,0,,,,,,,,,,,,,,,,,,,,,,,,,,,,,,,,,,,,,,,,,4.3333,44,0.125,0.011764,physical_only_legacy,1294,14,7,1.1035,1.0,0.0118,59.81,,4.0421
map20_r48_s4,mid,915,JSQ,1500,,,,,,,32.24588744588745,2.9782,46.06233766233766,0.1272,147.7,544,544.0,4.217054,6.4,2310,0.956063,129,0.208333,0.018042,,,,,,,,,,,,,,,,,,,,,,,,,,,,,0.043937,25.0,0.0625,0.005292,,,,,48,,55.2,25,569,layer5_order_arrival_manifest_v1,True,0.0,0,,,,,,,,,,,,,,,,,,,,,,,,,,,,,,,,,,,,,,,,,8.6,85,0.104167,0.013917,physical_only_legacy,1777,15,7,1.1628,1.0,0.0139,60.89,,4.2116
map20_r48_s4,mid,915,PhaseC,1500,canonical_bfs_service_cell_v1,588,8.7585,5150,1500,106.5874,27.34232613908873,2.4817,41.038369304556355,0.1292,155.9,388,388.0,0.552707,0.57997,1668,0.681898,702,1.0,0.339278,588,,,,,,,,,,,,,combo,,,,,,,,,,,off,,0,0.0,0.56942,324.0,0.083333,0.002778,long_risk_6d_quantile_combo_v2,1497,5150,24.8275,48,all_idle,678.0,181,569,layer5_order_arrival_manifest_v1,True,471.2,143,,,,,,,,,,,,,,,,,,,,,,,,,,,,,,,0,0,5150,1.072051,0.383683,0.035249,0.37607,0.733885,0.843748,0.947707,46.8,669,0.145833,0.043292,physical_only_legacy,17358,15,7,2.091,1.0,0.0433,615.56,3,4.4588
map20_r48_s4,mid,915,ComboS1J1,1500,canonical_bfs_service_cell_v1,786,9.6896,7616,1500,166.3401,31.919418758256274,2.6837,45.50286217525319,0.1274,141.2,539,539.0,4.418033,7.0,2271,0.947276,122,0.166667,0.021014,786,0.0,213,0.271,786,0.277542,0.0191,15,0.636652,7.868794,50,-2.019702,0.21521,combo,0.0,0,0.0,0,0.0,0.0,0.0,0.0,0,786,conversion,0.0,0,0.0,0.052724,30.0,0.104167,0.006347,long_risk_6d_quantile_combo_v2,1497,7616,24.9041,48,all_idle,74.6,30,569,layer5_order_arrival_manifest_v1,True,0.0,0,0.04079937460589121,False,0.23695768376619677,41,846,False,True,578,25.0887352986113,False,True,0.08964567523457388,j_ascending,False,1497,17,4,4,9.535738142952571,WorldModelTaskAssigner.select_robots_unmodified,s1_within_context,True,phase_c_psi_dispatch_v1,0.13887852918604396,0.23337079113432985,0.5651302605210421,0,0,0.22367761770690445,1.0674740484429066,0,0,7616,1.032989,0.420715,0.015215,0.414123,0.707724,0.762805,0.876074,8.1333,77,0.125,0.016472,physical_only_legacy,2156,15,7,1.1792,1.0,0.0165,330.06,3,4.0753
map20_r48_s4,mid,916,Greedy,1500,,,,,,,28.02296819787986,2.7704,42.1643109540636,0.1138,202.15,260,260.0,0.213992,0.21978,1132,0.556745,1215,0.958333,0.59775,,,,,,,,,,,,,,,,,,,,,,,,,,,,,0.800857,374.0,0.083333,0.003292,,,,,48,,1182.8,207,467,layer5_order_arrival_manifest_v1,False,714.8,167,,,,,,,,,,,,,,,,,,,,,,,,,,,,,,,,,,,,,,,,,81.0,1183,0.208333,0.130111,physical_only_legacy,26271,18,7,2.9503,1.0,0.1301,908.56,,5.1042
map20_r48_s4,mid,916,Hungarian,1500,,,,,,,27.731441048034934,2.6693,40.77838427947598,0.1226,158.3,188,188.0,0.15052,0.153219,916,0.40257,1249,1.0,0.689264,,,,,,,,,,,,,,,,,,,,,,,,,,,,,1.134904,530.0,0.125,0.003875,,,,,48,,1190.6,279,467,layer5_order_arrival_manifest_v1,True,958.0,251,,,,,,,,,,,,,,,,,,,,,,,,,,,,,,,,,,,,,,,,,83.2667,1227,0.3125,0.224556,physical_only_legacy,23348,21,7,3.0183,1.0,0.2246,2321.43,,5.1909
map20_r48_s4,mid,916,JSQ,1500,,,,,,,24.59470264867566,2.6837,38.03498250874563,0.1261,137.0,453,453.0,6.661765,7.677966,2001,0.970021,68,0.208333,0.009736,,,,,,,,,,,,,,,,,,,,,,,,,,,,,0.029979,14.0,0.083333,0.002417,,,,,48,,63.0,14,467,layer5_order_arrival_manifest_v1,True,0.0,0,,,,,,,,,,,,,,,,,,,,,,,,,,,,,,,,,,,,,,,,,4.5333,59,0.145833,0.010417,physical_only_legacy,892,19,7,0.9007,1.0,0.0104,51.56,,3.9287
map20_r48_s4,mid,916,PhaseC,1500,canonical_bfs_service_cell_v1,676,18.6139,12583,1500,246.5298,24.80591775325978,2.6752,38.48044132397192,0.1332,145.0,454,454.0,4.54,5.746835,1994,0.972163,100,0.208333,0.011319,676,,,,,,,,,,,,,combo,,,,,,,,,,,off,,0,0.0,0.027837,13.0,0.104167,0.002958,long_risk_6d_quantile_combo_v2,1497,12583,24.8458,48,all_idle,53.6,13,467,layer5_order_arrival_manifest_v1,True,0.0,0,,,,,,,,,,,,,,,,,,,,,,,,,,,,,,,0,0,12583,1.025374,0.312189,0.031335,0.283895,0.527457,0.657445,0.852098,6.6667,79,0.145833,0.010653,physical_only_legacy,1033,19,7,0.8843,1.0,0.0107,430.92,3,3.9236
map20_r48_s4,mid,916,ComboS1J1,1500,canonical_bfs_service_cell_v1,419,6.7255,2818,1500,102.0931,25.040447504302925,2.5257,38.93201376936317,0.1248,202.0,281,281.0,0.245844,0.248233,1162,0.601713,1143,1.0,0.588667,419,0.0,182,0.4344,419,0.433548,0.0191,8,0.715886,11.605136,50,-1.264861,0.237067,combo,0.0,0,0.0,0,0.0,0.0,0.0,0.0,0,419,conversion,0.0,0,0.0,0.719486,336.0,0.083333,0.002597,long_risk_6d_quantile_combo_v2,1497,2818,24.8861,48,all_idle,1164.25,186,467,layer5_order_arrival_manifest_v1,True,686.2,150,0.6735229213517696,False,0.7148855596223134,4629,6254,False,True,1054,24.46699315996618,False,True,-0.2508879668511255,j_ascending,False,1497,703,53,54,2.4188376753507015,WorldModelTaskAssigner.select_robots_unmodified,s1_within_context,True,phase_c_psi_dispatch_v1,0.694204240487041,0.5276836947325604,4.177688710754843,0,0,0.35894885253927217,1.7827324478178368,0,0,2818,1.079436,0.440156,0.031335,0.419761,0.857682,0.914439,0.986997,76.2,1132,0.1875,0.099056,physical_only_legacy,27607,20,7,2.8834,1.0,0.0991,1053.32,3,4.9284
map20_r48_s4,mid,917,Greedy,1500,,,,,,,27.161081081081083,2.7184,41.47891891891892,0.1184,365.4,190,190.0,0.154976,0.156122,925,0.455635,1226,1.0,0.655056,,,,,,,,,,,,,,,,,,,,,,,,,,,,,1.019185,425.0,0.083333,0.00275,,,,,48,,1214.8,227,417,layer5_order_arrival_manifest_v1,False,860.6,198,,,,,,,,,,,,,,,,,,,,,,,,,,,,,,,,,,,,,,,,,81.7333,1217,0.229167,0.139861,physical_only_legacy,28722,18,7,3.0972,1.0,0.1399,916.43,,5.1661
map20_r48_s4,mid,917,Hungarian,1500,,,,,,,23.21262817053427,2.4993,36.540744738262276,0.1393,129.55,384,384.0,1.819905,2.0,1853,0.920863,211,0.770833,0.061542,,,,,,,,,,,,,,,,,,,,,,,,,,,,,0.079137,33.0,0.104167,0.003611,,,,,48,,235.2,33,417,layer5_order_arrival_manifest_v1,True,0.0,0,,,,,,,,,,,,,,,,,,,,,,,,,,,,,,,,,,,,,,,,,14.0667,192,0.229167,0.028028,physical_only_legacy,2501,21,7,1.1358,1.0,0.028,160.0,,3.9849
map20_r48_s4,mid,917,JSQ,1500,,,,,,,26.22790948275862,2.832,39.833512931034484,0.1322,139.2,380,380.0,1.30137,1.455939,1856,0.911271,292,0.854167,0.089833,,,,,,,,,,,,,,,,,,,,,,,,,,,,,0.100719,42.0,0.083333,0.003986,,,,,48,,264.8,37,417,layer5_order_arrival_manifest_v1,True,60.0,5,,,,,,,,,,,,,,,,,,,,,,,,,,,,,,,,,,,,,,,,,19.4667,261,0.270833,0.041194,physical_only_legacy,3677,21,7,1.3246,1.0,0.0412,239.01,,4.2517
map20_r48_s4,mid,917,PhaseC,1500,canonical_bfs_service_cell_v1,650,19.16,12454,1500,243.7609,24.159935379644587,2.4761,37.591276252019384,0.1465,129.0,381,381.0,1.614407,1.84058,1857,0.913669,236,0.75,0.060681,650,,,,,,,,,,,,,combo,,,,,,,,,,,off,,0,0.0,0.086331,36.0,0.0625,0.002556,long_risk_6d_quantile_combo_v2,1497,12454,24.9139,48,all_idle,257.0,36,417,layer5_order_arrival_manifest_v1,True,0.0,0,,,,,,,,,,,,,,,,,,,,,,,,,,,,,,,0,0,12454,1.011571,0.379343,0.015375,0.354248,0.653536,0.744842,0.84879,15.7333,207,0.25,0.032028,physical_only_legacy,2254,20,7,1.1689,1.0,0.032,600.0,3,4.001
map20_r48_s4,mid,917,ComboS1J1,1500,canonical_bfs_service_cell_v1,654,18.8486,12327,1500,248.6848,25.83147853736089,2.4954,39.58293587705352,0.146,142.1,390,390.0,1.308725,1.460674,1887,0.935252,298,0.520833,0.041,654,0.0,182,0.2783,654,0.286529,0.0153,10,0.626422,6.763254,50,-2.875709,0.168558,combo,0.0,0,0.0,0,0.0,0.0,0.0,0.0,0,654,conversion,0.0,0,0.0,0.064748,27.0,0.083333,0.003069,long_risk_6d_quantile_combo_v2,1497,12327,24.8288,48,all_idle,222.8,27,417,layer5_order_arrival_manifest_v1,True,0.0,0,0.01326433344597935,False,0.21630359903556054,13,679,False,True,430,25.13606791969302,False,True,0.09596951253018257,j_ascending,False,1497,4,0,0,18.014028056112224,WorldModelTaskAssigner.select_robots_unmodified,s1_within_context,True,phase_c_psi_dispatch_v1,0.11478396624077015,0.20011219465679905,0.45357381429525717,0,0,0.2213947628851053,1.0209302325581395,0,0,12327,0.997577,0.365451,0.015375,0.345907,0.616611,0.707521,0.825027,19.8667,267,0.25,0.017778,physical_only_legacy,2576,20,7,1.1565,1.0,0.0178,507.06,3,3.9898
map20_r48_s4,mid,918,Greedy,1500,,,,,,,32.243063263041066,3.042,46.0788013318535,0.1323,180.7,194,194.0,0.162615,0.16782,901,0.433036,1193,1.0,0.652708,,,,,,,,,,,,,,,,,,,,,,,,,,,,,1.060268,475.0,0.083333,0.003708,,,,,48,,1100.1,254,448,layer5_order_arrival_manifest_v1,False,840.0,221,,,,,,,,,,,,,,,,,,,,,,,,,,,,,,,,,,,,,,,,,79.5333,1156,0.3125,0.195347,physical_only_legacy,26259,22,7,3.3008,1.0,0.1953,1451.32,,5.499
map20_r48_s4,mid,918,Hungarian,1500,,,,,,,32.60318664643399,3.1558,46.43323216995448,0.1225,171.0,298,298.0,0.298897,0.317021,1318,0.665179,997,1.0,0.447306,,,,,,,,,,,,,,,,,,,,,,,,,,,,,0.595982,267.0,0.0625,0.004778,,,,,48,,793.2,150,448,layer5_order_arrival_manifest_v1,True,490.4,117,,,,,,,,,,,,,,,,,,,,,,,,,,,,,,,,,,,,,,,,,66.4667,940,0.270833,0.127722,physical_only_legacy,18873,21,7,2.6674,1.0,0.1277,984.61,,5.1618
map20_r48_s4,mid,918,JSQ,1500,,,,,,,29.026420079260237,2.778,42.317040951122856,0.1136,152.3,170,170.0,0.143581,0.145673,757,0.379464,1184,1.0,0.713139,,,,,,,,,,,,,,,,,,,,,,,,,,,,,1.160714,520.0,0.083333,0.003986,,,,,48,,1152.6,278,448,layer5_order_arrival_manifest_v1,True,919.8,242,,,,,,,,,,,,,,,,,,,,,,,,,,,,,,,,,,,,,,,,,78.9333,1167,0.166667,0.087542,physical_only_legacy,37002,15,7,3.4218,1.0,0.0875,757.35,,5.3011
map20_r48_s4,mid,918,PhaseC,1500,canonical_bfs_service_cell_v1,328,7.9573,2610,1500,55.7,31.311586051743532,2.9823,45.503937007874015,0.113,175.7,207,207.0,0.179532,0.186151,889,0.462054,1153,1.0,0.6395,328,,,,,,,,,,,,,combo,,,,,,,,,,,off,,0,0.0,1.004464,450.0,0.0625,0.003375,long_risk_6d_quantile_combo_v2,1497,2610,24.9579,48,all_idle,1040.0,241,448,layer5_order_arrival_manifest_v1,True,794.4,209,,,,,,,,,,,,,,,,,,,,,,,,,,,,,,,0,0,2610,1.038798,0.429538,0.050831,0.408616,0.808612,0.878124,0.955595,76.8667,1112,0.270833,0.163792,physical_only_legacy,27521,21,7,3.2599,1.0,0.1638,1063.21,3,5.3978
map20_r48_s4,mid,918,ComboS1J1,1500,canonical_bfs_service_cell_v1,253,7.6877,1945,1500,103.2022,25.944277108433734,2.5665,40.24246987951807,0.1481,191.8,142,142.0,0.106607,0.107985,664,0.316964,1332,0.979167,0.759722,253,0.0,103,0.4071,253,0.412535,0.0079,2,0.750887,11.659571,50,-1.1823,0.307956,combo,0.0,0,0.0,0,0.0,0.0,0.0,0.0,0,253,conversion,0.0,0,0.0,1.283482,575.0,0.083333,0.001792,long_risk_6d_quantile_combo_v2,1497,1945,25.0579,48,all_idle,1265.75,306,448,layer5_order_arrival_manifest_v1,True,1074.4,269,0.7809030253455659,False,0.8785509238990554,13823,15902,False,True,1316,24.46242795456031,False,True,-0.34102072475499307,j_ascending,False,1497,1064,47,49,1.1890447561790247,WorldModelTaskAssigner.select_robots_unmodified,s1_within_context,True,phase_c_psi_dispatch_v1,0.8297269746223256,0.6225523617487096,10.62257849031396,0,0,0.35486013798595767,2.430091185410334,0,0,1945,1.053372,0.403354,0.06087,0.223508,0.868648,0.906944,0.990858,88.8,1315,0.208333,0.110056,physical_only_legacy,37597,18,7,3.5249,1.0,0.1101,1132.92,3,5.3039
map20_r48_s4,mid,919,Greedy,1500,,,,,,,18.31856540084388,1.7655,31.390295358649787,0.1378,180.4,103,103.0,0.073571,0.074584,474,0.256219,1400,1.0,0.825556,,,,,,,,,,,,,,,,,,,,,,,,,,,,,1.402985,564.0,0.041667,0.000458,,,,,48,,1392.3,299,402,layer5_order_arrival_manifest_v1,False,1007.2,265,,,,,,,,,,,,,,,,,,,,,,,,,,,,,,,,,,,,,,,,,93.3333,1381,0.270833,0.214847,physical_only_legacy,33682,18,7,3.6706,1.0,0.2148,1668.5,,5.0707
map20_r48_s4,mid,919,Hungarian,1500,,,,,,,19.296660117878194,1.8611,32.69941060903733,0.1216,136.65,108,108.0,0.076978,0.077978,509,0.268657,1403,1.0,0.809361,,,,,,,,,,,,,,,,,,,,,,,,,,,,,1.370647,551.0,0.0625,0.001431,,,,,48,,1377.4,294,402,layer5_order_arrival_manifest_v1,True,984.8,257,,,,,,,,,,,,,,,,,,,,,,,,,,,,,,,,,,,,,,,,,93.5333,1385,0.25,0.196639,physical_only_legacy,33982,18,7,3.5291,1.0,0.1966,1271.22,,5.0133
map20_r48_s4,mid,919,JSQ,1500,,,,,,,18.162348877374786,1.7653,31.734024179620036,0.1328,150.4,105,105.0,0.075,0.076032,579,0.261194,1400,1.0,0.799667,,,,,,,,,,,,,,,,,,,,,,,,,,,,,1.393035,560.0,0.041667,0.000514,,,,,48,,1392.6,297,402,layer5_order_arrival_manifest_v1,True,1043.2,263,,,,,,,,,,,,,,,,,,,,,,,,,,,,,,,,,,,,,,,,,93.3333,1381,0.291667,0.215,physical_only_legacy,31818,18,7,3.5461,1.0,0.215,1680.78,,5.0035
map20_r48_s4,mid,919,PhaseC,1500,canonical_bfs_service_cell_v1,602,25.0548,15083,1500,292.652,19.454802259887007,2.0222,33.17627118644068,0.1347,111.55,390,390.0,13.448276,26.0,1770,0.970149,29,0.104167,0.003861,602,,,,,,,,,,,,,combo,,,,,,,,,,,off,,0,0.0,0.029851,12.0,0.041667,0.001181,long_risk_6d_quantile_combo_v2,1497,15083,24.8682,48,all_idle,57.4,12,402,layer5_order_arrival_manifest_v1,True,0.0,0,,,,,,,,,,,,,,,,,,,,,,,,,,,,,,,0,0,15083,1.011574,0.285732,0.038699,0.253631,0.469053,0.565667,0.787202,1.9333,15,0.125,0.008694,physical_only_legacy,232,17,7,0.6673,1.0,0.0087,462.14,3,3.4881
map20_r48_s4,mid,919,ComboS1J1,1500,canonical_bfs_service_cell_v1,596,25.5369,15220,1500,303.1311,19.206521739130434,2.0786,32.84382151029748,0.1294,111.65,388,388.0,9.463415,13.37931,1748,0.965174,41,0.125,0.004028,596,0.0,113,0.1896,596,0.206521,0.005,3,0.585381,4.333771,50,-3.428679,0.119682,combo,0.0,0,0.0,0,0.0,0.0,0.0,0.0,0,596,conversion,0.0,0,0.0,0.034826,14.0,0.0625,0.001333,long_risk_6d_quantile_combo_v2,1497,15220,24.9318,48,all_idle,65.4,14,402,layer5_order_arrival_manifest_v1,True,0.0,0,0.008304435523296632,False,0.20063639753237258,4,596,False,True,398,25.149581127860888,False,True,0.10204832792507824,j_ascending,False,1497,1,0,0,25.57181028724115,WorldModelTaskAssigner.select_robots_unmodified,s1_within_context,True,phase_c_psi_dispatch_v1,0.1044704165278347,0.17722784109638642,0.3981295925183701,0,0,0.23580964780943905,1.0075376884422111,0,0,15220,0.969337,0.277949,0.041602,0.257078,0.43722,0.501397,0.702339,2.7333,29,0.125,0.009028,physical_only_legacy,240,15,7,0.6568,1.0,0.009,487.43,3,3.5062
map20_r48_s4,mid,920,Greedy,1500,,,,,,,36.87278234530506,3.1994,50.97273907399394,0.1218,188.8,543,543.0,1.3575,1.918728,2311,0.931389,400,0.3125,0.049375,,,,,,,,,,,,,,,,,,,,,,,,,,,,,0.073756,43.0,0.104167,0.009083,,,,,48,,124.1,40,583,layer5_order_arrival_manifest_v1,False,29.5,3,,,,,,,,,,,,,,,,,,,,,,,,,,,,,,,,,,,,,,,,,26.6667,283,0.229167,0.026014,physical_only_legacy,3773,20,7,1.4175,1.0,0.026,150.37,,4.4562
map20_r48_s4,mid,920,Hungarian,1500,,,,,,,27.06188118811881,2.5958,40.398514851485146,0.1213,199.2,199,199.0,0.144727,0.147081,808,0.341338,1375,1.0,0.701611,,,,,,,,,,,,,,,,,,,,,,,,,,,,,1.252144,730.0,0.083333,0.004097,,,,,48,,1079.9,384,583,layer5_order_arrival_manifest_v1,True,923.75,346,,,,,,,,,,,,,,,,,,,,,,,,,,,,,,,,,,,,,,,,,91.6667,1353,0.25,0.184375,physical_only_legacy,28724,22,7,3.233,1.0,0.1844,1568.02,,5.2201
map20_r48_s4,mid,920,JSQ,1500,,,,,,,34.48840262582057,3.1027,48.073960612691465,0.121,195.9,542,542.0,1.358396,1.667692,2285,0.929674,399,0.3125,0.048125,,,,,,,,,,,,,,,,,,,,,,,,,,,,,0.073756,43.0,0.104167,0.008667,,,,,48,,134.0,41,583,layer5_order_arrival_manifest_v1,True,6.85,2,,,,,,,,,,,,,,,,,,,,,,,,,,,,,,,,,,,,,,,,,26.6,325,0.229167,0.025875,physical_only_legacy,3511,20,7,1.3804,1.0,0.0259,140.12,,4.3884
map20_r48_s4,mid,920,PhaseC,1500,canonical_bfs_service_cell_v1,318,7.6855,2444,1500,53.0586,24.86860465116279,2.359,39.12441860465116,0.1306,312.5,196,196.0,0.158962,0.161317,860,0.336192,1233,0.979167,0.672431,318,,,,,,,,,,,,,combo,,,,,,,,,,,off,,0,0.0,1.265866,738.0,0.104167,0.002208,long_risk_6d_quantile_combo_v2,1497,2444,24.9579,48,all_idle,1103.8,387,583,layer5_order_arrival_manifest_v1,True,932.5,351,,,,,,,,,,,,,,,,,,,,,,,,,,,,,,,0,0,2444,1.091508,0.408808,0.045242,0.294396,0.854201,0.911127,0.976504,82.2,1215,0.1875,0.104222,physical_only_legacy,32290,16,7,3.1435,1.0,0.1042,1034.72,3,4.9861
map20_r48_s4,mid,920,ComboS1J1,1500,canonical_bfs_service_cell_v1,547,8.3583,4572,1500,133.9876,27.459302325581394,2.6128,41.549741602067186,0.1172,158.35,354,354.0,0.403189,0.419431,1548,0.607204,878,0.9375,0.382361,547,0.0,209,0.3821,547,0.380705,0.0201,11,0.712712,11.4041,50,-1.663247,0.256767,combo,0.0,0,0.0,0,0.0,0.0,0.0,0.0,0,547,conversion,0.0,0,0.0,0.723842,422.0,0.083333,0.003931,long_risk_6d_quantile_combo_v2,1497,4572,24.8129,48,all_idle,764.8,229,583,layer5_order_arrival_manifest_v1,True,515.4,193,0.5221433059002213,False,0.7349242139977877,3722,4814,False,True,914,24.724257674834465,False,True,-0.18380962852973143,j_ascending,False,1497,552,62,63,5.684034736138945,WorldModelTaskAssigner.select_robots_unmodified,s1_within_context,True,phase_c_psi_dispatch_v1,0.6285337599490046,0.5779300552669419,3.2157648630594524,0,0,0.31151820757160503,1.8971553610503282,0,0,4572,1.114414,0.513114,0.045242,0.519846,0.878542,0.93433,1.004611,58.5333,844,0.229167,0.092889,physical_only_legacy,16396,18,7,2.2571,1.0,0.0929,1056.95,3,4.6451
map20_r48_s4,mid,921,Greedy,1500,,,,,,,35.92367066895369,2.9779,50.3336192109777,0.1301,185.6,545,545.0,1.3625,1.661585,2332,0.939655,400,0.25,0.046764,,,,,,,,,,,,,,,,,,,,,,,,,,,,,0.067241,39.0,0.125,0.010958,,,,,48,,139.8,35,580,layer5_order_arrival_manifest_v1,False,126.4,4,,,,,,,,,,,,,,,,,,,,,,,,,,,,,,,,,,,,,,,,,26.6667,328,0.1875,0.029,physical_only_legacy,3851,20,7,1.4733,1.0,0.029,121.09,,4.3848
map20_r48_s4,mid,921,Hungarian,1500,,,,,,,36.55306298533218,3.1172,50.53623813632442,0.1266,159.5,551,551.0,1.777419,2.470852,2318,0.95,310,0.3125,0.040278,,,,,,,,,,,,,,,,,,,,,,,,,,,,,0.05,29.0,0.125,0.011056,,,,,48,,102.6,29,580,layer5_order_arrival_manifest_v1,True,0.0,0,,,,,,,,,,,,,,,,,,,,,,,,,,,,,,,,,,,,,,,,,20.6667,223,0.1875,0.025833,physical_only_legacy,3655,19,7,1.4324,1.0,0.0258,132.1,,4.4272
map20_r48_s4,mid,921,JSQ,1500,,,,,,,35.26950043821209,2.8903,49.56310254163015,0.1316,185.4,537,537.0,1.32266,1.598214,2282,0.925862,406,0.458333,0.051542,,,,,,,,,,,,,,,,,,,,,,,,,,,,,0.087931,51.0,0.104167,0.011097,,,,,48,,195.9,43,580,layer5_order_arrival_manifest_v1,True,189.75,8,,,,,,,,,,,,,,,,,,,,,,,,,,,,,,,,,,,,,,,,,27.0667,336,0.25,0.034028,physical_only_legacy,3764,20,7,1.472,1.0,0.034,162.26,,4.3468
map20_r48_s4,mid,921,PhaseC,1500,canonical_bfs_service_cell_v1,668,7.2066,4814,1500,101.2501,31.421162912519645,2.8263,45.74594028287061,0.1251,156.95,448,448.0,0.871595,0.933333,1909,0.772414,514,1.0,0.220194,668,,,,,,,,,,,,,combo,,,,,,,,,,,off,,0,0.0,0.4,232.0,0.104167,0.0055,long_risk_6d_quantile_combo_v2,1497,4814,24.8471,48,all_idle,423.6,132,580,layer5_order_arrival_manifest_v1,True,254.2,100,,,,,,,,,,,,,,,,,,,,,,,,,,,,,,,0,0,4814,1.057398,0.467192,-0.031527,0.468018,0.808792,0.896214,0.982437,34.2667,480,0.208333,0.05725,physical_only_legacy,8417,18,7,1.6758,1.0,0.0573,694.8,3,4.4334
map20_r48_s4,mid,921,ComboS1J1,1500,canonical_bfs_service_cell_v1,369,5.9431,2193,1500,115.0416,23.938735177865613,2.394,37.98122529644269,0.1503,191.2,220,220.0,0.180033,0.183181,1012,0.37931,1222,0.958333,0.648056,369,0.0,156,0.4228,369,0.441143,0.0,0,0.738542,12.112387,50,-0.98297,0.263037,combo,0.0,0,0.0,0,0.0,0.0,0.0,0.0,0,369,conversion,0.0,0,0.0,1.184483,687.0,0.083333,0.002764,long_risk_6d_quantile_combo_v2,1497,2193,24.8366,48,all_idle,1172.45,360,580,layer5_order_arrival_manifest_v1,True,984.7,327,0.7004171133906082,False,0.8522142929418836,11208,12731,False,True,1252,24.577127212432387,False,True,-0.30540638852587143,j_ascending,False,1497,1005,90,94,2.126920507682031,WorldModelTaskAssigner.select_robots_unmodified,s1_within_context,True,phase_c_psi_dispatch_v1,0.7763157031662791,0.6032560547011567,8.504342017368069,0,0,0.33856257457965283,2.3314696485623,0,0,2193,1.089081,0.413744,-0.002587,0.260077,0.899388,0.948301,1.015069,81.4667,1201,0.208333,0.135542,physical_only_legacy,28630,19,7,3.0213,1.0,0.1355,1261.85,3,4.9934
map20_r48_s4,mid,922,Greedy,1500,,,,,,,31.347902097902097,2.934,45.1993006993007,0.1228,190.1,247,247.0,0.23149,0.249747,1144,0.538126,1067,1.0,0.555694,,,,,,,,,,,,,,,,,,,,,,,,,,,,,0.849673,390.0,0.083333,0.005278,,,,,48,,940.45,212,459,layer5_order_arrival_manifest_v1,False,708.6,178,,,,,,,,,,,,,,,,,,,,,,,,,,,,,,,,,,,,,,,,,71.1333,989,0.208333,0.124319,physical_only_legacy,25552,19,7,2.9651,1.0,0.1243,1003.84,,5.1967
map20_r48_s4,mid,922,Hungarian,1500,,,,,,,29.696428571428573,2.8269,43.21953781512605,0.1379,143.4,200,200.0,0.170068,0.17301,952,0.43573,1176,1.0,0.651736,,,,,,,,,,,,,,,,,,,,,,,,,,,,,1.067538,490.0,0.0625,0.002833,,,,,48,,1089.3,259,459,layer5_order_arrival_manifest_v1,True,862.0,231,,,,,,,,,,,,,,,,,,,,,,,,,,,,,,,,,,,,,,,,,78.4,1156,0.145833,0.085264,physical_only_legacy,33195,18,7,3.1739,1.0,0.0853,746.5,,5.2235
map20_r48_s4,mid,922,JSQ,1500,,,,,,,32.05555555555556,3.0947,46.18402777777778,0.1286,212.0,382,382.0,0.461353,0.497396,1728,0.832244,828,0.916667,0.286139,,,,,,,,,,,,,,,,,,,,,,,,,,,,,0.259259,119.0,0.104167,0.006278,,,,,48,,589.6,77,459,layer5_order_arrival_manifest_v1,True,223.2,42,,,,,,,,,,,,,,,,,,,,,,,,,,,,,,,,,,,,,,,,,55.2,768,0.208333,0.070889,physical_only_legacy,13525,20,7,2.1137,1.0,0.0709,581.89,,4.8036
map20_r48_s4,mid,922,PhaseC,1500,canonical_bfs_service_cell_v1,685,15.5723,10667,1500,210.6567,29.669474727452922,2.9765,43.51585728444004,0.1395,153.0,443,443.0,2.171569,3.691667,2018,0.965142,204,0.229167,0.022833,685,,,,,,,,,,,,,combo,,,,,,,,,,,off,,0,0.0,0.037037,17.0,0.125,0.008181,long_risk_6d_quantile_combo_v2,1497,10667,24.8329,48,all_idle,69.0,16,459,layer5_order_arrival_manifest_v1,True,40.0,1,,,,,,,,,,,,,,,,,,,,,,,,,,,,,,,0,0,10667,1.010495,0.337825,0.008844,0.301697,0.575609,0.703829,0.917346,13.6,120,0.1875,0.020056,physical_only_legacy,1901,20,7,1.1731,1.0,0.0201,414.73,3,4.2344
map20_r48_s4,mid,922,ComboS1J1,1500,canonical_bfs_service_cell_v1,687,15.0247,10322,1500,213.324,29.961633054599115,3.0113,43.927201180521394,0.1422,180.75,446,446.0,1.554007,2.0,2033,0.971678,287,0.25,0.032347,687,0.0,113,0.1645,687,0.17824,0.0029,2,0.642505,7.803178,50,-2.473662,0.227308,combo,0.0,0,0.0,0,0.0,0.0,0.0,0.0,0,687,conversion,0.0,0,0.0,0.028322,13.0,0.083333,0.005833,long_risk_6d_quantile_combo_v2,1497,10322,24.8376,48,all_idle,55.2,13,459,layer5_order_arrival_manifest_v1,True,0.0,0,0.030703471694390316,False,0.2458799015799037,51,750,False,True,483,24.984036657118526,False,True,0.08435944304447024,j_ascending,False,1497,21,4,4,14.901135604542418,WorldModelTaskAssigner.select_robots_unmodified,s1_within_context,True,phase_c_psi_dispatch_v1,0.13829168663714722,0.21911245766530435,0.501002004008016,0,0,0.2261898016979297,1.0476190476190477,0,0,10322,1.042848,0.346732,0.026922,0.300055,0.650387,0.752058,0.901155,19.1333,223,0.166667,0.019167,physical_only_legacy,2563,19,7,1.1818,1.0,0.0192,405.05,3,4.2579
map20_r48_s4,mid,923,Greedy,1500,,,,,,,30.362478777589136,2.8593,44.84719864176571,0.1246,164.0,263,263.0,0.250476,0.256585,1178,0.549061,1050,1.0,0.568097,,,,,,,,,,,,,,,,,,,,,,,,,,,,,0.839248,402.0,0.104167,0.003208,,,,,48,,995.25,216,479,layer5_order_arrival_manifest_v1,False,723.0,186,,,,,,,,,,,,,,,,,,,,,,,,,,,,,,,,,,,,,,,,,70.0,1025,0.270833,0.167389,physical_only_legacy,21470,20,7,2.8136,1.0,0.1674,1190.28,,5.1284
map20_r48_s4,mid,923,Hungarian,1500,,,,,,,28.593984962406015,2.9567,42.3937969924812,0.1324,160.1,459,459.0,1.495114,1.936709,2128,0.958246,307,0.25,0.031625,,,,,,,,,,,,,,,,,,,,,,,,,,,,,0.041754,20.0,0.104167,0.005431,,,,,48,,93.2,20,479,layer5_order_arrival_manifest_v1,True,0.0,0,,,,,,,,,,,,,,,,,,,,,,,,,,,,,,,,,,,,,,,,,20.4667,237,0.166667,0.020153,physical_only_legacy,2502,21,7,1.1436,1.0,0.0202,95.13,,4.2027
map20_r48_s4,mid,923,JSQ,1500,,,,,,,28.928233438485805,2.8488,43.59148264984227,0.1243,249.8,284,284.0,0.253571,0.267168,1268,0.592902,1120,0.958333,0.547708,,,,,,,,,,,,,,,,,,,,,,,,,,,,,0.743215,356.0,0.083333,0.005111,,,,,48,,1010.4,195,479,layer5_order_arrival_manifest_v1,True,832.0,161,,,,,,,,,,,,,,,,,,,,,,,,,,,,,,,,,,,,,,,,,74.6667,1063,0.229167,0.135014,physical_only_legacy,23637,19,7,2.8414,1.0,0.135,1018.71,,5.1045
map20_r48_s4,mid,923,PhaseC,1500,canonical_bfs_service_cell_v1,474,5.9684,2829,1500,62.5767,30.075301204819276,2.9514,44.32003012048193,0.1256,228.25,306,306.0,0.312883,0.320084,1328,0.638831,978,0.979167,0.502306,474,,,,,,,,,,,,,combo,,,,,,,,,,,off,,0,0.0,0.643006,308.0,0.083333,0.003764,long_risk_6d_quantile_combo_v2,1497,2829,25.1159,48,all_idle,1003.2,173,479,layer5_order_arrival_manifest_v1,True,988.3,135,,,,,,,,,,,,,,,,,,,,,,,,,,,,,,,0,0,2829,1.072881,0.459083,0.072419,0.425674,0.880046,0.926526,0.98539,65.2,956,0.166667,0.085236,physical_only_legacy,24355,18,7,2.6729,1.0,0.0852,707.76,3,5.0229
map20_r48_s4,mid,923,ComboS1J1,1500,canonical_bfs_service_cell_v1,724,14.4599,10469,1500,218.4282,28.950780880265025,3.0188,42.66966398485565,0.1305,172.05,460,460.0,2.446809,4.380952,2113,0.960334,188,0.25,0.024153,724,0.0,159,0.2196,724,0.229347,0.0097,7,0.628804,7.348145,50,-2.383307,0.134839,combo,0.0,0,0.0,0,0.0,0.0,0.0,0.0,0,724,conversion,0.0,0,0.0,0.039666,19.0,0.083333,0.005361,long_risk_6d_quantile_combo_v2,1497,10469,25.0081,48,all_idle,84.8,19,479,layer5_order_arrival_manifest_v1,True,0.0,0,0.036449597859775744,False,0.2517112883741297,52,794,False,True,498,25.172758265865973,False,True,0.07591599997643368,j_ascending,False,1497,20,8,8,14.086172344689379,WorldModelTaskAssigner.select_robots_unmodified,s1_within_context,True,phase_c_psi_dispatch_v1,0.14408044311695292,0.21320428284968929,0.5303941215764864,0,0,0.2267886033370828,1.0883534136546185,0,0,10469,1.031387,0.34345,0.052826,0.291373,0.651522,0.783668,0.936858,12.5333,105,0.1875,0.018153,physical_only_legacy,2121,20,7,1.1196,1.0,0.0182,413.61,3,4.2179
map20_r48_s4,mid,924,Greedy,1500,,,,,,,36.134766649187206,3.251,50.52438384897745,0.1174,194.0,431,431.0,0.606188,0.654021,1907,0.828846,711,1.0,0.239056,,,,,,,,,,,,,,,,,,,,,,,,,,,,,0.284615,148.0,0.125,0.011236,,,,,48,,430.4,89,520,layer5_order_arrival_manifest_v1,False,256.4,59,,,,,,,,,,,,,,,,,,,,,,,,,,,,,,,,,,,,,,,,,47.4,659,0.291667,0.089972,physical_only_legacy,7970,20,7,1.7532,1.0,0.09,656.94,,4.7095
map20_r48_s4,mid,924,Hungarian,1500,,,,,,,25.961466165413533,2.6626,40.375,0.1161,129.6,195,195.0,0.158537,0.159705,1064,0.375,1230,0.979167,0.629819,,,,,,,,,,,,,,,,,,,,,,,,,,,,,1.205769,627.0,0.083333,0.002292,,,,,48,,989.6,325,520,layer5_order_arrival_manifest_v1,True,903.8,302,,,,,,,,,,,,,,,,,,,,,,,,,,,,,,,,,,,,,,,,,82.0,1221,0.229167,0.148111,physical_only_legacy,26559,18,7,3.0259,1.0,0.1481,1255.72,,5.1085
map20_r48_s4,mid,924,JSQ,1500,,,,,,,30.94893951296151,3.0175,44.881382560879814,0.1467,229.0,281,281.0,0.260185,0.269157,1273,0.540385,1080,0.958333,0.525792,,,,,,,,,,,,,,,,,,,,,,,,,,,,,0.857692,446.0,0.083333,0.004333,,,,,48,,914.2,239,520,layer5_order_arrival_manifest_v1,True,784.7,207,,,,,,,,,,,,,,,,,,,,,,,,,,,,,,,,,,,,,,,,,72.0,1044,0.229167,0.10275,physical_only_legacy,24898,21,7,2.8311,1.0,0.1028,778.6,,5.1738
map20_r48_s4,mid,924,PhaseC,1500,canonical_bfs_service_cell_v1,223,7.1166,1587,1500,35.0337,22.7595818815331,2.318,37.106271777003485,0.1197,580.8,117,117.0,0.086795,0.086989,574,0.225,1348,1.0,0.807042,223,,,,,,,,,,,,,combo,,,,,,,,,,,off,,0,0.0,1.494231,777.0,0.083333,0.001153,long_risk_6d_quantile_combo_v2,1497,1587,24.8833,48,all_idle,1335.2,403,520,layer5_order_arrival_manifest_v1,True,1120.9,374,,,,,,,,,,,,,,,,,,,,,,,,,,,,,,,0,0,1587,1.014101,0.281981,0.036314,0.159455,0.785098,0.855137,0.923504,89.8667,1345,0.145833,0.095319,physical_only_legacy,40996,14,7,3.6168,1.0,0.0953,892.48,3,5.1824
map20_r48_s4,mid,924,ComboS1J1,1500,canonical_bfs_service_cell_v1,463,7.1555,3313,1500,118.4192,29.584234930448222,2.9503,43.573415765069555,0.1094,182.9,292,292.0,0.300721,0.319825,1294,0.561538,971,1.0,0.498847,463,0.0,164,0.3542,463,0.361979,0.0022,1,0.709021,10.983785,50,-1.451448,0.201231,combo,0.0,0,0.0,0,0.0,0.0,0.0,0.0,0,463,conversion,0.0,0,0.0,0.809615,421.0,0.0625,0.004458,long_risk_6d_quantile_combo_v2,1497,3313,24.8902,48,all_idle,897.95,228,520,layer5_order_arrival_manifest_v1,True,728.8,193,0.5712380240922698,False,0.7571544345915199,4245,5596,False,True,1068,24.447167439609487,False,True,-0.17866100037227872,j_ascending,False,1497,685,54,58,3.070808283233133,WorldModelTaskAssigner.select_robots_unmodified,s1_within_context,True,phase_c_psi_dispatch_v1,0.6641962293418892,0.5596270095180851,3.73814295257181,0,0,0.41144344842113323,1.8352059925093633,0,0,3313,1.005429,0.460742,0.021109,0.46604,0.843294,0.904189,0.966661,64.7333,913,0.229167,0.131292,physical_only_legacy,21080,20,7,2.7144,1.0,0.1313,750.5,3,5.073
map20_r48_s4,mid,925,Greedy,1500,,,,,,,34.880497925311204,3.1837,48.483402489626556,0.127,168.1,560,560.0,3.010753,5.0,2410,0.930233,186,0.1875,0.024347,,,,,,,,,,,,,,,,,,,,,,,,,,,,,0.076412,46.0,0.104167,0.006542,,,,,48,,138.25,42,602,layer5_order_arrival_manifest_v1,False,168.9,4,,,,,,,,,,,,,,,,,,,,,,,,,,,,,,,,,,,,,,,,,12.4,112,0.166667,0.017194,physical_only_legacy,2614,18,7,1.2845,1.0,0.0172,85.08,,4.3783
map20_r48_s4,mid,925,Hungarian,1500,,,,,,,34.56859504132231,3.1152,48.308264462809916,0.1276,158.45,532,532.0,2.333333,3.432258,2420,0.883721,228,0.208333,0.029583,,,,,,,,,,,,,,,,,,,,,,,,,,,,,0.192691,116.0,0.0625,0.006458,,,,,48,,189.25,70,602,layer5_order_arrival_manifest_v1,True,138.75,46,,,,,,,,,,,,,,,,,,,,,,,,,,,,,,,,,,,,,,,,,15.2,155,0.125,0.016889,physical_only_legacy,3070,18,7,1.3312,1.0,0.0169,86.89,,4.3676
map20_r48_s4,mid,925,JSQ,1500,,,,,,,24.838805970149252,2.4622,38.38358208955224,0.1203,156.6,152,152.0,0.115589,0.115854,670,0.252492,1315,1.0,0.766069,,,,,,,,,,,,,,,,,,,,,,,,,,,,,1.433555,863.0,0.083333,0.001319,,,,,48,,1218.2,450,602,layer5_order_arrival_manifest_v1,True,1027.4,413,,,,,,,,,,,,,,,,,,,,,,,,,,,,,,,,,,,,,,,,,87.6667,1312,0.1875,0.076653,physical_only_legacy,39898,15,7,3.4853,1.0,0.0767,668.96,,5.1707
map20_r48_s4,mid,925,PhaseC,1500,canonical_bfs_service_cell_v1,653,7.4839,4887,1500,102.5202,30.23068669527897,3.0157,44.09603004291846,0.1394,161.6,435,435.0,0.638767,0.727425,1864,0.722591,681,0.979167,0.276125,653,,,,,,,,,,,,,combo,,,,,,,,,,,off,,0,0.0,0.493355,297.0,0.083333,0.005319,long_risk_6d_quantile_combo_v2,1497,4887,24.9038,48,all_idle,574.1,167,602,layer5_order_arrival_manifest_v1,True,401.1,130,,,,,,,,,,,,,,,,,,,,,,,,,,,,,,,0,0,4887,1.016888,0.477553,0.002298,0.475451,0.813046,0.889741,0.970854,45.4,598,0.145833,0.041944,physical_only_legacy,14251,16,7,1.9623,1.0,0.0419,549.45,3,4.6704
map20_r48_s4,mid,925,ComboS1J1,1500,canonical_bfs_service_cell_v1,821,7.4884,6148,1500,143.4768,33.362947368421054,3.0206,47.00631578947368,0.1348,178.0,557,557.0,2.055351,2.785,2375,0.925249,271,0.229167,0.035139,821,0.0,224,0.2728,821,0.281708,0.011,9,0.674746,9.981277,50,-1.698247,0.206165,combo,0.0,0,0.0,0,0.0,0.0,0.0,0.0,0,821,conversion,0.0,0,0.0,0.093023,56.0,0.083333,0.007056,long_risk_6d_quantile_combo_v2,1497,6148,24.9943,48,all_idle,146.8,45,602,layer5_order_arrival_manifest_v1,True,119.0,11,0.06401380313432725,False,0.2838395078901444,205,1106,False,True,678,25.267122719975347,False,True,0.05071500230362476,j_ascending,False,1497,76,25,25,6.195056780227121,WorldModelTaskAssigner.select_robots_unmodified,s1_within_context,True,phase_c_psi_dispatch_v1,0.17392665551223532,0.23954388622369677,0.738810955243821,0,0,0.20973942940802082,1.2005899705014749,0,0,6148,1.018961,0.506189,0.002298,0.498312,0.818088,0.869629,0.941853,18.0667,200,0.145833,0.025319,physical_only_legacy,2981,20,7,1.3617,1.0,0.0253,331.39,3,4.3513
map20_r48_s4,mid,926,Greedy,1500,,,,,,,26.195965417867434,2.5968,40.09942363112392,0.1054,177.85,144,144.0,0.111975,0.112412,694,0.330275,1286,1.0,0.754292,,,,,,,,,,,,,,,,,,,,,,,,,,,,,1.266055,552.0,0.0625,0.001514,,,,,48,,1288.9,292,436,layer5_order_arrival_manifest_v1,False,1024.2,260,,,,,,,,,,,,,,,,,,,,,,,,,,,,,,,,,,,,,,,,,85.7333,1281,0.270833,0.191486,physical_only_legacy,31598,20,7,3.529,1.0,0.1915,1688.87,,5.3598
map20_r48_s4,mid,926,Hungarian,1500,,,,,,,28.29171038824764,3.1355,41.98740818467996,0.1327,156.7,424,424.0,1.811966,2.26738,1906,0.972477,234,0.3125,0.030167,,,,,,,,,,,,,,,,,,,,,,,,,,,,,0.027523,12.0,0.0625,0.004319,,,,,48,,51.6,12,436,layer5_order_arrival_manifest_v1,True,0.0,0,,,,,,,,,,,,,,,,,,,,,,,,,,,,,,,,,,,,,,,,,15.6,187,0.166667,0.016486,physical_only_legacy,2191,20,7,1.0977,1.0,0.0165,77.1,,4.2658
map20_r48_s4,mid,926,JSQ,1500,,,,,,,26.484895833333333,2.9247,40.16614583333333,0.1365,184.0,425,425.0,1.923077,2.297297,1920,0.974771,221,0.333333,0.026875,,,,,,,,,,,,,,,,,,,,,,,,,,,,,0.025229,11.0,0.083333,0.003597,,,,,48,,42.0,11,436,layer5_order_arrival_manifest_v1,True,0.0,0,,,,,,,,,,,,,,,,,,,,,,,,,,,,,,,,,,,,,,,,,14.7333,185,0.145833,0.015528,physical_only_legacy,1819,20,7,1.0467,1.0,0.0155,94.51,,4.1377
map20_r48_s4,mid,926,PhaseC,1500,canonical_bfs_service_cell_v1,222,7.9775,1771,1500,38.6332,25.595446584938703,2.4881,39.2276707530648,0.1555,162.2,137,137.0,0.10482,0.106615,571,0.31422,1307,1.0,0.786889,222,,,,,,,,,,,,,combo,,,,,,,,,,,off,,0,0.0,1.28211,559.0,0.083333,0.001236,long_risk_6d_quantile_combo_v2,1497,1771,24.9088,48,all_idle,1296.8,299,436,layer5_order_arrival_manifest_v1,True,1032.4,260,,,,,,,,,,,,,,,,,,,,,,,,,,,,,,,0,0,1771,1.008936,0.334146,-0.025726,0.142868,0.856724,0.909303,0.962217,87.1333,1285,0.208333,0.111431,physical_only_legacy,39356,19,7,3.6373,1.0,0.1114,872.74,3,5.3296
map20_r48_s4,mid,926,ComboS1J1,1500,canonical_bfs_service_cell_v1,264,7.0114,1851,1500,96.2378,22.517934002869442,2.2841,36.26111908177905,0.1005,171.05,154,154.0,0.116667,0.117289,697,0.353211,1320,0.979167,0.763139,264,0.0,130,0.4924,264,0.469773,0.0076,2,0.767389,13.099773,50,-1.099832,0.352452,combo,0.0,0,0.0,0,0.0,0.0,0.0,0.0,0,264,conversion,0.0,0,0.0,1.206422,526.0,0.083333,0.003306,long_risk_6d_quantile_combo_v2,1497,1851,24.9183,48,all_idle,1295.8,282,436,layer5_order_arrival_manifest_v1,True,987.4,244,0.7397910786205181,False,0.8194107292021346,10240,11655,False,True,1255,24.48636734064119,False,True,-0.16473789730335642,j_ascending,False,1497,1074,49,54,1.1730126920507682,WorldModelTaskAssigner.select_robots_unmodified,s1_within_context,True,phase_c_psi_dispatch_v1,0.7796009039113521,0.7510460182962079,7.785571142284569,0,0,0.47867999491979,2.208764940239044,0,0,1851,1.037708,0.337884,-0.008387,0.148388,0.865386,0.930841,0.986549,88.0,1313,0.270833,0.213389,physical_only_legacy,30335,21,7,3.6085,1.0,0.2134,1317.11,3,5.2602
map20_r48_s4,mid,927,Greedy,1500,,,,,,,37.36744386873921,3.1854,51.77849740932643,0.1289,197.0,547,547.0,1.18913,1.466488,2316,0.936644,460,0.333333,0.058,,,,,,,,,,,,,,,,,,,,,,,,,,,,,0.070205,41.0,0.083333,0.010681,,,,,48,,144.0,37,584,layer5_order_arrival_manifest_v1,False,88.6,4,,,,,,,,,,,,,,,,,,,,,,,,,,,,,,,,,,,,,,,,,30.6667,373,0.229167,0.036361,physical_only_legacy,4483,21,7,1.5491,1.0,0.0364,177.85,,4.5325
map20_r48_s4,mid,927,Hungarian,1500,,,,,,,26.968684759916492,2.6968,40.38830897703549,0.1182,484.0,171,171.0,0.129841,0.131944,958,0.292808,1317,1.0,0.683625,,,,,,,,,,,,,,,,,,,,,,,,,,,,,1.371575,801.0,0.083333,0.002806,,,,,48,,1170.6,413,584,layer5_order_arrival_manifest_v1,True,1002.6,388,,,,,,,,,,,,,,,,,,,,,,,,,,,,,,,,,,,,,,,,,87.8,1296,0.25,0.155556,physical_only_legacy,30022,20,7,3.2708,1.0,0.1556,1367.02,,5.2576
map20_r48_s4,mid,927,JSQ,1500,,,,,,,30.6503355704698,2.968,45.160402684563756,0.1374,153.95,328,328.0,0.361632,0.377011,1490,0.561644,907,0.958333,0.434069,,,,,,,,,,,,,,,,,,,,,,,,,,,,,0.813356,475.0,0.083333,0.003889,,,,,48,,850.75,256,584,layer5_order_arrival_manifest_v1,True,632.5,219,,,,,,,,,,,,,,,,,,,,,,,,,,,,,,,,,,,,,,,,,60.4667,870,0.291667,0.130139,physical_only_legacy,17415,20,7,2.5071,1.0,0.1301,1024.31,,5.005
map20_r48_s4,mid,927,PhaseC,1500,canonical_bfs_service_cell_v1,797,5.8143,4634,1500,100.499,37.635615251299825,3.2285,51.80892547660312,0.1278,247.0,546,546.0,0.946274,1.116564,2308,0.934932,577,0.291667,0.069944,797,,,,,,,,,,,,,combo,,,,,,,,,,,off,,0,0.0,0.070205,41.0,0.104167,0.012653,long_risk_6d_quantile_combo_v2,1497,4634,24.8358,48,all_idle,233.15,38,584,layer5_order_arrival_manifest_v1,True,207.6,3,,,,,,,,,,,,,,,,,,,,,,,,,,,,,,,0,0,4634,1.110185,0.490583,-0.017583,0.52218,0.844595,0.895525,0.979663,38.4667,489,0.229167,0.035847,physical_only_legacy,5247,21,7,1.5939,1.0,0.0358,324.28,3,4.5748
map20_r48_s4,mid,927,ComboS1J1,1500,canonical_bfs_service_cell_v1,521,5.4722,2851,1500,115.2,30.450780719619825,2.9428,45.15885947046843,0.1387,194.5,326,326.0,0.349036,0.357456,1473,0.558219,934,0.9375,0.450875,521,0.0,163,0.3129,521,0.316632,0.0058,3,0.686547,10.967365,50,-1.067492,0.225976,combo,0.0,0,0.0,0,0.0,0.0,0.0,0.0,0,521,conversion,0.0,0,0.0,0.827055,483.0,0.083333,0.003556,long_risk_6d_quantile_combo_v2,1497,2851,24.8823,48,all_idle,848.15,258,584,layer5_order_arrival_manifest_v1,True,683.2,225,0.6330738225286937,False,0.8040080724452555,6420,7882,False,True,1126,24.49064307761764,False,True,-0.1927559352482595,j_ascending,False,1497,692,71,75,2.1603206412825653,WorldModelTaskAssigner.select_robots_unmodified,s1_within_context,True,phase_c_psi_dispatch_v1,0.7185409474869893,0.6650485344858785,5.2651970607882435,0,0,0.38652148999158453,1.9262877442273534,0,0,2851,1.08043,0.422873,-0.017583,0.447596,0.838108,0.908753,0.984048,62.2667,912,0.291667,0.142569,physical_only_legacy,16857,21,7,2.3973,1.0,0.1426,1226.26,3,4.9513
map20_r48_s4,mid,928,Greedy,1500,,,,,,,27.611659192825112,2.5338,41.24125560538116,0.108,153.2,245,245.0,0.244267,0.252577,1115,0.525751,1003,1.0,0.568917,,,,,,,,,,,,,,,,,,,,,,,,,,,,,0.875536,408.0,0.083333,0.002875,,,,,48,,996.0,221,466,layer5_order_arrival_manifest_v1,False,730.8,187,,,,,,,,,,,,,,,,,,,,,,,,,,,,,,,,,,,,,,,,,66.8667,970,0.291667,0.161431,physical_only_legacy,22984,20,7,2.8657,1.0,0.1614,1006.5,,4.9692
map20_r48_s4,mid,928,Hungarian,1500,,,,,,,27.660545905707195,2.7467,41.474441687344914,0.1313,140.55,450,450.0,2.616279,4.090909,2015,0.965665,172,0.208333,0.018389,,,,,,,,,,,,,,,,,,,,,,,,,,,,,0.034335,16.0,0.0625,0.004542,,,,,48,,71.0,16,466,layer5_order_arrival_manifest_v1,True,0.0,0,,,,,,,,,,,,,,,,,,,,,,,,,,,,,,,,,,,,,,,,,11.4667,110,0.145833,0.012444,physical_only_legacy,1699,17,7,1.0314,1.0,0.0124,51.44,,4.0328
map20_r48_s4,mid,928,JSQ,1500,,,,,,,27.60877626699629,2.5952,41.19839307787392,0.1285,155.3,378,378.0,0.473684,0.519231,1618,0.811159,798,0.895833,0.306083,,,,,,,,,,,,,,,,,,,,,,,,,,,,,0.298283,139.0,0.083333,0.004042,,,,,48,,723.4,88,466,layer5_order_arrival_manifest_v1,True,340.0,51,,,,,,,,,,,,,,,,,,,,,,,,,,,,,,,,,,,,,,,,,53.2,728,0.166667,0.054486,physical_only_legacy,14556,19,7,2.0119,1.0,0.0545,452.11,,4.4865
map20_r48_s4,mid,928,PhaseC,1500,canonical_bfs_service_cell_v1,673,17.1857,11566,1500,229.0507,26.254288597376387,2.5679,40.19273461150353,0.1434,154.45,452,452.0,2.897436,3.798319,1982,0.969957,156,0.270833,0.017514,673,,,,,,,,,,,,,combo,,,,,,,,,,,off,,0,0.0,0.030043,14.0,0.104167,0.004264,long_risk_6d_quantile_combo_v2,1497,11566,24.9947,48,all_idle,54.8,14,466,layer5_order_arrival_manifest_v1,True,0.0,0,,,,,,,,,,,,,,,,,,,,,,,,,,,,,,,0,0,11566,1.068757,0.374191,-0.036605,0.330479,0.691854,0.803672,0.94134,10.4,119,0.208333,0.015694,physical_only_legacy,1308,19,7,0.9625,1.0,0.0157,401.44,3,3.9242
map20_r48_s4,mid,928,ComboS1J1,1500,canonical_bfs_service_cell_v1,414,8.3937,3475,1500,113.3598,26.992160278745644,2.5252,40.87717770034843,0.13,146.3,270,270.0,0.27027,0.282132,1148,0.579399,999,1.0,0.540111,414,0.0,171,0.413,414,0.426741,0.0242,10,0.697855,10.455727,50,-1.663665,0.346947,combo,0.0,0,0.0,0,0.0,0.0,0.0,0.0,0,414,conversion,0.0,0,0.0,0.759657,354.0,0.104167,0.001833,long_risk_6d_quantile_combo_v2,1497,3475,24.924,48,all_idle,977.75,196,466,layer5_order_arrival_manifest_v1,True,636.6,158,0.6682891845821615,False,0.7265075145911797,4114,5565,False,True,1002,24.66148882732539,False,True,-0.10766692116506973,j_ascending,False,1497,643,22,23,4.150300601202405,WorldModelTaskAssigner.select_robots_unmodified,s1_within_context,True,phase_c_psi_dispatch_v1,0.6973983495866769,0.7245456695051233,3.717434869739479,0,0,0.45491718733808745,1.5638722554890219,0,0,3475,1.129189,0.434242,-0.014087,0.437169,0.884743,0.954243,1.019926,66.6,957,0.25,0.131431,physical_only_legacy,23181,19,7,2.7661,1.0,0.1314,1298.0,3,4.9071
map20_r48_s4,mid,929,Greedy,1500,,,,,,,33.89844097995546,3.0541,48.20890868596882,0.1253,165.0,503,503.0,1.337766,1.699324,2245,0.919561,376,0.75,0.106431,,,,,,,,,,,,,,,,,,,,,,,,,,,,,0.09872,54.0,0.0625,0.005125,,,,,48,,362.2,44,547,layer5_order_arrival_manifest_v1,False,298.6,10,,,,,,,,,,,,,,,,,,,,,,,,,,,,,,,,,,,,,,,,,25.0667,296,0.270833,0.0515,physical_only_legacy,3972,18,7,1.4723,1.0,0.0515,452.93,,4.44
map20_r48_s4,mid,929,Hungarian,1500,,,,,,,29.482634730538923,2.8454,42.616766467065865,0.1386,181.05,140,140.0,0.112721,0.116473,835,0.255941,1242,1.0,0.708972,,,,,,,,,,,,,,,,,,,,,,,,,,,,,1.451554,794.0,0.0625,0.00275,,,,,48,,1102.8,407,547,layer5_order_arrival_manifest_v1,True,1052.1,387,,,,,,,,,,,,,,,,,,,,,,,,,,,,,,,,,,,,,,,,,82.8,1202,0.291667,0.197444,physical_only_legacy,28798,20,7,3.3857,1.0,0.1974,1294.84,,5.4517
map20_r48_s4,mid,929,JSQ,1500,,,,,,,32.08651633686148,2.9475,45.93833410032214,0.127,157.1,499,499.0,1.010121,1.160465,2173,0.912249,494,0.729167,0.128736,,,,,,,,,,,,,,,,,,,,,,,,,,,,,0.106033,58.0,0.083333,0.006875,,,,,48,,354.6,48,547,layer5_order_arrival_manifest_v1,True,221.2,10,,,,,,,,,,,,,,,,,,,,,,,,,,,,,,,,,,,,,,,,,32.9333,430,0.145833,0.02575,physical_only_legacy,6999,19,7,1.5229,1.0,0.0258,189.69,,4.388
map20_r48_s4,mid,929,PhaseC,1500,canonical_bfs_service_cell_v1,581,6.4458,3745,1500,81.1923,30.65998785670917,2.9072,45.152398299939286,0.1244,213.25,376,376.0,0.447087,0.456311,1647,0.687386,841,0.958333,0.367833,581,,,,,,,,,,,,,combo,,,,,,,,,,,off,,0,0.0,0.568556,311.0,0.083333,0.004264,long_risk_6d_quantile_combo_v2,1497,3745,24.9422,48,all_idle,757.5,171,547,layer5_order_arrival_manifest_v1,True,572.05,140,,,,,,,,,,,,,,,,,,,,,,,,,,,,,,,0,0,3745,1.030372,0.422329,0.020593,0.449827,0.774849,0.843966,0.926536,56.0667,824,0.229167,0.100597,physical_only_legacy,15115,18,7,2.2227,1.0,0.1006,964.84,3,4.79
map20_r48_s4,mid,929,ComboS1J1,1500,canonical_bfs_service_cell_v1,709,6.9803,4949,1500,130.0556,30.44226044226044,2.8577,44.82948402948403,0.1265,153.0,461,461.0,0.813051,0.866541,2035,0.842779,567,0.854167,0.204264,709,0.0,238,0.3357,709,0.339402,0.0197,14,0.685713,11.106464,50,-1.456615,0.279951,combo,0.0,0,0.0,0,0.0,0.0,0.0,0.0,0,709,conversion,0.0,0,0.0,0.254113,139.0,0.104167,0.005194,long_risk_6d_quantile_combo_v2,1497,4949,24.9802,48,all_idle,521.0,86,547,layer5_order_arrival_manifest_v1,True,413.2,53,0.24499180198911666,False,0.48006478117486695,1347,2423,False,True,857,25.143094977000978,False,True,0.01922069942090725,j_ascending,False,1497,307,59,67,4.820307281229125,WorldModelTaskAssigner.select_robots_unmodified,s1_within_context,True,phase_c_psi_dispatch_v1,0.36252829158199595,0.4610019616199964,1.6185704742818972,0,0,0.3024960203858087,1.558926487747958,0,0,4949,1.070273,0.455261,0.01782,0.459014,0.783264,0.889105,0.966637,37.8,532,0.229167,0.064472,physical_only_legacy,8206,20,7,1.6866,1.0,0.0645,777.71,3,4.4632
map20_r48_s4,mid,930,Greedy,1500,,,,,,,27.862694300518136,2.6308,41.682642487046635,0.1235,166.2,169,169.0,0.135852,0.137287,772,0.397647,1244,1.0,0.704625,,,,,,,,,,,,,,,,,,,,,,,,,,,,,1.134118,482.0,0.041667,0.001514,,,,,48,,1178.5,256,425,layer5_order_arrival_manifest_v1,False,866.0,226,,,,,,,,,,,,,,,,,,,,,,,,,,,,,,,,,,,,,,,,,82.9333,1231,0.166667,0.089486,physical_only_legacy,35902,17,7,3.3262,1.0,0.0895,769.79,,5.1915
map20_r48_s4,mid,930,Hungarian,1500,,,,,,,35.57726819541376,3.2497,49.83549351944168,0.1105,197.4,197,197.0,0.163215,0.170268,1003,0.463529,1207,1.0,0.598625,,,,,,,,,,,,,,,,,,,,,,,,,,,,,1.018824,433.0,0.083333,0.003153,,,,,48,,934.4,228,425,layer5_order_arrival_manifest_v1,True,783.2,205,,,,,,,,,,,,,,,,,,,,,,,,,,,,,,,,,,,,,,,,,80.4667,1157,0.270833,0.160222,physical_only_legacy,25547,20,7,3.1355,1.0,0.1602,963.92,,5.4633
map20_r48_s4,mid,930,JSQ,1500,,,,,,,22.86522911051213,2.2549,36.41239892183288,0.1213,141.8,165,165.0,0.128705,0.130024,742,0.388235,1282,0.979167,0.733431,,,,,,,,,,,,,,,,,,,,,,,,,,,,,1.129412,480.0,0.0625,0.001389,,,,,48,,1311.05,260,425,layer5_order_arrival_manifest_v1,True,872.2,220,,,,,,,,,,,,,,,,,,,,,,,,,,,,,,,,,,,,,,,,,85.4667,1269,0.270833,0.197306,physical_only_legacy,29308,19,7,3.363,1.0,0.1973,1193.41,,5.1276
map20_r48_s4,mid,930,PhaseC,1500,canonical_bfs_service_cell_v1,640,19.9812,12788,1500,251.1786,24.17881852048962,2.5702,38.15061202767429,0.1372,122.75,406,406.0,7.381818,11.6,1879,0.955294,55,0.145833,0.014681,640,,,,,,,,,,,,,combo,,,,,,,,,,,off,,0,0.0,0.044706,19.0,0.0625,0.001806,long_risk_6d_quantile_combo_v2,1497,12788,24.9507,48,all_idle,324.4,19,425,layer5_order_arrival_manifest_v1,True,0.0,0,,,,,,,,,,,,,,,,,,,,,,,,,,,,,,,0,0,12788,1.042131,0.387521,0.043166,0.347873,0.679671,0.78925,0.915166,3.6667,35,0.104167,0.01575,physical_only_legacy,682,15,7,0.8877,1.0,0.0158,476.61,3,3.8819
map20_r48_s4,mid,930,ComboS1J1,1500,canonical_bfs_service_cell_v1,650,20.2231,13145,1500,268.9262,23.786311389759664,2.5712,37.598223615464995,0.1392,133.0,410,410.0,6.212121,10.789474,1914,0.964706,66,0.166667,0.007722,650,0.0,141,0.2169,650,0.223079,0.0046,3,0.616366,6.010057,50,-2.955864,0.178827,combo,0.0,0,0.0,0,0.0,0.0,0.0,0.0,0,650,conversion,0.0,0,0.0,0.035294,15.0,0.0625,0.002333,long_risk_6d_quantile_combo_v2,1497,13145,25.1543,48,all_idle,69.2,15,425,layer5_order_arrival_manifest_v1,True,0.0,0,0.023851260341989793,False,0.22494139709329858,42,711,False,True,446,25.49489303345838,False,True,0.08494712486209705,j_ascending,False,1497,17,5,5,20.549766199064795,WorldModelTaskAssigner.select_robots_unmodified,s1_within_context,True,phase_c_psi_dispatch_v1,0.12439632871764425,0.21141524288316066,0.4749498997995992,0,0,0.20727166427632088,1.0739910313901346,0,0,13145,0.999912,0.339294,0.021496,0.31533,0.555383,0.665167,0.861648,4.4,38,0.145833,0.008958,physical_only_legacy,694,17,7,0.8497,1.0,0.009,439.41,3,3.8587
map20_r48_s4,mid,931,Greedy,1500,,,,,,,34.990107172300085,3.057,49.18136850783182,0.129,176.95,542,542.0,1.642424,2.045283,2426,0.936097,330,0.229167,0.038208,,,,,,,,,,,,,,,,,,,,,,,,,,,,,0.070812,41.0,0.083333,0.008722,,,,,48,,160.4,37,579,layer5_order_arrival_manifest_v1,False,142.0,4,,,,,,,,,,,,,,,,,,,,,,,,,,,,,,,,,,,,,,,,,22.0,265,0.145833,0.020847,physical_only_legacy,3448,19,7,1.3531,1.0,0.0208,85.62,,4.3548
map20_r48_s4,mid,931,Hungarian,1500,,,,,,,28.688584474885843,2.7909,42.413698630136984,0.1314,139.0,222,222.0,0.199103,0.200542,1095,0.38342,1115,1.0,0.608333,,,,,,,,,,,,,,,,,,,,,,,,,,,,,1.186528,687.0,0.041667,0.001972,,,,,48,,965.6,357,579,layer5_order_arrival_manifest_v1,True,845.1,330,,,,,,,,,,,,,,,,,,,,,,,,,,,,,,,,,,,,,,,,,74.3333,1107,0.104167,0.051333,physical_only_legacy,32388,15,7,3.022,1.0,0.0513,567.55,,5.0892
map20_r48_s4,mid,931,JSQ,1500,,,,,,,25.67823639774859,2.5815,40.050656660412756,0.1341,164.0,233,233.0,0.199486,0.201732,1066,0.402418,1168,1.0,0.633292,,,,,,,,,,,,,,,,,,,,,,,,,,,,,1.138169,659.0,0.0625,0.001653,,,,,48,,1006.75,346,579,layer5_order_arrival_manifest_v1,True,855.4,313,,,,,,,,,,,,,,,,,,,,,,,,,,,,,,,,,,,,,,,,,77.8667,1155,0.1875,0.114069,physical_only_legacy,29153,17,7,3.0186,1.0,0.1141,743.72,,5.0483
map20_r48_s4,mid,931,PhaseC,1500,canonical_bfs_service_cell_v1,771,6.144,4737,1500,100.8985,33.073390364700586,3.011,47.35749662314273,0.1271,183.3,515,515.0,1.107527,1.38814,2221,0.889465,465,0.75,0.120333,771,,,,,,,,,,,,,combo,,,,,,,,,,,off,,0,0.0,0.157168,91.0,0.083333,0.006889,long_risk_6d_quantile_combo_v2,1497,4737,24.7756,48,all_idle,339.4,64,579,layer5_order_arrival_manifest_v1,True,120.8,27,,,,,,,,,,,,,,,,,,,,,,,,,,,,,,,0,0,4737,1.049601,0.466942,-0.036326,0.483381,0.831522,0.884259,0.960648,31.0,371,0.3125,0.058139,physical_only_legacy,5001,21,7,1.6204,1.0,0.0581,543.23,3,4.5009
map20_r48_s4,mid,931,ComboS1J1,1500,canonical_bfs_service_cell_v1,818,7.456,6099,1500,138.6625,32.1219512195122,2.9074,46.07106812447435,0.131,158.55,544,544.0,1.74359,2.602871,2378,0.939551,312,0.25,0.040083,818,0.0,224,0.2738,818,0.288951,0.0122,10,0.65774,9.718957,50,-1.705462,0.242647,combo,0.0,0,0.0,0,0.0,0.0,0.0,0.0,0,818,conversion,0.0,0,0.0,0.062176,36.0,0.104167,0.007417,long_risk_6d_quantile_combo_v2,1497,6099,24.816,48,all_idle,384.3,35,579,layer5_order_arrival_manifest_v1,True,8.0,1,0.047660708783265816,False,0.25239465505255226,90,950,False,True,619,24.881710830973596,False,True,0.07370703213076137,j_ascending,False,1497,36,13,13,6.1750167000668,WorldModelTaskAssigner.select_robots_unmodified,s1_within_context,True,phase_c_psi_dispatch_v1,0.15002768191790908,0.2344325600466446,0.6346025384101537,0,0,0.21303686805069447,1.0759289176090467,0,0,6099,1.07727,0.482373,-0.036326,0.474907,0.848603,0.908284,1.003089,20.8,209,0.1875,0.033917,physical_only_legacy,2418,18,7,1.2875,1.0,0.0339,524.9,3,4.2624
map20_r48_s4,mid,932,Greedy,1500,,,,,,,23.378846153846155,2.1781,36.43653846153846,0.1273,129.2,113,113.0,0.089611,0.089968,520,0.264019,1261,1.0,0.785056,,,,,,,,,,,,,,,,,,,,,,,,,,,,,1.39486,597.0,0.145833,0.002333,,,,,48,,1241.9,315,428,layer5_order_arrival_manifest_v1,False,1071.8,282,,,,,,,,,,,,,,,,,,,,,,,,,,,,,,,,,,,,,,,,,84.0667,1256,0.25,0.123097,physical_only_legacy,29221,17,7,2.5689,1.0,0.1231,1340.27,,4.6239
map20_r48_s4,mid,932,Hungarian,1500,,,,,,,23.92284263959391,2.4547,37.51319796954315,0.1341,122.0,411,411.0,5.202532,15.222222,1970,0.96028,79,0.166667,0.010264,,,,,,,,,,,,,,,,,,,,,,,,,,,,,0.03972,17.0,0.0625,0.002806,,,,,48,,87.2,17,428,layer5_order_arrival_manifest_v1,True,0.0,0,,,,,,,,,,,,,,,,,,,,,,,,,,,,,,,,,,,,,,,,,5.2667,27,0.125,0.010194,physical_only_legacy,882,15,7,0.9256,1.0,0.0102,52.63,,3.8344
map20_r48_s4,mid,932,JSQ,1500,,,,,,,23.349484536082475,2.3817,36.909278350515464,0.14,130.55,410,410.0,6.307692,9.318182,1940,0.957944,65,0.145833,0.009014,,,,,,,,,,,,,,,,,,,,,,,,,,,,,0.042056,18.0,0.0625,0.002292,,,,,48,,93.2,18,428,layer5_order_arrival_manifest_v1,True,0.0,0,,,,,,,,,,,,,,,,,,,,,,,,,,,,,,,,,,,,,,,,,4.3333,44,0.208333,0.008681,physical_only_legacy,962,17,7,0.9018,1.0,0.0087,43.88,,3.7904
map20_r48_s4,mid,932,PhaseC,1500,canonical_bfs_service_cell_v1,666,19.3168,12865,1500,253.1993,24.601120733571065,2.4324,38.31074885379521,0.1285,129.9,412,412.0,4.963855,12.875,1963,0.962617,83,0.145833,0.008986,666,,,,,,,,,,,,,combo,,,,,,,,,,,off,,0,0.0,0.037383,16.0,0.0625,0.002667,long_risk_6d_quantile_combo_v2,1497,12865,25.0168,48,all_idle,65.0,16,428,layer5_order_arrival_manifest_v1,True,0.0,0,,,,,,,,,,,,,,,,,,,,,,,,,,,,,,,0,0,12865,0.992919,0.331425,0.02303,0.310456,0.525682,0.623432,0.809384,5.5333,32,0.104167,0.009236,physical_only_legacy,848,17,7,0.9252,1.0,0.0092,425.7,3,3.8165
map20_r48_s4,mid,932,ComboS1J1,1500,canonical_bfs_service_cell_v1,660,20.0848,13256,1500,267.9676,23.301242236024844,2.3332,37.00569358178054,0.1298,129.65,408,408.0,8.680851,12.363636,1932,0.953271,47,0.145833,0.017903,660,0.0,162,0.2455,660,0.272526,0.0136,9,0.621761,6.486512,50,-2.941284,0.170277,combo,0.0,0,0.0,0,0.0,0.0,0.0,0.0,0,660,conversion,0.0,0,0.0,0.046729,20.0,0.041667,0.001708,long_risk_6d_quantile_combo_v2,1497,13256,24.9801,48,all_idle,203.6,20,428,layer5_order_arrival_manifest_v1,True,0.0,0,0.014220333521576941,False,0.217580731558007,7,660,False,True,422,25.35051731525157,False,True,0.09741179682763246,j_ascending,False,1497,2,0,0,20.120908483633933,WorldModelTaskAssigner.select_robots_unmodified,s1_within_context,True,phase_c_psi_dispatch_v1,0.11590053253979213,0.1948769621184152,0.4408817635270541,0,0,0.23174769661643288,1.0118483412322274,0,0,13256,0.969321,0.387629,0.02303,0.348681,0.669484,0.744781,0.863038,3.1333,33,0.125,0.019083,physical_only_legacy,594,18,7,0.8967,1.0,0.0191,598.73,3,3.7639
map20_r48_s4,mid,933,Greedy,1500,,,,,,,29.54433962264151,2.9392,43.617924528301884,0.1196,185.85,230,230.0,0.197935,0.202643,1060,0.527523,1162,1.0,0.61,,,,,,,,,,,,,,,,,,,,,,,,,,,,,0.869266,379.0,0.083333,0.003153,,,,,48,,1097.5,206,436,layer5_order_arrival_manifest_v1,False,681.6,173,,,,,,,,,,,,,,,,,,,,,,,,,,,,,,,,,,,,,,,,,77.4667,1135,0.1875,0.111403,physical_only_legacy,28749,17,7,3.0377,1.0,0.1114,1048.69,,5.2195
map20_r48_s4,mid,933,Hungarian,1500,,,,,,,30.741721854304636,3.2288,44.41925624044829,0.127,162.6,423,423.0,1.433898,1.931507,1963,0.970183,295,0.291667,0.031806,,,,,,,,,,,,,,,,,,,,,,,,,,,,,0.029817,13.0,0.104167,0.008097,,,,,48,,49.6,13,436,layer5_order_arrival_manifest_v1,True,0.0,0,,,,,,,,,,,,,,,,,,,,,,,,,,,,,,,,,,,,,,,,,19.6667,219,0.229167,0.021611,physical_only_legacy,2638,20,7,1.1919,1.0,0.0216,93.43,,4.359
map20_r48_s4,mid,933,JSQ,1500,,,,,,,27.967161845191555,2.9049,41.6051602814699,0.1418,191.25,278,278.0,0.24515,0.254579,1279,0.637615,1134,0.916667,0.526653,,,,,,,,,,,,,,,,,,,,,,,,,,,,,0.65367,285.0,0.083333,0.00425,,,,,48,,1044.2,158,436,layer5_order_arrival_manifest_v1,True,590.8,127,,,,,,,,,,,,,,,,,,,,,,,,,,,,,,,,,,,,,,,,,75.6,1092,0.25,0.121889,physical_only_legacy,22679,17,7,2.6777,1.0,0.1219,778.36,,5.055
map20_r48_s4,mid,933,PhaseC,1500,canonical_bfs_service_cell_v1,678,17.149,11627,1500,231.0849,28.625187406296853,2.9234,42.05797101449275,0.1274,159.7,423,423.0,1.888393,4.067308,2001,0.970183,224,0.291667,0.021569,678,,,,,,,,,,,,,combo,,,,,,,,,,,off,,0,0.0,0.029817,13.0,0.083333,0.006042,long_risk_6d_quantile_combo_v2,1497,11627,25.1566,48,all_idle,49.6,13,436,layer5_order_arrival_manifest_v1,True,0.0,0,,,,,,,,,,,,,,,,,,,,,,,,,,,,,,,0,0,11627,1.046958,0.367085,0.026623,0.313237,0.690839,0.781529,0.919511,14.9333,104,0.166667,0.016083,physical_only_legacy,1973,18,7,1.0987,1.0,0.0161,429.41,3,4.1545
map20_r48_s4,mid,933,ComboS1J1,1500,canonical_bfs_service_cell_v1,670,18.591,12456,1500,255.1544,26.831818181818182,2.845,40.36818181818182,0.1313,148.6,425,425.0,3.427419,4.047619,1980,0.974771,124,0.1875,0.015444,670,0.0,116,0.1731,670,0.190935,0.009,6,0.629238,6.393013,50,-2.785748,0.156654,combo,0.0,0,0.0,0,0.0,0.0,0.0,0.0,0,670,conversion,0.0,0,0.0,0.025229,11.0,0.0625,0.004569,long_risk_6d_quantile_combo_v2,1497,12456,25.0945,48,all_idle,48.0,11,436,layer5_order_arrival_manifest_v1,True,0.0,0,0.022028766423632763,False,0.22081453108056417,41,733,False,True,457,25.352574636267104,False,True,0.1136641252449817,j_ascending,False,1497,16,3,3,18.053440213760855,WorldModelTaskAssigner.select_robots_unmodified,s1_within_context,True,phase_c_psi_dispatch_v1,0.12142164875209858,0.2160165631358409,0.48964595858383436,0,0,0.254154984858319,1.0568927789934355,0,0,12456,1.00925,0.339806,0.047312,0.290272,0.631829,0.747557,0.889367,8.2667,105,0.166667,0.011778,physical_only_legacy,1551,15,7,1.0107,1.0,0.0118,435.69,3,4.0709
map20_r48_s4,mid,934,Greedy,1500,,,,,,,37.36222509702458,3.1843,51.5614489003881,0.1296,173.45,558,558.0,1.419847,2.089888,2319,0.937815,393,0.25,0.046986,,,,,,,,,,,,,,,,,,,,,,,,,,,,,0.067227,40.0,0.104167,0.010722,,,,,48,,128.8,37,595,layer5_order_arrival_manifest_v1,False,54.8,3,,,,,,,,,,,,,,,,,,,,,,,,,,,,,,,,,,,,,,,,,26.2,267,0.1875,0.027278,physical_only_legacy,4103,18,7,1.4619,1.0,0.0273,129.25,,4.48
map20_r48_s4,mid,934,Hungarian,1500,,,,,,,34.05636478784041,3.1659,48.19506016466118,0.1306,194.8,393,393.0,0.403077,0.429508,1579,0.660504,975,0.958333,0.396972,,,,,,,,,,,,,,,,,,,,,,,,,,,,,0.613445,365.0,0.083333,0.005583,,,,,48,,727.8,202,595,layer5_order_arrival_manifest_v1,True,470.7,163,,,,,,,,,,,,,,,,,,,,,,,,,,,,,,,,,,,,,,,,,65.0,915,0.1875,0.056986,physical_only_legacy,20658,19,7,2.4114,1.0,0.057,441.76,,4.9762
map20_r48_s4,mid,934,JSQ,1500,,,,,,,26.93804453049371,2.6153,41.5701839303001,0.1103,233.25,236,236.0,0.188048,0.19187,1033,0.396639,1255,0.958333,0.621417,,,,,,,,,,,,,,,,,,,,,,,,,,,,,1.147899,683.0,0.125,0.004958,,,,,48,,1087.4,359,595,layer5_order_arrival_manifest_v1,True,971.4,324,,,,,,,,,,,,,,,,,,,,,,,,,,,,,,,,,,,,,,,,,83.6667,1230,0.25,0.160528,physical_only_legacy,25585,20,7,3.0361,1.0,0.1605,1198.15,,5.0965
map20_r48_s4,mid,934,PhaseC,1500,canonical_bfs_service_cell_v1,209,8.1818,1710,1500,37.3919,19.307692307692307,1.8817,33.450281425891184,0.0874,486.2,123,123.0,0.088362,0.089066,533,0.206723,1392,1.0,0.8115,209,,,,,,,,,,,,,combo,,,,,,,,,,,off,,0,0.0,1.514286,901.0,0.083333,0.001556,long_risk_6d_quantile_combo_v2,1497,1710,24.7953,48,all_idle,1334.8,472,595,layer5_order_arrival_manifest_v1,True,1120.8,429,,,,,,,,,,,,,,,,,,,,,,,,,,,,,,,0,0,1710,1.059682,0.323016,-0.00218,0.170241,0.862079,0.934801,0.995724,92.8,1381,0.270833,0.224472,physical_only_legacy,32182,21,7,3.5578,1.0,0.2245,1588.86,3,5.0316
map20_r48_s4,mid,934,ComboS1J1,1500,canonical_bfs_service_cell_v1,547,5.4296,2970,1500,109.2813,32.11836998706339,3.0422,46.72768434670117,0.146,204.0,371,371.0,0.346405,0.363725,1546,0.623529,1071,0.958333,0.404597,547,0.0,179,0.3272,547,0.327473,0.0073,4,0.741021,12.458709,50,-1.10876,0.278614,combo,0.0,0,0.0,0,0.0,0.0,0.0,0.0,0,547,conversion,0.0,0,0.0,0.70084,417.0,0.125,0.006125,long_risk_6d_quantile_combo_v2,1497,2970,24.9119,48,all_idle,786.55,224,595,layer5_order_arrival_manifest_v1,True,533.6,193,0.60836969096101,False,0.7696837135602509,4644,6309,False,True,1018,24.85853144606257,False,True,-0.3073662262596397,j_ascending,False,1497,590,73,78,2.9645958583834333,WorldModelTaskAssigner.select_robots_unmodified,s1_within_context,True,phase_c_psi_dispatch_v1,0.6890267022606393,0.52329793487634,4.214428857715431,0,0,0.2400230171256633,1.819253438113949,0,0,2970,1.032587,0.477522,-0.00218,0.527326,0.870755,0.918329,0.974421,71.4,1020,0.229167,0.071861,physical_only_legacy,20108,21,7,2.4347,1.0,0.0719,707.02,3,4.9563
map20_r48_s4,mid,935,Greedy,1500,,,,,,,34.80300187617261,3.199,49.28658536585366,0.1274,170.75,496,496.0,0.859619,0.992,2132,0.885714,577,0.854167,0.173514,,,,,,,,,,,,,,,,,,,,,,,,,,,,,0.173214,97.0,0.125,0.006986,,,,,48,,426.55,64,560,layer5_order_arrival_manifest_v1,False,296.0,33,,,,,,,,,,,,,,,,,,,,,,,,,,,,,,,,,,,,,,,,,38.4667,500,0.270833,0.053569,physical_only_legacy,8109,19,7,1.7271,1.0,0.0536,483.59,,4.644
map20_r48_s4,mid,935,Hungarian,1500,,,,,,,38.0568278201866,3.1714,51.99194232400339,0.122,286.0,441,441.0,0.997738,1.270893,2358,0.7875,442,0.395833,0.053611,,,,,,,,,,,,,,,,,,,,,,,,,,,,,0.382143,214.0,0.104167,0.010681,,,,,48,,484.3,119,560,layer5_order_arrival_manifest_v1,True,457.2,95,,,,,,,,,,,,,,,,,,,,,,,,,,,,,,,,,,,,,,,,,29.4667,347,0.229167,0.028403,physical_only_legacy,4535,20,7,1.4927,1.0,0.0284,187.72,,4.4824
map20_r48_s4,mid,935,JSQ,1500,,,,,,,27.70241935483871,2.7797,42.15241935483871,0.113,146.25,256,256.0,0.244275,0.249027,1240,0.457143,1048,0.979167,0.562167,,,,,,,,,,,,,,,,,,,,,,,,,,,,,1.026786,575.0,0.0625,0.001597,,,,,48,,1027.65,304,560,layer5_order_arrival_manifest_v1,True,884.5,271,,,,,,,,,,,,,,,,,,,,,,,,,,,,,,,,,,,,,,,,,69.8667,1028,0.104167,0.047403,physical_only_legacy,29617,14,7,2.8157,1.0,0.0474,547.88,,4.9581
map20_r48_s4,mid,935,PhaseC,1500,canonical_bfs_service_cell_v1,783,7.8723,6164,1500,128.3579,33.77705907718844,3.0507,47.97240189736956,0.1266,178.0,546,546.0,3.714286,7.8,2319,0.975,147,0.1875,0.021847,783,,,,,,,,,,,,,combo,,,,,,,,,,,off,,0,0.0,0.025,14.0,0.083333,0.006403,long_risk_6d_quantile_combo_v2,1497,6164,24.9181,48,all_idle,71.0,14,560,layer5_order_arrival_manifest_v1,True,0.0,0,,,,,,,,,,,,,,,,,,,,,,,,,,,,,,,0,0,6164,1.083313,0.446179,0.003734,0.444085,0.731036,0.823182,0.961985,9.8,70,0.145833,0.017833,physical_only_legacy,2093,18,7,1.2599,1.0,0.0178,273.53,3,4.2998
map20_r48_s4,mid,935,ComboS1J1,1500,canonical_bfs_service_cell_v1,551,5.7768,3183,1500,114.1187,28.802952503209244,2.853,42.987163029525036,0.1263,169.0,361,361.0,0.435464,0.448447,1558,0.644643,829,0.979167,0.423944,551,0.0,190,0.3448,551,0.357054,0.0163,9,0.692646,10.986783,50,-1.228814,0.23533,combo,0.0,0,0.0,0,0.0,0.0,0.0,0.0,0,551,conversion,0.0,0,0.0,0.646429,362.0,0.083333,0.003292,long_risk_6d_quantile_combo_v2,1497,3183,25.1585,48,all_idle,792.1,199,560,layer5_order_arrival_manifest_v1,True,639.6,163,0.5452275988267097,False,0.7186542788297016,3865,5379,False,True,1021,24.913883527209954,False,True,-0.07881439318758954,j_ascending,False,1497,650,73,78,2.697394789579158,WorldModelTaskAssigner.select_robots_unmodified,s1_within_context,True,phase_c_psi_dispatch_v1,0.6319409388281947,0.6597487582515376,3.593186372745491,0,0,0.44650433302967274,1.77179236043095,0,0,3183,1.067915,0.430898,0.003734,0.433719,0.831407,0.899265,0.961289,55.2667,805,0.333333,0.167653,physical_only_legacy,13675,22,7,2.4308,1.0,0.1677,1277.44,3,4.9358
map20_r48_s4,mid,936,Greedy,1500,,,,,,,30.590597453476985,2.9158,44.87952987267385,0.1422,173.75,226,226.0,0.185094,0.187864,1021,0.49345,1221,1.0,0.624194,,,,,,,,,,,,,,,,,,,,,,,,,,,,,0.941048,431.0,0.083333,0.003,,,,,48,,1063.2,232,458,layer5_order_arrival_manifest_v1,False,772.4,199,,,,,,,,,,,,,,,,,,,,,,,,,,,,,,,,,,,,,,,,,81.4,1203,0.208333,0.083056,physical_only_legacy,31956,20,7,3.1295,1.0,0.0831,689.05,,5.2479
map20_r48_s4,mid,936,Hungarian,1500,,,,,,,36.762340036563074,3.392,50.890920170627666,0.1298,370.6,258,258.0,0.250485,0.266254,1641,0.563319,1030,1.0,0.381,,,,,,,,,,,,,,,,,,,,,,,,,,,,,0.834061,382.0,0.083333,0.008292,,,,,48,,856.6,200,458,layer5_order_arrival_manifest_v1,True,755.4,182,,,,,,,,,,,,,,,,,,,,,,,,,,,,,,,,,,,,,,,,,68.6667,969,0.25,0.106236,physical_only_legacy,17122,20,7,2.4848,1.0,0.1062,626.8,,5.1744
map20_r48_s4,mid,936,JSQ,1500,,,,,,,30.915599095704597,3.015,45.16126601356443,0.118,192.3,308,308.0,0.273778,0.284133,1327,0.672489,1125,0.979167,0.492139,,,,,,,,,,,,,,,,,,,,,,,,,,,,,0.582969,267.0,0.083333,0.004944,,,,,48,,886.2,150,458,layer5_order_arrival_manifest_v1,True,512.0,117,,,,,,,,,,,,,,,,,,,,,,,,,,,,,,,,,,,,,,,,,75.0,1084,0.229167,0.088889,physical_only_legacy,23752,21,7,2.6661,1.0,0.0889,883.74,,5.0474
map20_r48_s4,mid,936,PhaseC,1500,canonical_bfs_service_cell_v1,226,7.0221,1587,1500,34.965,25.295025728987994,2.4594,39.734133790737566,0.1262,232.0,125,125.0,0.095785,0.096525,583,0.272926,1305,1.0,0.793278,226,,,,,,,,,,,,,combo,,,,,,,,,,,off,,0,0.0,1.382096,633.0,0.0625,0.001194,long_risk_6d_quantile_combo_v2,1497,1587,24.819,48,all_idle,1301.4,333,458,layer5_order_arrival_manifest_v1,True,1149.05,300,,,,,,,,,,,,,,,,,,,,,,,,,,,,,,,0,0,1587,1.064907,0.343492,0.108265,0.221491,0.787672,0.862585,0.947433,87.0,1295,0.145833,0.093111,physical_only_legacy,40703,15,7,3.607,1.0,0.0931,924.07,3,5.2526
map20_r48_s4,mid,936,ComboS1J1,1500,canonical_bfs_service_cell_v1,681,15.2026,10353,1500,214.6371,29.80675608544461,3.1108,43.75757575757576,0.1303,216.6,445,445.0,2.089202,3.531746,2013,0.971616,213,0.1875,0.022236,681,0.0,126,0.185,681,0.193983,0.0029,2,0.640713,7.566979,50,-2.440378,0.146749,combo,0.0,0,0.0,0,0.0,0.0,0.0,0.0,0,681,conversion,0.0,0,0.0,0.028384,13.0,0.083333,0.005125,long_risk_6d_quantile_combo_v2,1497,10353,24.8644,48,all_idle,49.6,13,458,layer5_order_arrival_manifest_v1,True,0.0,0,0.0657989619505968,False,0.3094053329590548,116,847,False,True,501,25.01608542503116,False,True,0.02681786918356492,j_ascending,False,1497,41,11,11,15.247828991315965,WorldModelTaskAssigner.select_robots_unmodified,s1_within_context,True,phase_c_psi_dispatch_v1,0.18760214745482573,0.21404845372431747,0.5657982631930528,0,0,0.214791579552461,1.159680638722555,0,0,10353,1.007014,0.368523,0.051881,0.301479,0.705265,0.810267,0.940835,14.2,126,0.1875,0.017347,physical_only_legacy,1895,18,7,1.1062,1.0,0.0173,388.28,3,4.2562
map20_r48_s4,mid,937,Greedy,1500,,,,,,,30.21320890165111,2.8277,44.277817659727205,0.1204,174.7,307,307.0,0.318795,0.330819,1393,0.657388,963,1.0,0.461042,,,,,,,,,,,,,,,,,,,,,,,,,,,,,0.616702,288.0,0.0625,0.003319,,,,,48,,854.1,160,467,layer5_order_arrival_manifest_v1,False,553.8,128,,,,,,,,,,,,,,,,,,,,,,,,,,,,,,,,,,,,,,,,,64.2,928,0.270833,0.083694,physical_only_legacy,22208,18,7,2.545,1.0,0.0837,565.05,,4.8905
map20_r48_s4,mid,937,Hungarian,1500,,,,,,,29.764968152866242,2.8168,43.44267515923567,0.135,137.1,339,339.0,0.395105,0.418002,1570,0.72591,858,1.0,0.396153,,,,,,,,,,,,,,,,,,,,,,,,,,,,,0.481799,225.0,0.104167,0.004069,,,,,48,,797.95,128,467,layer5_order_arrival_manifest_v1,True,388.8,97,,,,,,,,,,,,,,,,,,,,,,,,,,,,,,,,,,,,,,,,,57.2,811,0.145833,0.062944,physical_only_legacy,19513,16,7,2.3358,1.0,0.0629,635.97,,4.7743
map20_r48_s4,mid,937,JSQ,1500,,,,,,,29.40154711673699,2.8088,43.4873417721519,0.1246,156.2,293,293.0,0.303313,0.311371,1422,0.627409,966,0.958333,0.454917,,,,,,,,,,,,,,,,,,,,,,,,,,,,,0.670236,313.0,0.083333,0.003583,,,,,48,,899.0,174,467,layer5_order_arrival_manifest_v1,True,660.4,139,,,,,,,,,,,,,,,,,,,,,,,,,,,,,,,,,,,,,,,,,64.4,941,0.270833,0.085194,physical_only_legacy,21033,16,7,2.5119,1.0,0.0852,728.26,,4.8702
map20_r48_s4,mid,937,PhaseC,1500,canonical_bfs_service_cell_v1,690,15.3246,10574,1500,208.5013,27.515594541910332,2.7201,41.27534113060429,0.1295,144.4,457,457.0,4.524752,13.441176,2052,0.978587,101,0.1875,0.011667,690,,,,,,,,,,,,,combo,,,,,,,,,,,off,,0,0.0,0.021413,10.0,0.0625,0.002944,long_risk_6d_quantile_combo_v2,1497,10574,24.7895,48,all_idle,38.2,10,467,layer5_order_arrival_manifest_v1,True,0.0,0,,,,,,,,,,,,,,,,,,,,,,,,,,,,,,,0,0,10574,0.9904,0.317404,-0.043069,0.266378,0.61904,0.736268,0.900557,6.7333,34,0.208333,0.011306,physical_only_legacy,1204,16,7,0.929,1.0,0.0113,371.34,3,3.9654
map20_r48_s4,mid,937,ComboS1J1,1500,canonical_bfs_service_cell_v1,548,7.1916,3941,1500,112.3708,29.513234344738542,2.743,43.23821820529374,0.1348,171.95,350,350.0,0.416171,0.435866,1549,0.749465,841,0.958333,0.390292,548,0.0,182,0.3321,548,0.351879,0.0164,9,0.697198,10.778568,50,-1.530486,0.259892,combo,0.0,0,0.0,0,0.0,0.0,0.0,0.0,0,548,conversion,0.0,0,0.0,0.430407,201.0,0.083333,0.003486,long_risk_6d_quantile_combo_v2,1497,3941,24.8023,48,all_idle,808.4,117,467,layer5_order_arrival_manifest_v1,True,531.4,84,0.45450484009588504,False,0.55017921676646,1946,3028,False,True,892,24.521011104306098,False,True,-0.08474226660488843,j_ascending,False,1497,464,44,45,4.644622578490314,WorldModelTaskAssigner.select_robots_unmodified,s1_within_context,True,phase_c_psi_dispatch_v1,0.5023420284311763,0.466903470683587,2.0227120908483633,0,0,0.36829605296898826,1.6221973094170403,0,0,3941,1.134046,0.47477,-0.043069,0.442229,0.926457,0.964164,1.027552,56.0667,803,0.166667,0.050972,physical_only_legacy,20055,18,7,2.2937,1.0,0.051,563.01,3,4.7041
map20_r48_s4,mid,938,Greedy,1500,,,,,,,35.592624728850325,3.0074,49.63210412147505,0.128,191.2,509,509.0,1.238443,1.708054,2305,0.93053,411,0.291667,0.047375,,,,,,,,,,,,,,,,,,,,,,,,,,,,,0.078611,43.0,0.104167,0.011472,,,,,48,,121.8,38,547,layer5_order_arrival_manifest_v1,False,104.8,5,,,,,,,,,,,,,,,,,,,,,,,,,,,,,,,,,,,,,,,,,27.4,298,0.229167,0.029431,physical_only_legacy,3783,20,7,1.4108,1.0,0.0294,114.48,,4.3665
map20_r48_s4,mid,938,Hungarian,1500,,,,,,,27.31458179126573,2.6533,40.70540340488527,0.1288,197.0,314,314.0,0.299618,0.307241,1351,0.57404,1048,0.979167,0.494861,,,,,,,,,,,,,,,,,,,,,,,,,,,,,0.784278,429.0,0.0625,0.004097,,,,,48,,879.6,233,547,layer5_order_arrival_manifest_v1,True,584.0,196,,,,,,,,,,,,,,,,,,,,,,,,,,,,,,,,,,,,,,,,,69.8667,1022,0.1875,0.065569,physical_only_legacy,25123,19,7,2.6293,1.0,0.0656,520.34,,4.8357
map20_r48_s4,mid,938,JSQ,1500,,,,,,,25.536105032822757,2.5218,39.607585703865794,0.1223,188.6,298,298.0,0.283001,0.287091,1371,0.54479,1053,0.958333,0.493292,,,,,,,,,,,,,,,,,,,,,,,,,,,,,0.840951,460.0,0.083333,0.003222,,,,,48,,1012.6,249,547,layer5_order_arrival_manifest_v1,True,697.5,211,,,,,,,,,,,,,,,,,,,,,,,,,,,,,,,,,,,,,,,,,70.2,1038,0.25,0.120111,physical_only_legacy,20282,20,7,2.541,1.0,0.1201,975.83,,4.7738
map20_r48_s4,mid,938,PhaseC,1500,canonical_bfs_service_cell_v1,525,9.2629,4863,1500,102.6519,25.846621621621622,2.493,39.79391891891892,0.1421,184.6,332,332.0,0.410891,0.423469,1480,0.606947,808,1.0,0.418944,525,,,,,,,,,,,,,combo,,,,,,,,,,,off,,0,0.0,0.729433,399.0,0.083333,0.002833,long_risk_6d_quantile_combo_v2,1497,4863,25.4131,48,all_idle,773.2,215,547,layer5_order_arrival_manifest_v1,True,535.4,184,,,,,,,,,,,,,,,,,,,,,,,,,,,,,,,0,0,4863,1.085713,0.460083,0.046454,0.430428,0.78055,0.882826,0.998671,53.8667,784,0.208333,0.081278,physical_only_legacy,19556,20,7,2.3597,1.0,0.0813,689.0,3,4.6498
map20_r48_s4,mid,938,ComboS1J1,1500,canonical_bfs_service_cell_v1,471,8.0276,3781,1500,130.1068,24.206373292867983,2.399,38.28148710166919,0.1032,157.85,284,284.0,0.270219,0.271511,1318,0.519196,1051,1.0,0.510458,471,0.0,160,0.3397,471,0.348046,0.0106,5,0.714056,10.552875,50,-1.410868,0.173364,combo,0.0,0,0.0,0,0.0,0.0,0.0,0.0,0,471,conversion,0.0,0,0.0,0.893967,489.0,0.083333,0.002917,long_risk_6d_quantile_combo_v2,1497,3781,25.1263,48,all_idle,999.9,263,547,layer5_order_arrival_manifest_v1,True,755.0,226,0.6056400336988457,False,0.7643614096193515,6258,7674,False,True,1076,24.882102804085356,False,True,-0.1449394388291969,j_ascending,False,1497,763,113,113,4.3059452237808955,WorldModelTaskAssigner.select_robots_unmodified,s1_within_context,True,phase_c_psi_dispatch_v1,0.6850007216591156,0.6423490343099386,5.12625250501002,0,0,0.4377735313498977,1.8513011152416357,0,0,3781,1.134531,0.472739,0.020365,0.400715,0.859955,0.914208,1.013456,70.0667,1046,0.208333,0.104653,physical_only_legacy,22359,18,7,2.5783,1.0,0.1047,1014.59,3,4.6965
map20_r48_s4,mid,939,Greedy,1500,,,,,,,35.142159257449926,3.3497,49.561797752808985,0.1234,200.0,469,469.0,0.695846,0.808621,2047,0.875,674,0.9375,0.192472,,,,,,,,,,,,,,,,,,,,,,,,,,,,,0.195896,105.0,0.083333,0.007306,,,,,48,,406.7,67,536,layer5_order_arrival_manifest_v1,False,373.2,38,,,,,,,,,,,,,,,,,,,,,,,,,,,,,,,,,,,,,,,,,44.9333,580,0.229167,0.068222,physical_only_legacy,8718,20,7,1.8497,1.0,0.0682,561.64,,4.7914
map20_r48_s4,mid,939,Hungarian,1500,,,,,,,31.24064837905237,3.0197,44.88154613466334,0.1074,171.95,182,182.0,0.14342,0.148329,802,0.339552,1269,1.0,0.707931,,,,,,,,,,,,,,,,,,,,,,,,,,,,,1.264925,678.0,0.104167,0.003917,,,,,48,,1154.7,354,536,layer5_order_arrival_manifest_v1,True,975.4,324,,,,,,,,,,,,,,,,,,,,,,,,,,,,,,,,,,,,,,,,,84.6,1227,0.3125,0.212542,physical_only_legacy,27937,20,7,3.4347,1.0,0.2125,1581.15,,5.5471
map20_r48_s4,mid,939,JSQ,1500,,,,,,,28.795020746887968,2.916,42.89626556016597,0.1249,242.15,294,294.0,0.243176,0.254766,1205,0.548507,1209,0.958333,0.570347,,,,,,,,,,,,,,,,,,,,,,,,,,,,,0.837687,449.0,0.104167,0.004958,,,,,48,,1091.6,242,536,layer5_order_arrival_manifest_v1,True,761.6,207,,,,,,,,,,,,,,,,,,,,,,,,,,,,,,,,,,,,,,,,,80.6,1154,0.270833,0.152875,physical_only_legacy,23960,21,7,2.988,1.0,0.1529,1291.89,,5.2297
map20_r48_s4,mid,939,PhaseC,1500,canonical_bfs_service_cell_v1,284,6.2148,1765,1500,39.0965,28.48216644649934,2.777,42.63936591809775,0.1647,255.8,185,185.0,0.144984,0.147764,757,0.345149,1276,1.0,0.728583,284,,,,,,,,,,,,,combo,,,,,,,,,,,off,,0,0.0,1.23694,663.0,0.083333,0.0025,long_risk_6d_quantile_combo_v2,1497,1765,24.7982,48,all_idle,1193.0,351,536,layer5_order_arrival_manifest_v1,True,979.9,312,,,,,,,,,,,,,,,,,,,,,,,,,,,,,,,0,0,1765,1.046352,0.380092,0.037403,0.210037,0.861072,0.910802,0.960516,85.0667,1252,0.208333,0.122125,physical_only_legacy,35201,18,7,3.4422,1.0,0.1221,824.22,3,5.3964
map20_r48_s4,mid,939,ComboS1J1,1500,canonical_bfs_service_cell_v1,757,10.2814,7783,1500,169.7679,33.155326768128916,3.2305,47.09221128021486,0.1304,179.0,521,521.0,1.451253,1.821678,2234,0.972015,359,0.291667,0.042083,757,0.0,167,0.2206,757,0.223699,0.004,3,0.671319,9.113451,50,-1.984197,0.234993,combo,0.0,0,0.0,0,0.0,0.0,0.0,0.0,0,757,conversion,0.0,0,0.0,0.027985,15.0,0.083333,0.006333,long_risk_6d_quantile_combo_v2,1497,7783,24.9444,48,all_idle,65.6,15,536,layer5_order_arrival_manifest_v1,True,0.0,0,0.03766890881744062,False,0.23388164470379502,88,894,False,True,581,24.9160690114492,False,True,0.0881577560084257,j_ascending,False,1497,30,6,6,9.479625918503674,WorldModelTaskAssigner.select_robots_unmodified,s1_within_context,True,phase_c_psi_dispatch_v1,0.13577527676061787,0.22057562185788915,0.5971943887775552,0,0,0.22729044368019707,1.0877796901893289,0,0,7783,1.02342,0.390793,0.037403,0.345628,0.711192,0.808792,0.911381,23.9333,286,0.166667,0.021722,physical_only_legacy,3186,21,7,1.3278,1.0,0.0217,350.81,3,4.4313
map20_r48_s4,mid,940,Greedy,1500,,,,,,,32.125230202578265,3.0015,46.41190914671578,0.135,189.45,378,378.0,0.407328,0.426637,1629,0.739726,928,0.958333,0.388569,,,,,,,,,,,,,,,,,,,,,,,,,,,,,0.46184,236.0,0.083333,0.005931,,,,,48,,751.2,133,511,layer5_order_arrival_manifest_v1,False,446.0,103,,,,,,,,,,,,,,,,,,,,,,,,,,,,,,,,,,,,,,,,,61.8667,886,0.166667,0.070153,physical_only_legacy,19563,19,7,2.4253,1.0,0.0702,472.49,,4.9186
map20_r48_s4,mid,940,Hungarian,1500,,,,,,,29.891181988742964,2.834,43.4390243902439,0.1287,142.0,233,233.0,0.22318,0.226654,1066,0.455969,1044,1.0,0.599819,,,,,,,,,,,,,,,,,,,,,,,,,,,,,1.033268,528.0,0.083333,0.003194,,,,,48,,1009.45,278,511,layer5_order_arrival_manifest_v1,True,870.2,250,,,,,,,,,,,,,,,,,,,,,,,,,,,,,,,,,,,,,,,,,69.6,1028,0.229167,0.145903,physical_only_legacy,25848,18,7,3.0298,1.0,0.1459,1278.12,,5.2065
map20_r48_s4,mid,940,JSQ,1500,,,,,,,25.21030042918455,2.4683,40.202789699570815,0.1268,167.0,185,185.0,0.151639,0.153273,932,0.362035,1220,1.0,0.671181,,,,,,,,,,,,,,,,,,,,,,,,,,,,,1.215264,621.0,0.083333,0.001708,,,,,48,,1189.0,326,511,layer5_order_arrival_manifest_v1,True,1074.3,295,,,,,,,,,,,,,,,,,,,,,,,,,,,,,,,,,,,,,,,,,81.3333,1207,0.208333,0.137708,physical_only_legacy,29607,17,7,3.0653,1.0,0.1377,1155.2,,5.0313
map20_r48_s4,mid,940,PhaseC,1500,canonical_bfs_service_cell_v1,710,12.2958,8730,1500,175.5631,30.971944840703756,2.9195,45.077508321445556,0.1413,169.0,498,498.0,2.316279,3.801527,2103,0.97456,215,0.229167,0.023583,710,,,,,,,,,,,,,combo,,,,,,,,,,,off,,0,0.0,0.02544,13.0,0.083333,0.004667,long_risk_6d_quantile_combo_v2,1497,8730,24.8837,48,all_idle,69.6,13,511,layer5_order_arrival_manifest_v1,True,0.0,0,,,,,,,,,,,,,,,,,,,,,,,,,,,,,,,0,0,8730,1.01065,0.366173,0.043323,0.309778,0.690873,0.775909,0.888472,14.3333,131,0.208333,0.018125,physical_only_legacy,1949,20,7,1.1755,1.0,0.0181,340.4,3,4.2069
map20_r48_s4,mid,940,ComboS1J1,1500,canonical_bfs_service_cell_v1,459,6.3094,2896,1500,114.1179,26.883865939204988,2.6413,40.89555728760717,0.1142,199.3,290,290.0,0.30083,0.304622,1283,0.567515,964,0.9375,0.530778,459,0.0,153,0.3333,459,0.344038,0.0131,6,0.698955,10.247381,50,-1.223619,0.236183,combo,0.0,0,0.0,0,0.0,0.0,0.0,0.0,0,459,conversion,0.0,0,0.0,0.804305,411.0,0.0625,0.001556,long_risk_6d_quantile_combo_v2,1497,2896,24.9284,48,all_idle,972.0,221,511,layer5_order_arrival_manifest_v1,True,765.55,190,0.682103885876975,False,0.8048246950967229,8032,9508,False,True,1118,24.775782021925465,False,True,-0.21779804922814242,j_ascending,False,1497,841,85,90,2.65063460253841,WorldModelTaskAssigner.select_robots_unmodified,s1_within_context,True,phase_c_psi_dispatch_v1,0.7434642904868555,0.6815405955142821,6.351369405477622,0,0,0.36979188700314325,2.0626118067978534,0,0,2896,1.00878,0.432103,0.041544,0.423809,0.775375,0.842075,0.955564,64.2667,952,0.208333,0.112264,physical_only_legacy,23482,17,7,2.6549,1.0,0.1123,805.55,3,4.8746
map20_r48_s4,mid,941,Greedy,1500,,,,,,,34.16329966329966,2.8865,48.18139730639731,0.1274,173.75,546,546.0,2.663415,4.588235,2376,0.931741,205,0.333333,0.027389,,,,,,,,,,,,,,,,,,,,,,,,,,,,,0.075085,44.0,0.104167,0.007264,,,,,48,,133.2,40,586,layer5_order_arrival_manifest_v1,False,96.05,4,,,,,,,,,,,,,,,,,,,,,,,,,,,,,,,,,,,,,,,,,13.6667,119,0.1875,0.022306,physical_only_legacy,2488,18,7,1.3158,1.0,0.0223,118.99,,4.2509
map20_r48_s4,mid,941,Hungarian,1500,,,,,,,30.23886808156471,2.677,43.79192675821889,0.1236,127.0,556,556.0,9.928571,21.384615,2403,0.948805,56,0.166667,0.010903,,,,,,,,,,,,,,,,,,,,,,,,,,,,,0.051195,30.0,0.083333,0.004917,,,,,48,,88.8,30,586,layer5_order_arrival_manifest_v1,True,0.0,0,,,,,,,,,,,,,,,,,,,,,,,,,,,,,,,,,,,,,,,,,3.7333,26,0.125,0.016167,physical_only_legacy,1108,15,7,1.1514,1.0,0.0162,72.71,,4.054
map20_r48_s4,mid,941,JSQ,1500,,,,,,,27.536369816451394,2.6935,41.826648538409245,0.1139,169.2,317,317.0,0.329865,0.336876,1471,0.540956,961,0.916667,0.452111,,,,,,,,,,,,,,,,,,,,,,,,,,,,,0.872014,511.0,0.0625,0.003736,,,,,48,,879.8,269,586,layer5_order_arrival_manifest_v1,True,671.8,242,,,,,,,,,,,,,,,,,,,,,,,,,,,,,,,,,,,,,,,,,64.0667,941,0.166667,0.05875,physical_only_legacy,22446,16,7,2.4369,1.0,0.0587,478.39,,4.7379
map20_r48_s4,mid,941,PhaseC,1500,canonical_bfs_service_cell_v1,808,9.0532,7315,1500,149.2548,31.430762675756284,2.7598,45.24925436727737,0.1291,143.8,553,553.0,4.850877,8.507692,2347,0.943686,114,0.3125,0.020611,808,,,,,,,,,,,,,combo,,,,,,,,,,,off,,0,0.0,0.056314,33.0,0.104167,0.005611,long_risk_6d_quantile_combo_v2,1497,7315,24.7888,48,all_idle,81.6,33,586,layer5_order_arrival_manifest_v1,True,0.0,0,,,,,,,,,,,,,,,,,,,,,,,,,,,,,,,0,0,7315,1.036278,0.491153,-0.010956,0.484413,0.785405,0.859375,0.928948,7.6,65,0.145833,0.017264,physical_only_legacy,1605,16,7,1.21,1.0,0.0173,317.19,3,4.1312
map20_r48_s4,mid,941,ComboS1J1,1500,canonical_bfs_service_cell_v1,822,9.0195,7414,1500,162.4351,30.877763871506048,2.7537,44.59407592824364,0.1228,134.0,555,555.0,16.818182,61.666667,2397,0.947099,33,0.125,0.010361,822,0.0,206,0.2506,822,0.267372,0.0122,10,0.63391,7.779949,50,-2.000143,0.2102,combo,0.0,0,0.0,0,0.0,0.0,0.0,0.0,0,822,conversion,0.0,0,0.0,0.059727,35.0,0.0625,0.003556,long_risk_6d_quantile_combo_v2,1497,7414,24.8171,48,all_idle,112.5,31,586,layer5_order_arrival_manifest_v1,True,97.5,4,0.03239935283600582,False,0.22180822649572987,66,896,False,True,598,25.041427569195978,False,True,0.0965728291204203,j_ascending,False,1497,27,5,6,7.955911823647295,WorldModelTaskAssigner.select_robots_unmodified,s1_within_context,True,phase_c_psi_dispatch_v1,0.1271037896658677,0.23555001201332612,0.5985303941215765,0,0,0.211803225559249,1.0618729096989967,0,0,7414,0.97395,0.430652,-0.010956,0.427072,0.694107,0.784902,0.894685,2.2,9,0.104167,0.011889,physical_only_legacy,1297,16,7,1.1206,1.0,0.0119,291.77,3,4.0719
map20_r48_s4,mid,942,Greedy,1500,,,,,,,34.93692104102338,2.6875,48.90119100132333,0.1232,196.0,504,504.0,1.266332,1.702703,2267,0.931608,398,0.229167,0.044,,,,,,,,,,,,,,,,,,,,,,,,,,,,,0.077634,42.0,0.104167,0.009833,,,,,48,,160.8,37,541,layer5_order_arrival_manifest_v1,False,122.4,5,,,,,,,,,,,,,,,,,,,,,,,,,,,,,,,,,,,,,,,,,26.5333,296,0.229167,0.027472,physical_only_legacy,3585,21,7,1.3756,1.0,0.0275,136.32,,4.1822
map20_r48_s4,mid,942,Hungarian,1500,,,,,,,31.310909090909092,2.5763,44.86606060606061,0.1031,205.4,307,307.0,0.410428,0.439199,1650,0.567468,748,1.0,0.326847,,,,,,,,,,,,,,,,,,,,,,,,,,,,,0.831793,450.0,0.104167,0.005097,,,,,48,,648.35,234,541,layer5_order_arrival_manifest_v1,True,587.0,216,,,,,,,,,,,,,,,,,,,,,,,,,,,,,,,,,,,,,,,,,49.8667,699,0.270833,0.103847,physical_only_legacy,10054,20,7,1.787,1.0,0.1038,759.49,,4.3886
map20_r48_s4,mid,942,JSQ,1500,,,,,,,32.39101423487544,2.6124,46.337633451957295,0.125,161.0,510,510.0,2.198276,3.311688,2248,0.942699,232,0.229167,0.028917,,,,,,,,,,,,,,,,,,,,,,,,,,,,,0.057301,31.0,0.083333,0.006028,,,,,48,,123.5,31,541,layer5_order_arrival_manifest_v1,True,0.0,0,,,,,,,,,,,,,,,,,,,,,,,,,,,,,,,,,,,,,,,,,15.4667,154,0.1875,0.020431,physical_only_legacy,2597,20,7,1.2996,1.0,0.0204,87.68,,4.1014
map20_r48_s4,mid,942,PhaseC,1500,canonical_bfs_service_cell_v1,425,10.2024,4336,1500,90.1926,24.394915254237286,2.2283,38.7,0.114,222.3,255,255.0,0.250245,0.257576,1180,0.471349,1019,1.0,0.518458,425,,,,,,,,,,,,,combo,,,,,,,,,,,off,,0,0.0,0.998152,540.0,0.083333,0.003542,long_risk_6d_quantile_combo_v2,1497,4336,24.9919,48,all_idle,987.75,286,541,layer5_order_arrival_manifest_v1,True,746.8,254,,,,,,,,,,,,,,,,,,,,,,,,,,,,,,,0,0,4336,1.069528,0.312958,0.018411,0.235162,0.724209,0.858277,0.954399,67.9333,990,0.3125,0.149667,physical_only_legacy,20198,18,7,2.6282,1.0,0.1497,1174.5,3,4.6919
map20_r48_s4,mid,942,ComboS1J1,1500,canonical_bfs_service_cell_v1,366,10.877,3981,1500,142.594,21.831337325349303,2.0742,36.10179640718563,0.1327,258.6,223,223.0,0.2044,0.205152,1002,0.4122,1091,0.958333,0.599417,366,0.0,177,0.4836,366,0.461049,0.0219,8,0.689903,8.97848,50,-1.444478,0.237465,combo,0.0,0,0.0,0,0.0,0.0,0.0,0.0,0,366,conversion,0.0,0,0.0,1.110906,601.0,0.041667,0.000944,long_risk_6d_quantile_combo_v2,1497,3981,25.2029,48,all_idle,1057.05,318,541,layer5_order_arrival_manifest_v1,True,846.9,283,0.7155536716934916,False,0.8226988709594412,9782,11932,False,True,1192,24.938887331303484,False,True,-0.4515650118034957,j_ascending,False,1497,942,79,80,5.153640614562458,WorldModelTaskAssigner.select_robots_unmodified,s1_within_context,True,phase_c_psi_dispatch_v1,0.7691262713264694,0.2914561977236277,7.97060788243153,0,0,0.3436663213223119,2.38255033557047,0,0,3981,1.040727,0.288489,0.018411,0.222968,0.715787,0.816542,0.909104,72.7333,1087,0.145833,0.033569,physical_only_legacy,32682,13,7,2.8811,1.0,0.0336,581.73,3,4.6439
map20_r48_s4,mid,943,Greedy,1500,,,,,,,35.474761255115965,3.211,49.766257389722604,0.1249,162.0,525,525.0,1.182432,1.374346,2199,0.91944,444,0.8125,0.125611,,,,,,,,,,,,,,,,,,,,,,,,,,,,,0.101576,58.0,0.125,0.010375,,,,,48,,361.25,46,571,layer5_order_arrival_manifest_v1,False,252.2,12,,,,,,,,,,,,,,,,,,,,,,,,,,,,,,,,,,,,,,,,,29.6,382,0.25,0.054917,physical_only_legacy,5937,21,7,1.6176,1.0,0.0549,303.53,,4.5941
map20_r48_s4,mid,943,Hungarian,1500,,,,,,,31.04318766066838,3.0381,45.24164524421594,0.1212,153.0,441,441.0,0.623762,0.689063,1945,0.772329,707,0.916667,0.269167,,,,,,,,,,,,,,,,,,,,,,,,,,,,,0.402802,230.0,0.104167,0.006736,,,,,48,,636.4,130,571,layer5_order_arrival_manifest_v1,True,380.6,100,,,,,,,,,,,,,,,,,,,,,,,,,,,,,,,,,,,,,,,,,47.1333,640,0.208333,0.070653,physical_only_legacy,11632,19,7,1.8984,1.0,0.0707,604.16,,4.6601
map20_r48_s4,mid,943,JSQ,1500,,,,,,,31.729032258064517,3.0484,46.043988269794724,0.117,170.6,395,395.0,0.487654,0.517016,1705,0.691769,810,0.895833,0.336014,,,,,,,,,,,,,,,,,,,,,,,,,,,,,0.558669,319.0,0.083333,0.004236,,,,,48,,748.75,176,571,layer5_order_arrival_manifest_v1,True,586.0,143,,,,,,,,,,,,,,,,,,,,,,,,,,,,,,,,,,,,,,,,,54.0,764,0.25,0.099264,physical_only_legacy,12995,18,7,2.0892,1.0,0.0993,901.25,,4.7851
map20_r48_s4,mid,943,PhaseC,1500,canonical_bfs_service_cell_v1,740,6.1189,4528,1500,97.9432,34.93283231564114,3.0514,48.945514325974635,0.1248,164.75,516,516.0,1.088608,1.270936,2129,0.903678,474,0.6875,0.135292,740,,,,,,,,,,,,,combo,,,,,,,,,,,off,,0,0.0,0.122592,70.0,0.083333,0.007514,long_risk_6d_quantile_combo_v2,1497,4528,24.9492,48,all_idle,480.6,55,571,layer5_order_arrival_manifest_v1,True,483.6,15,,,,,,,,,,,,,,,,,,,,,,,,,,,,,,,0,0,4528,1.08732,0.461394,0.032166,0.468115,0.793268,0.863374,0.964049,31.6,406,0.3125,0.057111,physical_only_legacy,5501,17,7,1.5536,1.0,0.0571,582.37,3,4.4844
map20_r48_s4,mid,943,ComboS1J1,1500,canonical_bfs_service_cell_v1,530,6.2094,3291,1500,122.7148,30.648395721925134,2.9482,44.780080213903744,0.1146,200.8,337,337.0,0.35251,0.363147,1496,0.590193,956,0.979167,0.437028,530,0.0,196,0.3698,530,0.380108,0.0075,4,0.694289,11.249301,50,-1.277983,0.208797,combo,0.0,0,0.0,0,0.0,0.0,0.0,0.0,0,530,conversion,0.0,0,0.0,0.767075,438.0,0.083333,0.005639,long_risk_6d_quantile_combo_v2,1497,3291,25.3448,48,all_idle,801.6,234,571,layer5_order_arrival_manifest_v1,True,643.4,204,0.6045010064246356,False,0.7665870408576577,4004,6254,False,True,1065,24.963261707392938,False,True,-0.17299875433846856,j_ascending,False,1497,624,78,80,2.8303273213092854,WorldModelTaskAssigner.select_robots_unmodified,s1_within_context,True,phase_c_psi_dispatch_v1,0.6855440236411376,0.6425655428287408,4.177688710754843,0,0,0.3825249957765992,1.7267605633802816,0,0,3291,1.028576,0.447835,0.036694,0.440632,0.842553,0.905256,0.964511,63.7333,928,0.25,0.121542,physical_only_legacy,17950,19,7,2.4682,1.0,0.1215,1411.9,3,4.9444
map20_r48_s4,mid,944,Greedy,1500,,,,,,,25.884665792922675,2.4792,40.12581913499345,0.1019,367.8,153,153.0,0.119906,0.121236,763,0.365155,1276,1.0,0.707292,,,,,,,,,,,,,,,,,,,,,,,,,,,,,1.188544,498.0,0.083333,0.002097,,,,,48,,1211.0,266,419,layer5_order_arrival_manifest_v1,False,893.8,232,,,,,,,,,,,,,,,,,,,,,,,,,,,,,,,,,,,,,,,,,85.0667,1262,0.1875,0.120958,physical_only_legacy,33698,20,7,3.3333,1.0,0.121,1129.95,,5.1291
map20_r48_s4,mid,944,Hungarian,1500,,,,,,,25.810894141829394,2.75,39.31551901336074,0.1319,139.95,402,402.0,1.923445,2.644737,1946,0.959427,209,0.1875,0.022472,,,,,,,,,,,,,,,,,,,,,,,,,,,,,0.040573,17.0,0.104167,0.004528,,,,,48,,84.0,17,419,layer5_order_arrival_manifest_v1,True,0.0,0,,,,,,,,,,,,,,,,,,,,,,,,,,,,,,,,,,,,,,,,,13.9333,152,0.166667,0.012958,physical_only_legacy,1860,18,7,1.0056,1.0,0.013,53.77,,4.0227
map20_r48_s4,mid,944,JSQ,1500,,,,,,,25.516959064327484,2.4591,40.37777777777778,0.1126,201.8,153,153.0,0.119906,0.121236,855,0.365155,1276,0.979167,0.679792,,,,,,,,,,,,,,,,,,,,,,,,,,,,,1.195704,501.0,0.083333,0.002111,,,,,48,,1211.0,266,419,layer5_order_arrival_manifest_v1,True,974.4,235,,,,,,,,,,,,,,,,,,,,,,,,,,,,,,,,,,,,,,,,,85.0667,1262,0.1875,0.121056,physical_only_legacy,31708,20,7,3.1983,1.0,0.1211,1149.27,,5.0624
map20_r48_s4,mid,944,PhaseC,1500,canonical_bfs_service_cell_v1,263,9.2281,2427,1500,51.3552,31.41235632183908,2.845,45.58620689655172,0.1286,183.75,150,150.0,0.123457,0.125628,696,0.357995,1215,1.0,0.688431,263,,,,,,,,,,,,,combo,,,,,,,,,,,off,,0,0.0,1.202864,504.0,0.104167,0.004472,long_risk_6d_quantile_combo_v2,1497,2427,25.0397,48,all_idle,1114.4,269,419,layer5_order_arrival_manifest_v1,True,893.2,235,,,,,,,,,,,,,,,,,,,,,,,,,,,,,,,0,0,2427,1.037776,0.37299,0.032872,0.270328,0.819345,0.901014,0.972473,81.0,1194,0.229167,0.143597,physical_only_legacy,24033,19,7,2.4956,1.0,0.1436,1472.08,3,4.9424
map20_r48_s4,mid,944,ComboS1J1,1500,canonical_bfs_service_cell_v1,662,19.5952,12972,1500,262.9371,24.909137577002053,2.6076,38.5082135523614,0.1358,148.1,404,404.0,2.711409,3.284553,1948,0.9642,149,0.208333,0.017944,662,0.0,134,0.2024,662,0.206351,0.0091,6,0.630116,6.099388,50,-2.976377,0.211053,combo,0.0,0,0.0,0,0.0,0.0,0.0,0.0,0,662,conversion,0.0,0,0.0,0.0358,15.0,0.083333,0.004014,long_risk_6d_quantile_combo_v2,1497,12972,25.0276,48,all_idle,61.2,15,419,layer5_order_arrival_manifest_v1,True,0.0,0,0.015288330560544959,False,0.22211564790631338,9,664,False,True,418,25.310692310547143,False,True,0.08969413543832326,j_ascending,False,1497,2,0,0,19.470941883767534,WorldModelTaskAssigner.select_robots_unmodified,s1_within_context,True,phase_c_psi_dispatch_v1,0.11870198923342933,0.1962607767494642,0.44355377421509684,0,0,0.22053147259403963,1.0119617224880382,0,0,12972,0.978604,0.318703,0.023055,0.290876,0.518775,0.628035,0.879808,9.9333,123,0.166667,0.01275,physical_only_legacy,1436,19,7,0.9429,1.0,0.0127,448.93,3,3.9238
map20_r48_s4,mid,945,Greedy,1500,,,,,,,34.331172339276065,3.0665,48.79524581307401,0.1228,184.55,410,410.0,0.575035,0.607407,1851,0.823293,713,0.979167,0.259458,,,,,,,,,,,,,,,,,,,,,,,,,,,,,0.279116,139.0,0.104167,0.008486,,,,,48,,563.6,88,498,layer5_order_arrival_manifest_v1,False,258.0,51,,,,,,,,,,,,,,,,,,,,,,,,,,,,,,,,,,,,,,,,,47.5333,675,0.291667,0.097431,physical_only_legacy,10470,20,7,2.0021,1.0,0.0974,717.65,,4.7545
map20_r48_s4,mid,945,Hungarian,1500,,,,,,,32.11873990306947,2.9991,45.96284329563812,0.1359,299.95,184,184.0,0.172932,0.176583,1238,0.369478,1064,1.0,0.540944,,,,,,,,,,,,,,,,,,,,,,,,,,,,,1.240964,618.0,0.083333,0.004764,,,,,48,,1045.6,314,498,layer5_order_arrival_manifest_v1,True,1003.4,304,,,,,,,,,,,,,,,,,,,,,,,,,,,,,,,,,,,,,,,,,70.9333,1042,0.270833,0.143208,physical_only_legacy,23544,20,7,2.863,1.0,0.1432,993.9,,5.2102
map20_r48_s4,mid,945,JSQ,1500,,,,,,,27.20275439938791,2.6067,41.26472838561592,0.1115,185.05,280,280.0,0.286299,0.289855,1307,0.562249,978,1.0,0.502458,,,,,,,,,,,,,,,,,,,,,,,,,,,,,0.809237,403.0,0.0625,0.002069,,,,,48,,933.2,218,498,layer5_order_arrival_manifest_v1,True,675.2,185,,,,,,,,,,,,,,,,,,,,,,,,,,,,,,,,,,,,,,,,,65.2,966,0.270833,0.145208,physical_only_legacy,19696,19,7,2.5953,1.0,0.1452,1162.9,,4.8577
map20_r48_s4,mid,945,PhaseC,1500,canonical_bfs_service_cell_v1,635,6.5622,4167,1500,88.6522,33.266998341625204,2.9625,47.5599778883361,0.1298,181.0,400,400.0,0.566572,0.597015,1809,0.803213,706,0.958333,0.260806,635,,,,,,,,,,,,,combo,,,,,,,,,,,off,,0,0.0,0.323293,161.0,0.125,0.007972,long_risk_6d_quantile_combo_v2,1497,4167,24.8177,48,all_idle,593.45,98,498,layer5_order_arrival_manifest_v1,True,311.6,63,,,,,,,,,,,,,,,,,,,,,,,,,,,,,,,0,0,4167,1.051513,0.468926,0.032111,0.480687,0.825223,0.883491,0.970596,47.0667,670,0.229167,0.079819,physical_only_legacy,11381,19,7,2.0393,1.0,0.0798,635.75,3,4.7105
map20_r48_s4,mid,945,ComboS1J1,1500,canonical_bfs_service_cell_v1,546,6.1538,3360,1500,110.7109,31.601294498381876,2.9211,45.632362459546925,0.1337,179.4,333,333.0,0.358836,0.373737,1545,0.668675,928,0.9375,0.395514,546,0.0,188,0.3443,546,0.354974,0.0092,5,0.710497,11.574304,50,-1.300436,0.231831,combo,0.0,0,0.0,0,0.0,0.0,0.0,0.0,0,546,conversion,0.0,0,0.0,0.600402,299.0,0.083333,0.005917,long_risk_6d_quantile_combo_v2,1497,3360,24.9919,48,all_idle,771.6,165,498,layer5_order_arrival_manifest_v1,True,576.2,134,0.5299958621846975,False,0.7098620198557345,4074,5148,False,True,976,24.655654732534877,False,True,-0.13757675932062136,j_ascending,False,1497,593,68,71,3.4542418169672677,WorldModelTaskAssigner.select_robots_unmodified,s1_within_context,True,phase_c_psi_dispatch_v1,0.6199289410202157,0.5658876725567307,3.438877755511022,0,0,0.3988166908424553,1.8278688524590163,0,0,3360,1.083387,0.476577,0.032111,0.491971,0.876416,0.933983,0.994231,61.8667,891,0.166667,0.085014,physical_only_legacy,18423,18,7,2.3477,1.0,0.085,790.89,3,4.8531
map20_r48_s4,mid,946,Greedy,1500,,,,,,,39.68859060402684,3.3017,53.805816554809844,0.1302,205.0,531,531.0,0.874794,1.125,2235,0.928322,607,0.666667,0.071153,,,,,,,,,,,,,,,,,,,,,,,,,,,,,0.078671,45.0,0.083333,0.009444,,,,,48,,156.0,41,572,layer5_order_arrival_manifest_v1,False,72.4,4,,,,,,,,,,,,,,,,,,,,,,,,,,,,,,,,,,,,,,,,,40.4667,472,0.270833,0.034694,physical_only_legacy,5236,20,7,1.6023,1.0,0.0347,207.17,,4.6169
map20_r48_s4,mid,946,Hungarian,1500,,,,,,,34.024445707788516,3.2061,48.10346787947697,0.1202,169.3,435,435.0,0.560567,0.615276,1759,0.76049,776,1.0,0.306569,,,,,,,,,,,,,,,,,,,,,,,,,,,,,0.407343,233.0,0.104167,0.00725,,,,,48,,606.4,137,572,layer5_order_arrival_manifest_v1,True,292.0,96,,,,,,,,,,,,,,,,,,,,,,,,,,,,,,,,,,,,,,,,,51.7333,707,0.25,0.107056,physical_only_legacy,12366,20,7,2.2021,1.0,0.1071,943.43,,4.9314
map20_r48_s4,mid,946,JSQ,1500,,,,,,,30.07250755287009,2.935,44.85271903323263,0.1312,170.0,306,306.0,0.278182,0.288952,1324,0.534965,1100,0.916667,0.496319,,,,,,,,,,,,,,,,,,,,,,,,,,,,,0.872378,499.0,0.104167,0.004292,,,,,48,,915.75,266,572,layer5_order_arrival_manifest_v1,True,711.4,233,,,,,,,,,,,,,,,,,,,,,,,,,,,,,,,,,,,,,,,,,73.3333,1059,0.229167,0.115319,physical_only_legacy,21728,19,7,2.6582,1.0,0.1153,948.36,,5.0431
map20_r48_s4,mid,946,PhaseC,1500,canonical_bfs_service_cell_v1,769,6.2224,4785,1500,103.7944,37.412906137184116,3.3275,51.73601083032491,0.133,248.3,535,535.0,1.140725,1.783333,2216,0.935315,469,0.229167,0.057069,769,,,,,,,,,,,,,combo,,,,,,,,,,,off,,0,0.0,0.066434,38.0,0.083333,0.009222,long_risk_6d_quantile_combo_v2,1497,4785,25.0626,48,all_idle,377.6,37,572,layer5_order_arrival_manifest_v1,True,10.0,1,,,,,,,,,,,,,,,,,,,,,,,,,,,,,,,0,0,4785,1.085033,0.588277,0.017344,0.686248,0.893185,0.942154,0.997621,31.2667,300,0.229167,0.040931,physical_only_legacy,3767,20,7,1.4812,1.0,0.0409,520.89,3,4.5783
map20_r48_s4,mid,946,ComboS1J1,1500,canonical_bfs_service_cell_v1,414,4.9758,2060,1500,110.4541,29.635571054925894,2.8984,44.36530078465562,0.1223,203.25,244,244.0,0.207483,0.212174,1147,0.426573,1176,1.0,0.589583,414,0.0,119,0.2874,414,0.302484,0.0048,2,0.716683,11.871251,50,-0.847912,0.231982,combo,0.0,0,0.0,0,0.0,0.0,0.0,0.0,0,414,conversion,0.0,0,0.0,1.089161,623.0,0.083333,0.003736,long_risk_6d_quantile_combo_v2,1497,2060,24.9478,48,all_idle,1064.65,328,572,layer5_order_arrival_manifest_v1,True,908.9,295,0.7024851017138376,False,0.8575057069831913,9669,11197,False,True,1218,24.633325213545014,False,True,-0.23099058509965892,j_ascending,False,1497,932,101,102,1.3500334001336005,WorldModelTaskAssigner.select_robots_unmodified,s1_within_context,True,phase_c_psi_dispatch_v1,0.7799954043484634,0.6490338285557338,7.479625918503674,0,0,0.4489758099418746,2.0229885057471266,0,0,2060,1.038985,0.391755,0.032879,0.231819,0.850871,0.897062,0.955641,78.4,1150,0.145833,0.095833,physical_only_legacy,28505,17,7,2.9335,1.0,0.0958,1006.68,3,5.134
map20_r48_s4,mid,947,Greedy,1500,,,,,,,31.15616045845272,2.9247,45.11031518624642,0.0993,192.9,147,147.0,0.115023,0.119609,698,0.335616,1278,1.0,0.717319,,,,,,,,,,,,,,,,,,,,,,,,,,,,,1.253425,549.0,0.083333,0.004861,,,,,48,,1148.0,291,438,layer5_order_arrival_manifest_v1,False,980.6,258,,,,,,,,,,,,,,,,,,,,,,,,,,,,,,,,,,,,,,,,,85.2,1229,0.291667,0.207847,physical_only_legacy,20871,22,7,2.6914,1.0,0.2078,2034.8,,5.1152
map20_r48_s4,mid,947,Hungarian,1500,,,,,,,29.78113663845224,2.8736,44.270858524788395,0.1205,165.5,163,163.0,0.126553,0.128145,827,0.372146,1288,1.0,0.690708,,,,,,,,,,,,,,,,,,,,,,,,,,,,,1.194064,523.0,0.083333,0.003917,,,,,48,,1132.1,275,438,layer5_order_arrival_manifest_v1,True,954.6,248,,,,,,,,,,,,,,,,,,,,,,,,,,,,,,,,,,,,,,,,,85.8667,1272,0.229167,0.149625,physical_only_legacy,31206,19,7,3.2727,1.0,0.1496,1042.05,,5.3433
map20_r48_s4,mid,947,JSQ,1500,,,,,,,29.740473738414007,3.1254,43.59165808444902,0.1425,216.0,426,426.0,1.5053,2.315217,1942,0.972603,283,0.25,0.034972,,,,,,,,,,,,,,,,,,,,,,,,,,,,,0.027397,12.0,0.083333,0.005389,,,,,48,,59.6,12,438,layer5_order_arrival_manifest_v1,True,0.0,0,,,,,,,,,,,,,,,,,,,,,,,,,,,,,,,,,,,,,,,,,18.8667,184,0.270833,0.028764,physical_only_legacy,2119,21,7,1.1462,1.0,0.0288,127.93,,4.3071
map20_r48_s4,mid,947,PhaseC,1500,canonical_bfs_service_cell_v1,662,17.4245,11535,1500,228.0443,27.49923273657289,2.9111,41.67058823529412,0.1388,148.0,427,427.0,2.385475,3.528926,1955,0.974886,179,0.208333,0.020694,662,,,,,,,,,,,,,combo,,,,,,,,,,,off,,0,0.0,0.025114,11.0,0.104167,0.005167,long_risk_6d_quantile_combo_v2,1497,11535,24.9773,48,all_idle,48.0,11,438,layer5_order_arrival_manifest_v1,True,0.0,0,,,,,,,,,,,,,,,,,,,,,,,,,,,,,,,0,0,11535,0.997069,0.363151,0.026888,0.331428,0.632202,0.71343,0.86744,11.9333,121,0.145833,0.015583,physical_only_legacy,1793,16,7,1.0166,1.0,0.0156,417.15,3,4.1182
map20_r48_s4,mid,947,ComboS1J1,1500,canonical_bfs_service_cell_v1,301,6.5083,1959,1500,102.5012,26.82565379825654,2.6806,42.029887920298876,0.1264,199.55,164,164.0,0.131305,0.13355,803,0.374429,1249,0.958333,0.703514,301,0.0,167,0.5548,301,0.524499,0.0033,1,0.731054,14.208841,50,-0.970419,0.217069,combo,0.0,0,0.0,0,0.0,0.0,0.0,0.0,0,301,conversion,0.0,0,0.0,1.184932,519.0,0.083333,0.002181,long_risk_6d_quantile_combo_v2,1497,1959,25.0365,48,all_idle,1226.8,274,438,layer5_order_arrival_manifest_v1,True,1061.6,245,0.7331125675394637,False,0.823758486558848,11442,12868,False,True,1307,24.434646067096242,False,True,-0.38389432134120577,j_ascending,False,1497,1108,85,88,1.362057448229793,WorldModelTaskAssigner.select_robots_unmodified,s1_within_context,True,phase_c_psi_dispatch_v1,0.7784355270491792,0.40937201705806703,8.595858383433534,0,0,0.3797103943578832,2.534812547819434,0,0,1959,1.148025,0.379097,0.031746,0.195485,0.919854,0.988393,1.054112,83.2667,1228,0.270833,0.201389,physical_only_legacy,27563,17,7,3.0424,1.0,0.2014,2402.63,3,5.1893
map20_r48_s4,mid,948,Greedy,1500,,,,,,,26.925659472422062,2.5397,40.146282973621105,0.0699,150.4,87,87.0,0.06478,0.065364,417,0.202326,1343,1.0,0.840375,,,,,,,,,,,,,,,,,,,,,,,,,,,,,1.513953,651.0,0.0625,0.002069,,,,,48,,1324.6,343,430,layer5_order_arrival_manifest_v1,False,1170.6,308,,,,,,,,,,,,,,,,,,,,,,,,,,,,,,,,,,,,,,,,,89.5333,1331,0.291667,0.235403,physical_only_legacy,24045,20,7,2.9213,1.0,0.2354,1852.5,,5.0358
map20_r48_s4,mid,948,Hungarian,1500,,,,,,,24.55268022181146,2.3893,38.06099815157116,0.1343,142.0,121,121.0,0.089829,0.090705,541,0.281395,1347,1.0,0.816208,,,,,,,,,,,,,,,,,,,,,,,,,,,,,1.351163,581.0,0.083333,0.002028,,,,,48,,1330.0,309,430,layer5_order_arrival_manifest_v1,True,1045.8,272,,,,,,,,,,,,,,,,,,,,,,,,,,,,,,,,,,,,,,,,,89.8,1334,0.25,0.202903,physical_only_legacy,34583,21,7,3.7256,1.0,0.2029,1398.3,,5.3946
map20_r48_s4,mid,948,JSQ,1500,,,,,,,26.182240578213733,2.8918,39.50232318017553,0.1374,179.4,417,417.0,1.912844,2.085,1937,0.969767,218,0.333333,0.033931,,,,,,,,,,,,,,,,,,,,,,,,,,,,,0.030233,13.0,0.083333,0.005167,,,,,48,,65.6,13,430,layer5_order_arrival_manifest_v1,True,0.0,0,,,,,,,,,,,,,,,,,,,,,,,,,,,,,,,,,,,,,,,,,14.5333,200,0.25,0.018361,physical_only_legacy,2322,20,7,1.0435,1.0,0.0184,81.75,,4.1234
map20_r48_s4,mid,948,PhaseC,1500,canonical_bfs_service_cell_v1,644,20.5994,13266,1500,259.531,24.61849710982659,2.6963,38.29479768786127,0.1381,170.5,416,416.0,2.461538,3.175573,1903,0.967442,169,0.270833,0.020486,644,,,,,,,,,,,,,combo,,,,,,,,,,,off,,0,0.0,0.032558,14.0,0.083333,0.003167,long_risk_6d_quantile_combo_v2,1497,13266,24.9034,48,all_idle,65.4,14,430,layer5_order_arrival_manifest_v1,True,0.0,0,,,,,,,,,,,,,,,,,,,,,,,,,,,,,,,0,0,13266,1.069406,0.306255,-0.073706,0.262502,0.582201,0.745867,0.962509,11.2667,131,0.208333,0.011917,physical_only_legacy,1600,20,7,0.9382,1.0,0.0119,456.03,3,3.9673
map20_r48_s4,mid,948,ComboS1J1,1500,canonical_bfs_service_cell_v1,233,8.133,1895,1500,91.2473,25.920661157024792,2.5128,39.864462809917356,0.0862,165.0,141,141.0,0.107881,0.109813,605,0.327907,1307,1.0,0.762778,233,0.0,107,0.4592,233,0.467554,0.0043,1,0.721135,11.834729,50,-1.322342,0.357246,combo,0.0,0,0.0,0,0.0,0.0,0.0,0.0,0,233,conversion,0.0,0,0.0,1.253488,539.0,0.083333,0.002819,long_risk_6d_quantile_combo_v2,1497,1895,24.7874,48,all_idle,1294.4,289,430,layer5_order_arrival_manifest_v1,True,1014.2,250,0.8170546820113581,False,0.7916949464998027,8866,9680,False,True,1149,24.40829488495,False,True,-0.2981798740374441,j_ascending,False,1497,960,12,12,1.5444221776887108,WorldModelTaskAssigner.select_robots_unmodified,s1_within_context,True,phase_c_psi_dispatch_v1,0.8043748142555861,0.6069533114500483,6.46626586506346,0,0,0.40543656898623964,2.8920800696257616,0,0,1895,1.059746,0.351905,-0.073706,0.212309,0.906476,0.949214,1.013966,87.1333,1284,0.291667,0.220667,physical_only_legacy,21485,20,7,2.8583,1.0,0.2207,2362.44,3,4.9924
map20_r48_s4,mid,949,Greedy,1500,,,,,,,34.78963684676705,3.1158,48.7555358724535,0.126,173.0,521,521.0,1.130152,1.261501,2258,0.9254,461,0.604167,0.097139,,,,,,,,,,,,,,,,,,,,,,,,,,,,,0.094139,53.0,0.104167,0.009028,,,,,48,,344.95,42,563,layer5_order_arrival_manifest_v1,False,319.5,11,,,,,,,,,,,,,,,,,,,,,,,,,,,,,,,,,,,,,,,,,30.7333,413,0.1875,0.036181,physical_only_legacy,5235,20,7,1.5133,1.0,0.0362,211.92,,4.4767
map20_r48_s4,mid,949,Hungarian,1500,,,,,,,23.91186440677966,2.3388,37.09152542372881,0.1124,125.0,214,214.0,0.177593,0.179229,885,0.380107,1205,1.0,0.685264,,,,,,,,,,,,,,,,,,,,,,,,,,,,,1.172291,660.0,0.083333,0.002403,,,,,48,,1076.8,349,563,layer5_order_arrival_manifest_v1,True,870.0,311,,,,,,,,,,,,,,,,,,,,,,,,,,,,,,,,,,,,,,,,,80.3333,1194,0.166667,0.101514,physical_only_legacy,33279,16,7,3.281,1.0,0.1015,752.4,,5.0238
map20_r48_s4,mid,949,JSQ,1500,,,,,,,30.4013357619915,2.8188,44.131754705525196,0.1151,153.05,380,380.0,0.46798,0.493506,1647,0.674956,812,0.958333,0.365306,,,,,,,,,,,,,,,,,,,,,,,,,,,,,0.582593,328.0,0.125,0.006583,,,,,48,,766.8,183,563,layer5_order_arrival_manifest_v1,True,551.8,145,,,,,,,,,,,,,,,,,,,,,,,,,,,,,,,,,,,,,,,,,54.1333,770,0.375,0.119194,physical_only_legacy,13771,18,7,2.1985,1.0,0.1192,867.54,,4.743
map20_r48_s4,mid,949,PhaseC,1500,canonical_bfs_service_cell_v1,595,6.7412,4011,1500,85.5693,29.157988165680475,2.7709,42.93727810650888,0.1187,177.0,381,381.0,0.490979,0.499345,1690,0.676732,776,1.0,0.358764,595,,,,,,,,,,,,,combo,,,,,,,,,,,off,,0,0.0,0.582593,328.0,0.083333,0.004222,long_risk_6d_quantile_combo_v2,1497,4011,24.8165,48,all_idle,755.7,182,563,layer5_order_arrival_manifest_v1,True,549.75,146,,,,,,,,,,,,,,,,,,,,,,,,,,,,,,,0,0,4011,1.098183,0.515723,0.030596,0.549875,0.853517,0.911515,0.978041,51.7333,763,0.270833,0.118028,physical_only_legacy,13119,19,7,2.183,1.0,0.118,964.22,3,4.7136
map20_r48_s4,mid,949,ComboS1J1,1500,canonical_bfs_service_cell_v1,800,8.0312,6425,1500,144.3556,33.40597014925373,2.8266,47.47974413646055,0.129,164.0,544,544.0,3.090909,5.726316,2345,0.966252,176,0.1875,0.023319,800,0.0,198,0.2475,800,0.262294,0.0075,6,0.655863,9.414043,50,-1.846701,0.297852,combo,0.0,0,0.0,0,0.0,0.0,0.0,0.0,0,800,conversion,0.0,0,0.0,0.033748,19.0,0.0625,0.005403,long_risk_6d_quantile_combo_v2,1497,6425,24.9504,48,all_idle,60.8,19,563,layer5_order_arrival_manifest_v1,True,0.0,0,0.03953096622677366,False,0.2408736335962395,55,876,False,True,575,25.02110280096531,False,True,0.08072586707720428,j_ascending,False,1497,23,2,2,6.953239812959252,WorldModelTaskAssigner.select_robots_unmodified,s1_within_context,True,phase_c_psi_dispatch_v1,0.14020229991150646,0.23288206215182397,0.5851703406813628,0,0,0.20897427182559553,1.0782608695652174,0,0,6425,1.031626,0.489036,0.030596,0.483708,0.786041,0.849254,0.927173,11.7333,95,0.208333,0.016625,physical_only_legacy,2295,18,7,1.2627,1.0,0.0166,304.58,3,4.1902
